replicate,raw_ability_elo,raw_mean_holes,raw_mean_max_height,raw_mean_bumpiness,raw_line_clear_rate,raw_lines_cleared,raw_placements_observed,z_hole_management,z_height_management,z_surface_management,primary_weakness,secondary_weakness,top_two_margin,confidence,mixed,selected_tutorial
0,1500.0,33.825,12.375,19.05,0.05,2,40,0.7197434691293788,0.8722611180527866,0.2729452493984057,height_management,hole_management,0.1525176489234078,low/mixed,True,stack_height
1,1500.0,38.9,12.1,17.025,0.0,0,40,1.829880608331686,0.5373615613833047,-0.3957448133999564,hole_management,height_management,1.2925190469483814,high,False,hole_avoidance
2,1500.0,29.55,10.85,13.55,0.0,0,40,-0.2153966826124675,-0.9849091507507024,-1.54324998289344,hole_management,height_management,0.7695124681382349,high,False,hole_avoidance
3,1500.0,32.45,11.625,15.925,0.0,0,40,0.4189673969317091,-0.04110130922761759,-0.7589838598583248,hole_management,height_management,0.46006870615932666,moderate,False,hole_avoidance
4,1500.0,24.35,10.925,24.725,0.0,0,40,-1.3528771011054728,-0.8935729080226607,2.1469285118086288,surface_management,height_management,3.0405014198312896,high,False,bumpiness
5,1500.0,27.9,11.2,18.175,0.0,0,40,-0.5763279692496717,-0.5586733513531809,-0.015994901193478853,surface_management,height_management,0.542678450159702,moderate,False,bumpiness
6,1500.0,34.55,12.575,22.725,0.0,0,40,0.8783344890154215,1.115824431994227,1.486493881884321,surface_management,height_management,0.370669449890094,moderate,False,bumpiness
7,1500.0,31.475,12.15,21.35,0.0,0,40,0.20568981846427026,0.5982523898686658,1.0324450738113595,surface_management,height_management,0.4341926839426937,moderate,False,bumpiness
8,1500.0,30.2,11.35,19.275,0.0,0,40,-0.07321163030084213,-0.3760008658970996,0.34724414526488956,surface_management,hole_management,0.42045577556573166,moderate,False,bumpiness
9,1500.0,36.075,12.4,16.875,0.0,0,40,1.2119224963619293,0.9027065322954673,-0.445277410644279,hole_management,height_management,0.309215964066462,low/mixed,True,hole_avoidance
10,1500.0,24.75,11.2,22.925,0.0,0,40,-1.265378607375242,-0.5586733513531809,1.5525373448767514,surface_management,height_management,2.111210696229932,high,False,bumpiness
11,1500.0,41.75,12.675,15.925,0.05,2,40,2.4533073761595836,1.2376060889649492,-0.7589838598583248,hole_management,height_management,1.2157012871946344,high,False,hole_avoidance
12,1500.0,34.45,12.3,17.65,0.0,0,40,0.856459865582865,0.7809248753247471,-0.18935899154861027,hole_management,height_management,0.07553499025811794,low/mixed,True,hole_avoidance
13,1500.0,31.05,13.25,16.775,0.0,0,40,0.11272266887589946,1.9378506165465916,-0.47829914214049485,height_management,hole_management,1.825127947670692,high,False,stack_height
14,1500.0,33.95,12.0,15.1,0.0,0,40,0.747086748420076,0.4155799044125845,-1.031413144702102,hole_management,height_management,0.33150684400749153,low/mixed,True,hole_avoidance
15,1500.0,24.975,10.325,17.3,0.0,0,40,-1.2161607046519867,-1.6242628498469858,-0.3049350517853634,surface_management,hole_management,0.9112256528666233,high,False,bumpiness
16,1500.0,29.4,11.2,15.6,0.0,0,40,-0.24820861776130465,-0.5586733513531809,-0.8663044872210252,hole_management,height_management,0.3104647335918762,low/mixed,True,hole_avoidance
17,1500.0,30.525,12.25,22.125,0.0,0,40,-0.002119104145029441,0.720034046839386,1.2883634929070282,surface_management,height_management,0.5683294460676422,moderate,False,bumpiness
18,1500.0,33.2,12.875,21.35,0.0,0,40,0.5830270726758926,1.4811694029063895,1.0324450738113595,height_management,surface_management,0.44872432909503,moderate,False,stack_height
19,1500.0,42.3,13.225,20.65,0.0,0,40,2.573617805038651,1.907405202303911,0.801292953337851,hole_management,height_management,0.6662126027347399,moderate,False,hole_avoidance
20,1500.0,33.0,12.125,20.125,0.0,0,40,0.5392778258107763,0.5678069756259853,0.6279288629827208,surface_management,height_management,0.060121887356735515,low/mixed,True,bumpiness
21,1500.0,24.0,11.225,16.675,0.0,0,40,-1.4294382831194254,-0.5282279371105003,-0.5113208736367095,surface_management,height_management,0.016907063473790784,low/mixed,True,bumpiness
22,1500.0,39.8,13.3,15.375,0.05,2,40,2.026752219224706,1.9987414450319527,-0.9406033830875097,hole_management,height_management,0.02801077419275333,low/mixed,True,hole_avoidance
23,1500.0,27.925,11.85,17.925,0.0,0,40,-0.5708593133915317,0.23290741895650324,-0.0985492299340173,height_management,surface_management,0.3314566488905205,low/mixed,True,stack_height
24,1500.0,24.0,11.475,25.525,0.025,1,40,-1.4294382831194254,-0.22377379468369887,2.4111023637783506,surface_management,height_management,2.6348761584620495,high,False,bumpiness
25,1500.0,32.35,13.3,20.125,0.0,0,40,0.397092773499151,1.9987414450319527,0.6279288629827208,height_management,surface_management,1.3708125820492318,high,False,stack_height
26,1500.0,27.925,11.475,17.975,0.0,0,40,-0.5708593133915317,-0.22377379468369887,-0.08203836418590937,surface_management,height_management,0.1417354304977895,low/mixed,True,bumpiness
27,1500.0,25.85,11.8,17.275,0.0,0,40,-1.0247577496171059,0.17201659047114426,-0.31319048465941796,height_management,surface_management,0.4852070751305622,moderate,False,stack_height
28,1500.0,25.8,11.05,16.425,0.0,0,40,-1.0356950613333848,-0.7413458368092599,-0.5938752023772479,surface_management,height_management,0.14747063443201203,low/mixed,True,bumpiness
29,1500.0,40.75,12.875,19.25,0.0,0,40,2.2345611418340057,1.4811694029063895,0.3389887123908362,hole_management,height_management,0.7533917389276161,high,False,hole_avoidance
30,1500.0,24.05,10.875,18.725,0.0,0,40,-1.4185009714031465,-0.9544637365080219,0.16562462203570597,surface_management,height_management,1.1200883585437278,high,False,bumpiness
31,1500.0,32.725,12.375,24.925,0.025,1,40,0.47912261137124273,0.8722611180527866,2.212971974801059,surface_management,height_management,1.3407108567482724,high,False,bumpiness
32,1500.0,32.85,12.25,18.625,0.0,0,40,0.5064658906619399,0.720034046839386,0.13260289053949012,height_management,hole_management,0.21356815617744607,low/mixed,True,stack_height
33,1500.0,31.4,13.575,17.875,0.025,1,40,0.18928385088985128,2.3336410017014324,-0.11506009568212522,height_management,hole_management,2.1443571508115813,high,False,stack_height
34,1500.0,26.0,11.7,21.075,0.0,0,40,-0.9919458144682695,0.05023493350042197,0.9416353121967665,surface_management,height_management,0.8914003786963446,high,False,bumpiness
35,1500.0,23.875,11.15,18.95,0.0,0,40,-1.4567815624101226,-0.6195641798385398,0.23992351790218985,surface_management,height_management,0.8594876977407298,high,False,bumpiness
36,1500.0,37.675,12.1,21.3,0.0,0,40,1.5619164712828528,0.5373615613833047,1.0159342080632516,hole_management,surface_management,0.5459822632196012,moderate,False,hole_avoidance
37,1500.0,25.225,12.3,20.975,0.0,0,40,-1.1614741460705922,0.7809248753247471,0.908613580700552,surface_management,height_management,0.1276887053758049,low/mixed,True,bumpiness
38,1500.0,24.5,11.35,20.45,0.0,0,40,-1.3200651659566365,-0.3760008658970996,0.7352494903454205,surface_management,height_management,1.11125035624252,high,False,bumpiness
39,1500.0,36.0,12.075,16.025,0.0,0,40,1.1955165287875102,0.506916147140624,-0.7259621283621102,hole_management,height_management,0.6886003816468862,moderate,False,hole_avoidance
40,1500.0,33.55,10.625,10.95,0.0,0,40,0.6595882546898436,-1.2589178789348232,-2.40181500179504,hole_management,height_management,1.9185061336246667,high,False,hole_avoidance
41,1500.0,26.875,9.975,14.425,0.0,0,40,-0.8005428594333888,-2.050498649244507,-1.2543098323015556,hole_management,surface_management,0.4537669728681668,moderate,False,hole_avoidance
42,1500.0,32.9,12.875,21.925,0.0,0,40,0.5174032023782182,1.4811694029063895,1.2223200299145978,height_management,surface_management,0.2588493729917918,low/mixed,True,stack_height
43,1500.0,27.225,11.125,14.15,0.0,0,40,-0.7239816774194361,-0.6500095940812204,-1.3451195939161478,height_management,hole_management,0.0739720833382157,low/mixed,True,stack_height
44,1500.0,33.1,10.675,14.35,0.0,0,40,0.5611524492433345,-1.1980270504494621,-1.2790761309237173,hole_management,height_management,1.7591794996927965,high,False,hole_avoidance
45,1500.0,31.125,11.45,15.175,0.0,0,40,0.12912863645031766,-0.25421920892637945,-1.0066468460799403,hole_management,height_management,0.3833478453766971,moderate,False,hole_avoidance
46,1500.0,33.9,12.275,16.575,0.025,1,40,0.7361494367037962,0.7504794610820665,-0.5443426051329253,height_management,hole_management,0.014330024378270356,low/mixed,True,stack_height
47,1500.0,30.625,11.725,21.8,0.0,0,40,0.019755519287528667,0.08068034774310255,1.1810428655443286,surface_management,height_management,1.100362517801226,high,False,bumpiness
48,1500.0,34.3,10.9,14.825,0.0,0,40,0.8236479304340271,-0.9240183222653412,-1.1222229063166944,hole_management,height_management,1.7476662526993683,high,False,hole_avoidance
49,1500.0,29.45,11.25,14.825,0.0,0,40,-0.2372713060450256,-0.4977825228678197,-1.1222229063166944,hole_management,height_management,0.2605112168227941,low/mixed,True,hole_avoidance
50,1500.0,36.85,12.6,19.075,0.0,0,40,1.381450827964252,1.1462698462369074,0.2812006822724591,hole_management,height_management,0.23518098172734447,low/mixed,True,hole_avoidance
51,1500.0,33.8,10.925,15.5,0.0,0,40,0.7142748132712381,-0.8935729080226607,-0.8993262187172404,hole_management,height_management,1.6078477212938989,high,False,hole_avoidance
52,1500.0,25.55,11.125,16.75,0.0,0,40,-1.0903816199147793,-0.6500095940812204,-0.4865545750145482,surface_management,height_management,0.1634550190666722,low/mixed,True,bumpiness
53,1500.0,34.35,11.825,17.525,0.0,0,40,0.8345852421503069,0.20246200471382267,-0.2306361559188795,hole_management,height_management,0.6321232374364842,moderate,False,hole_avoidance
54,1500.0,29.025,11.675,13.625,0.0,0,40,-0.3302384556333964,0.019789519257743565,-1.5184836842712788,height_management,hole_management,0.35002797489113996,moderate,False,stack_height
55,1500.0,31.525,12.525,22.075,0.0,0,40,0.21662713018054852,1.054933603508868,1.2718526271589203,surface_management,height_management,0.21691902365005244,low/mixed,True,bumpiness
56,1500.0,31.45,11.75,18.7,0.0,0,40,0.20022116260613035,0.11112576198578313,0.1573691891616514,hole_management,surface_management,0.04285197344447894,low/mixed,True,hole_avoidance
57,1500.0,32.05,11.4,14.275,0.0,0,40,0.33146890320147665,-0.31511003741173843,-1.3038424295458786,hole_management,height_management,0.6465789406132151,moderate,False,hole_avoidance
58,1500.0,23.6,11.85,16.9,0.025,1,40,-1.5169367768496562,0.23290741895650324,-0.4370219777702256,height_management,surface_management,0.6699293967267288,moderate,False,stack_height
59,1500.0,31.15,11.225,18.6,0.0,0,40,0.1345972923084568,-0.5282279371105003,0.12434745766543673,hole_management,surface_management,0.010249834643020067,low/mixed,True,hole_avoidance
60,1500.0,29.5,12.025,18.225,0.0,0,40,-0.22633399432874657,0.4460253186552651,0.0005159645546290692,height_management,surface_management,0.4455093541006361,moderate,False,stack_height
61,1500.0,30.25,11.8,18.35,0.0,0,40,-0.062274318584563074,0.17201659047114426,0.04179312892489829,height_management,surface_management,0.13022346154624598,low/mixed,True,stack_height
62,1500.0,40.475,13.325,19.525,0.05,2,40,2.174405927394472,2.029186859274631,0.42979847400542803,hole_management,height_management,0.14521906811984087,low/mixed,True,hole_avoidance
63,1500.0,22.825,11.325,19.575,0.0,0,40,-1.6864651084519797,-0.4064462801397801,0.4463093397535359,surface_management,height_management,0.852755619893316,high,False,bumpiness
64,1500.0,34.2,12.15,14.175,0.025,1,40,0.8017733070014705,0.5982523898686658,-1.336864161042094,hole_management,height_management,0.20352091713280474,low/mixed,True,hole_avoidance
65,1500.0,36.5,12.4,15.175,0.0,0,40,1.3048896459502992,0.9027065322954673,-1.0066468460799403,hole_management,height_management,0.40218311365483195,moderate,False,hole_avoidance
66,1500.0,34.075,11.775,19.975,0.0,0,40,0.7744300277107733,0.14157117622846369,0.5783962657383982,hole_management,surface_management,0.1960337619723751,low/mixed,True,hole_avoidance
67,1500.0,35.45,11.55,16.125,0.0,0,40,1.075206099908443,-0.13243755195565715,-0.6929403968658943,hole_management,height_management,1.2076436518641,high,False,hole_avoidance
68,1500.0,27.975,10.675,17.725,0.0,0,40,-0.5599220016752526,-1.1980270504494621,-0.16459269292644782,surface_management,hole_management,0.3953293087488048,moderate,False,bumpiness
69,1500.0,24.7,10.2,16.25,0.0,0,40,-1.276315919091521,-1.7764899210603866,-0.6516632324956251,surface_management,hole_management,0.6246526865958959,moderate,False,bumpiness
70,1500.0,30.625,10.825,16.025,0.0,0,40,0.019755519287528667,-1.015354564993383,-0.7259621283621102,hole_management,surface_management,0.7457176476496388,moderate,False,hole_avoidance
71,1500.0,29.0,11.05,17.675,0.0,0,40,-0.33570711149153554,-0.7413458368092599,-0.18110355867455574,surface_management,hole_management,0.1546035528169798,low/mixed,True,bumpiness
72,1500.0,27.725,10.875,20.05,0.0,0,40,-0.6146085602566471,-0.9544637365080219,0.6031625643605595,surface_management,hole_management,1.2177711246172067,high,False,bumpiness
73,1500.0,44.0,13.425,16.975,0.025,1,40,2.945486403392134,2.1509685162453533,-0.41225567914806316,hole_management,height_management,0.7945178871467808,high,False,hole_avoidance
74,1500.0,34.975,11.7,14.575,0.0,0,40,0.9713016386037931,0.05023493350042197,-1.2047772350572328,hole_management,height_management,0.9210667051033712,high,False,hole_avoidance
75,1500.0,24.575,10.625,21.8,0.0,0,40,-1.3036591983822183,-1.2589178789348232,1.1810428655443286,surface_management,height_management,2.439960744479152,high,False,bumpiness
76,1500.0,38.675,11.175,14.775,0.0,0,40,1.7806627056084308,-0.5891187655958593,-1.1387337720648019,hole_management,height_management,2.36978147120429,high,False,hole_avoidance
77,1500.0,31.95,11.875,17.575,0.0,0,40,0.30959427976891934,0.26335283319918384,-0.2141252901707716,hole_management,height_management,0.0462414465697355,low/mixed,True,hole_avoidance
78,1500.0,28.35,11.575,15.375,0.0,0,40,-0.4778921638031609,-0.10199213771297873,-0.9406033830875097,height_management,hole_management,0.3759000260901822,moderate,False,stack_height
79,1500.0,30.275,11.225,17.75,0.0,0,40,-0.056805662726423935,-0.5282279371105003,-0.15633726005239443,hole_management,surface_management,0.0995315973259705,low/mixed,True,hole_avoidance
80,1500.0,34.25,11.775,18.35,0.0,0,40,0.8127106187177489,0.14157117622846369,0.04179312892489829,hole_management,height_management,0.6711394424892851,moderate,False,hole_avoidance
81,1500.0,37.95,13.2,18.475,0.0,0,40,1.622071685722388,1.8769597880612305,0.0830702932951675,height_management,hole_management,0.2548881023388425,low/mixed,True,stack_height
82,1500.0,27.425,12.7,19.875,0.0,0,40,-0.6802324305543207,1.2680515032076276,0.5453745342421823,height_management,surface_management,0.7226769689654453,moderate,False,stack_height
83,1500.0,31.4,11.125,15.475,0.0,0,40,0.18928385088985128,-0.6500095940812204,-0.9075816515912943,hole_management,height_management,0.8392934449710716,high,False,hole_avoidance
84,1500.0,27.2,12.1,19.75,0.0,0,40,-0.729450333277576,0.5373615613833047,0.5040973698719131,height_management,surface_management,0.033264191511391594,low/mixed,True,stack_height
85,1500.0,29.075,11.9,15.375,0.0,0,40,-0.31930114391711734,0.2937982474418644,-0.9406033830875097,height_management,hole_management,0.6130993913589817,moderate,False,stack_height
86,1500.0,33.25,12.325,20.4,0.0,0,40,0.5939643843921708,0.8113702895674255,0.7187386245973125,height_management,surface_management,0.09263166497011299,low/mixed,True,stack_height
87,1500.0,27.85,11.875,13.575,0.025,1,40,-0.5872652809659499,0.26335283319918384,-1.5349945500193867,height_management,hole_management,0.8506181141651337,high,False,stack_height
88,1500.0,32.725,10.775,17.0,0.0,0,40,0.47912261137124273,-1.076245393478742,-0.40400024627400977,hole_management,surface_management,0.8831228576452526,high,False,hole_avoidance
89,1500.0,30.2,11.375,13.15,0.0,0,40,-0.07321163030084213,-0.345555451654419,-1.6753369088783017,hole_management,height_management,0.2723438213535768,low/mixed,True,hole_avoidance
90,1500.0,34.025,12.3,20.425,0.0,0,40,0.7634927159944934,0.7809248753247471,0.7269940574713671,height_management,hole_management,0.01743215933025366,low/mixed,True,stack_height
91,1500.0,33.475,12.35,21.525,0.0,0,40,0.6431822871154262,0.8418157038101061,1.0902331039297355,surface_management,height_management,0.24841740011962943,low/mixed,True,bumpiness
92,1500.0,22.85,11.25,18.65,0.0,0,40,-1.6809964525938397,-0.4977825228678197,0.14085832341354348,surface_management,height_management,0.6386408462813632,moderate,False,bumpiness
93,1500.0,33.1,10.9,15.25,0.0,0,40,0.5611524492433345,-0.9240183222653412,-0.9818805474577789,hole_management,height_management,1.4851707715086757,high,False,hole_avoidance
94,1500.0,32.025,10.675,14.625,0.0,0,40,0.32600024734333755,-1.1980270504494621,-1.1882663693091249,hole_management,surface_management,1.5142666166524625,high,False,hole_avoidance
95,1500.0,27.725,11.175,14.75,0.0,0,40,-0.6146085602566471,-0.5891187655958593,-1.1469892049388557,height_management,hole_management,0.025489794660787823,low/mixed,True,stack_height
96,1500.0,34.775,12.375,24.7,0.0,0,40,0.927552391738677,0.8722611180527866,2.138673078934574,surface_management,hole_management,1.2111206871958968,high,False,bumpiness
97,1500.0,32.55,11.575,17.45,0.0,0,40,0.4408420203642657,-0.10199213771297873,-0.2554024545410408,hole_management,height_management,0.5428341580772444,moderate,False,hole_avoidance
98,1500.0,35.425,12.125,18.2,0.0,0,40,1.0697374440503022,0.5678069756259853,-0.0077394683194254785,hole_management,height_management,0.501930468424317,moderate,False,hole_avoidance
99,1500.0,36.2,12.475,20.1,0.0,0,40,1.2392657756526264,0.9940427750235068,0.6196734301086674,hole_management,height_management,0.24522300062911961,low/mixed,True,hole_avoidance
100,1500.0,34.625,12.2,19.925,0.0,0,40,0.8947404565898406,0.6591432183540248,0.5618853999902902,hole_management,height_management,0.2355972382358158,low/mixed,True,hole_avoidance
101,1500.0,29.575,11.4,18.5,0.0,0,40,-0.20992802675432837,-0.31511003741173843,0.09132572616922088,surface_management,hole_management,0.3012537529235493,low/mixed,True,bumpiness
102,1500.0,31.6,11.575,18.475,0.0,0,40,0.2330330977549675,-0.10199213771297873,0.0830702932951675,hole_management,surface_management,0.14996280445979998,low/mixed,True,hole_avoidance
103,1500.0,29.625,11.4,16.375,0.0,0,40,-0.1989907150380493,-0.31511003741173843,-0.6103860681253559,hole_management,height_management,0.11611932237368913,low/mixed,True,hole_avoidance
104,1500.0,27.975,12.6,22.0,0.0,0,40,-0.5599220016752526,1.1462698462369074,1.247086328536759,surface_management,height_management,0.10081648229985163,low/mixed,True,bumpiness
105,1500.0,31.25,10.525,15.825,0.0,0,40,0.1564719157410149,-1.3806995359055434,-0.7920055913545406,hole_management,surface_management,0.9484775070955556,high,False,hole_avoidance
106,1500.0,31.05,11.175,19.925,0.0,0,40,0.11272266887589946,-0.5891187655958593,0.5618853999902902,surface_management,hole_management,0.44916273111439076,moderate,False,bumpiness
107,1500.0,34.4,11.925,22.05,0.0,0,40,0.8455225538665853,0.324243661684545,1.263597194284867,surface_management,hole_management,0.4180746404182817,moderate,False,bumpiness
108,1500.0,30.925,12.475,16.65,0.0,0,40,0.08537938958520222,0.9940427750235068,-0.519576306510764,height_management,hole_management,0.9086633854383046,high,False,stack_height
109,1500.0,29.4,11.525,19.725,0.0,0,40,-0.24820861776130465,-0.16288296619833773,0.4958419369978597,surface_management,height_management,0.6587249031961975,moderate,False,bumpiness
110,1500.0,34.775,13.075,19.95,0.0,0,40,0.927552391738677,1.7247327168478297,0.5701408328643436,height_management,hole_management,0.7971803251091527,high,False,stack_height
111,1500.0,28.725,11.725,19.2,0.0,0,40,-0.3958623259310692,0.08068034774310255,0.32247784664272827,surface_management,height_management,0.2417974988996257,low/mixed,True,bumpiness
112,1500.0,32.275,11.775,15.0,0.0,0,40,0.38068680592473203,0.14157117622846369,-1.0644348761983173,hole_management,height_management,0.23911562969626834,low/mixed,True,hole_avoidance
113,1500.0,28.4,12.225,17.35,0.0,0,40,-0.46695485208688264,0.6895886325967053,-0.2884241860372555,height_management,surface_management,0.9780128186339608,high,False,stack_height
114,1500.0,25.125,10.65,20.25,0.0,0,40,-1.1833487695031502,-1.2284724646921426,0.66920602735299,surface_management,hole_management,1.8525547968561402,high,False,bumpiness
115,1500.0,34.625,12.05,17.925,0.0,0,40,0.8947404565898406,0.47647073289794567,-0.0985492299340173,hole_management,height_management,0.4182697236918949,moderate,False,hole_avoidance
116,1500.0,31.7,12.225,25.225,0.0,0,40,0.25490772118752486,0.6895886325967053,2.3120371692897055,surface_management,height_management,1.6224485366930002,high,False,bumpiness
117,1500.0,29.375,11.25,17.575,0.0,0,40,-0.2536772736194438,-0.4977825228678197,-0.2141252901707716,surface_management,hole_management,0.03955198344867222,low/mixed,True,bumpiness
118,1500.0,31.0,11.65,20.25,0.0,0,40,0.10178535715962041,-0.010655894984937011,0.66920602735299,surface_management,hole_management,0.5674206701933695,moderate,False,bumpiness
119,1500.0,27.625,11.6,23.65,0.0,0,40,-0.6364831836892053,-0.07154672347029815,1.7919448982243122,surface_management,height_management,1.8634916216946105,high,False,bumpiness
120,1500.0,31.35,11.5,19.175,0.0,0,40,0.17834653917357302,-0.1933283804410183,0.31422241376867494,surface_management,hole_management,0.13587587459510192,low/mixed,True,bumpiness
121,1500.0,33.15,12.5,20.15,0.0,0,40,0.5720897609596127,1.0244881892661875,0.6361842958567742,height_management,surface_management,0.3883038934094133,moderate,False,stack_height
122,1500.0,39.9,11.775,16.0,0.025,1,40,2.048626842657264,0.14157117622846369,-0.7342175612361636,hole_management,height_management,1.9070556664288003,high,False,hole_avoidance
123,1500.0,26.1,10.625,19.1,0.0,0,40,-0.9700711910357114,-1.2589178789348232,0.2894561151465136,surface_management,hole_management,1.259527306182225,high,False,bumpiness
124,1500.0,25.35,11.6,18.0,0.0,0,40,-1.1341308667798948,-0.07154672347029815,-0.073782931311856,height_management,surface_management,0.0022362078415578412,low/mixed,True,stack_height
125,1500.0,39.3,11.525,13.75,0.0,0,40,1.917379102061917,-0.16288296619833773,-1.4772065199010096,hole_management,height_management,2.0802620682602546,high,False,hole_avoidance
126,1500.0,40.1,13.625,27.625,0.0,0,40,2.0923760895223804,2.3945318301867937,3.104558725198874,surface_management,height_management,0.7100268950120805,moderate,False,bumpiness
127,1500.0,31.3,10.4,14.125,0.0,0,40,0.16740922745729395,-1.532926607118944,-1.3533750267902018,hole_management,surface_management,1.5207842542474959,high,False,hole_avoidance
128,1500.0,33.3,12.775,20.075,0.0,0,40,0.6049016961084491,1.3593877459356694,0.6114179972346129,height_management,surface_management,0.7479697487010565,moderate,False,stack_height
129,1500.0,29.55,11.375,12.625,0.025,1,40,-0.2153966826124675,-0.345555451654419,-1.8487009992334325,hole_management,height_management,0.13015876904195148,low/mixed,True,hole_avoidance
130,1500.0,31.05,12.175,20.1,0.0,0,40,0.11272266887589946,0.6286978041113463,0.6196734301086674,height_management,surface_management,0.00902437400267897,low/mixed,True,stack_height
131,1500.0,31.8,12.15,13.25,0.0,0,40,0.27678234462008294,0.5982523898686658,-1.6423151773820863,height_management,hole_management,0.32147004524858286,low/mixed,True,stack_height
132,1500.0,32.675,12.45,20.525,0.0,0,40,0.4681852996549629,0.9635973607808263,0.7600157889675818,height_management,surface_management,0.20358157181324443,low/mixed,True,stack_height
133,1500.0,39.05,12.375,18.2,0.0,0,40,1.8626925434805226,0.8722611180527866,-0.0077394683194254785,hole_management,height_management,0.990431425427736,high,False,hole_avoidance
134,1500.0,34.725,11.575,14.975,0.025,1,40,0.9166150800223987,-0.10199213771297873,-1.0726903090723712,hole_management,height_management,1.0186072177353773,high,False,hole_avoidance
135,1500.0,34.6,11.275,14.725,0.0,0,40,0.8892718007317014,-0.4673371086251391,-1.1552446378129098,hole_management,height_management,1.3566089093568405,high,False,hole_avoidance
136,1500.0,37.8,12.125,17.625,0.0,0,40,1.58925975057355,0.5678069756259853,-0.19761442442266366,hole_management,height_management,1.0214527749475648,high,False,hole_avoidance
137,1500.0,32.075,11.3,20.35,0.0,0,40,0.33693755905961736,-0.43689169438245856,0.7022277588492059,surface_management,hole_management,0.3652901997895885,moderate,False,bumpiness
138,1500.0,35.175,13.225,20.075,0.025,1,40,1.0150508854689078,1.907405202303911,0.6114179972346129,height_management,hole_management,0.8923543168350032,high,False,stack_height
139,1500.0,31.175,11.775,14.725,0.0,0,40,0.1400659481665967,0.14157117622846369,-1.1552446378129098,height_management,hole_management,0.001505228061866981,low/mixed,True,stack_height
140,1500.0,30.275,10.775,14.025,0.0,0,40,-0.056805662726423935,-1.076245393478742,-1.3863967582864172,hole_management,height_management,1.019439730752318,high,False,hole_avoidance
141,1500.0,31.725,11.575,18.35,0.0,0,40,0.26037637704566474,-0.10199213771297873,0.04179312892489829,hole_management,surface_management,0.21858324812076646,low/mixed,True,hole_avoidance
142,1500.0,27.425,11.525,19.125,0.0,0,40,-0.6802324305543207,-0.16288296619833773,0.297711548020567,surface_management,height_management,0.46059451421890474,moderate,False,bumpiness
143,1500.0,32.125,11.925,15.725,0.0,0,40,0.34787487077589563,0.324243661684545,-0.825027322850756,hole_management,height_management,0.023631209091350636,low/mixed,True,hole_avoidance
144,1500.0,36.1,11.95,14.025,0.0,0,40,1.2173911522200684,0.3546890759272234,-1.3863967582864172,hole_management,height_management,0.862702076292845,high,False,hole_avoidance
145,1500.0,31.275,11.325,19.325,0.0,0,40,0.16194057159915404,-0.4064462801397801,0.3637550110129975,surface_management,hole_management,0.20181443941384347,low/mixed,True,bumpiness
146,1500.0,23.225,10.975,16.125,0.0,0,40,-1.598966614721748,-0.8326820795373017,-0.6929403968658943,surface_management,height_management,0.1397416826714074,low/mixed,True,bumpiness
147,1500.0,28.025,11.15,16.575,0.025,1,40,-0.5489846899589744,-0.6195641798385398,-0.5443426051329253,surface_management,hole_management,0.004642084826049109,low/mixed,True,bumpiness
148,1500.0,32.925,11.525,15.45,0.0,0,40,0.5228718582363574,-0.16288296619833773,-0.9158370844653483,hole_management,height_management,0.6857548244346952,moderate,False,hole_avoidance
149,1500.0,24.7,10.7,15.65,0.0,0,40,-1.276315919091521,-1.1675816362067837,-0.8497936214729173,surface_management,height_management,0.3177880147338664,low/mixed,True,bumpiness
150,1500.0,26.35,10.5,16.35,0.0,0,40,-0.9153846324543169,-1.411144950148224,-0.6186415009994093,surface_management,hole_management,0.2967431314549076,low/mixed,True,bumpiness
151,1500.0,25.425,11.175,20.6,0.0,0,40,-1.1177248992054767,-0.5891187655958593,0.7847820875897442,surface_management,height_management,1.3739008531856034,high,False,bumpiness
152,1500.0,36.85,11.45,20.025,0.0,0,40,1.381450827964252,-0.25421920892637945,0.5949071314865049,hole_management,surface_management,0.786543696477747,high,False,hole_avoidance
153,1500.0,26.475,11.8,19.75,0.0,0,40,-0.8880413531636197,0.17201659047114426,0.5040973698719131,surface_management,height_management,0.33208077940076886,low/mixed,True,bumpiness
154,1500.0,32.05,11.125,21.1,0.0,0,40,0.33146890320147665,-0.6500095940812204,0.9498907450708212,surface_management,hole_management,0.6184218418693446,moderate,False,bumpiness
155,1500.0,38.975,12.2,18.275,0.0,0,40,1.8462865759061051,0.6591432183540248,0.01702683030273582,hole_management,height_management,1.1871433575520802,high,False,hole_avoidance
156,1500.0,32.8,11.675,19.75,0.0,0,40,0.49552857894566016,0.019789519257743565,0.5040973698719131,surface_management,hole_management,0.008568790926252956,low/mixed,True,bumpiness
157,1500.0,34.125,12.525,23.2,0.0,0,40,0.7853673394270516,1.054933603508868,1.6433471064913434,surface_management,height_management,0.5884135029824755,moderate,False,bumpiness
158,1500.0,31.725,11.35,18.75,0.025,1,40,0.26037637704566474,-0.3760008658970996,0.17388005490975933,hole_management,surface_management,0.08649632213590541,low/mixed,True,hole_avoidance
159,1500.0,22.825,11.325,14.125,0.025,1,40,-1.6864651084519797,-0.4064462801397801,-1.3533750267902018,height_management,surface_management,0.9469287466504217,high,False,stack_height
160,1500.0,36.9,14.35,21.4,0.05,2,40,1.3923881396805302,3.2774488432245175,1.0489559395594663,height_management,hole_management,1.8850607035439872,high,False,stack_height
161,1500.0,26.425,10.35,21.0,0.025,1,40,-0.8989786648798986,-1.5938174356043053,0.9168690135746053,surface_management,hole_management,1.815847678454504,high,False,bumpiness
162,1500.0,31.05,10.55,17.3,0.0,0,40,0.11272266887589946,-1.3502541216628627,-0.3049350517853634,hole_management,surface_management,0.41765772066126283,moderate,False,hole_avoidance
163,1500.0,38.15,14.675,26.975,0.0,0,40,1.6658209325875026,3.6732392283793605,2.8899174704734745,height_management,surface_management,0.783321757905886,high,False,stack_height
164,1500.0,33.425,11.475,19.45,0.0,0,40,0.6322449753991464,-0.22377379468369887,0.40503217538326675,hole_management,surface_management,0.22721280001587962,low/mixed,True,hole_avoidance
165,1500.0,37.225,12.4,21.775,0.0,0,40,1.4634806658363435,0.9027065322954673,1.172787432670274,hole_management,surface_management,0.29069323316606943,low/mixed,True,hole_avoidance
166,1500.0,23.45,10.925,13.4,0.025,1,40,-1.5497487119984934,-0.8935729080226607,-1.5927825801377633,height_management,hole_management,0.6561758039758327,moderate,False,stack_height
167,1500.0,40.5,12.725,19.8,0.0,0,40,2.179874583252611,1.2984969174503083,0.520608235620021,hole_management,height_management,0.8813776658023027,high,False,hole_avoidance
168,1500.0,33.825,12.025,18.85,0.0,0,40,0.7197434691293788,0.4460253186552651,0.20690178640597517,hole_management,height_management,0.2737181504741137,low/mixed,True,hole_avoidance
169,1500.0,32.075,10.95,18.45,0.0,0,40,0.33693755905961736,-0.8631274937799822,0.07481486042111296,hole_management,surface_management,0.2621226986385044,low/mixed,True,hole_avoidance
170,1500.0,29.225,11.925,18.85,0.0,0,40,-0.2864892087682802,0.324243661684545,0.20690178640597517,height_management,surface_management,0.11734187527856982,low/mixed,True,stack_height
171,1500.0,34.85,12.55,19.5,0.0,0,40,0.9439583593130959,1.0853790177515485,0.42154304113137464,height_management,hole_management,0.14142065843845264,low/mixed,True,stack_height
172,1500.0,37.775,12.35,21.65,0.0,0,40,1.5837910947154108,0.8418157038101061,1.1315102683000047,hole_management,surface_management,0.4522808264154061,moderate,False,hole_avoidance
173,1500.0,28.5,11.05,17.725,0.0,0,40,-0.4450802286543245,-0.7413458368092599,-0.16459269292644782,surface_management,hole_management,0.28048753572787666,low/mixed,True,bumpiness
174,1500.0,41.475,11.725,18.7,0.0,0,40,2.39315216172005,0.08068034774310255,0.1573691891616514,hole_management,surface_management,2.2357829725583986,high,False,hole_avoidance
175,1500.0,31.275,11.7,17.4,0.0,0,40,0.16194057159915404,0.05023493350042197,-0.2719133202891487,hole_management,height_management,0.11170563809873207,low/mixed,True,hole_avoidance
176,1500.0,25.7,10.4,17.65,0.0,0,40,-1.057569684765943,-1.532926607118944,-0.18935899154861027,surface_management,hole_management,0.8682106932173328,high,False,bumpiness
177,1500.0,32.875,11.275,17.575,0.0,0,40,0.5119345465200791,-0.4673371086251391,-0.2141252901707716,hole_management,surface_management,0.7260598366908506,moderate,False,hole_avoidance
178,1500.0,27.9,10.225,15.45,0.0,0,40,-0.5763279692496717,-1.746044506817706,-0.9158370844653483,hole_management,surface_management,0.3395091152156766,low/mixed,True,hole_avoidance
179,1500.0,30.05,11.375,16.9,0.0,0,40,-0.10602356544967852,-0.345555451654419,-0.4370219777702256,hole_management,height_management,0.23953188620474047,low/mixed,True,hole_avoidance
180,1500.0,26.45,11.35,20.775,0.0,0,40,-0.8935100090217596,-0.3760008658970996,0.8425701177081202,surface_management,height_management,1.2185709836052196,high,False,bumpiness
181,1500.0,24.375,11.325,19.975,0.0,0,40,-1.3474084452473336,-0.4064462801397801,0.5783962657383982,surface_management,height_management,0.9848425458781783,high,False,bumpiness
182,1500.0,26.825,10.975,14.75,0.0,0,40,-0.8114801711496678,-0.8326820795373017,-1.1469892049388557,hole_management,height_management,0.021201908387633916,low/mixed,True,hole_avoidance
183,1500.0,25.25,11.0,19.075,0.0,0,40,-1.156005490212453,-0.8022366652946211,0.2812006822724591,surface_management,height_management,1.0834373475670802,high,False,bumpiness
184,1500.0,30.825,12.25,20.525,0.0,0,40,0.06350476615264411,0.720034046839386,0.7600157889675818,surface_management,height_management,0.03998174212819583,low/mixed,True,bumpiness
185,1500.0,26.2,11.05,15.15,0.0,0,40,-0.9481965676031541,-0.7413458368092599,-1.014902278953994,height_management,hole_management,0.20685073079389416,low/mixed,True,stack_height
186,1500.0,28.975,11.475,18.075,0.0,0,40,-0.3411757673496747,-0.22377379468369887,-0.0490166326896947,surface_management,height_management,0.17475716199400418,low/mixed,True,bumpiness
187,1500.0,24.025,10.675,17.175,0.0,0,40,-1.4239696272612863,-1.1980270504494621,-0.34621221615563263,surface_management,height_management,0.8518148342938294,high,False,bumpiness
188,1500.0,34.525,11.775,18.0,0.0,0,40,0.8728658331572825,0.14157117622846369,-0.073782931311856,hole_management,height_management,0.7312946569288188,moderate,False,hole_avoidance
189,1500.0,28.375,11.975,17.0,0.0,0,40,-0.4724235079450218,0.385134490169904,-0.40400024627400977,height_management,surface_management,0.7891347364439137,high,False,stack_height
190,1500.0,32.6,11.425,13.45,0.0,0,40,0.4517793320805455,-0.28466462316905783,-1.5762717143896559,hole_management,height_management,0.7364439552496034,moderate,False,hole_avoidance
191,1500.0,36.25,12.15,18.2,0.0,0,40,1.2502030873689047,0.5982523898686658,-0.0077394683194254785,hole_management,height_management,0.6519506975002389,moderate,False,hole_avoidance
192,1500.0,32.075,11.075,12.375,0.0,0,40,0.33693755905961736,-0.7109004225665816,-1.931255327973971,hole_management,height_management,1.047837981626199,high,False,hole_avoidance
193,1500.0,30.525,11.825,14.45,0.0,0,40,-0.002119104145029441,0.20246200471382267,-1.2460543994275022,height_management,hole_management,0.2045811088588521,low/mixed,True,stack_height
194,1500.0,36.325,11.65,16.225,0.025,1,40,1.2666090549433238,-0.010655894984937011,-0.6599186653696785,hole_management,height_management,1.2772649499282607,high,False,hole_avoidance
195,1500.0,30.85,11.7,18.5,0.0,0,40,0.06897342201078402,0.05023493350042197,0.09132572616922088,surface_management,hole_management,0.022352304158436864,low/mixed,True,bumpiness
196,1500.0,33.7,11.65,15.6,0.0,0,40,0.6924001898386816,-0.010655894984937011,-0.8663044872210252,hole_management,height_management,0.7030560848236186,moderate,False,hole_avoidance
197,1500.0,28.475,11.425,14.1,0.0,0,40,-0.45054888451246367,-0.28466462316905783,-1.3616304596642559,height_management,hole_management,0.16588426134340584,low/mixed,True,stack_height
198,1500.0,33.7,11.625,16.075,0.0,0,40,0.6924001898386816,-0.04110130922761759,-0.7094512626140023,hole_management,height_management,0.7335014990662991,moderate,False,hole_avoidance
199,1500.0,33.2,11.6,15.6,0.0,0,40,0.5830270726758926,-0.07154672347029815,-0.8663044872210252,hole_management,height_management,0.6545737961461907,moderate,False,hole_avoidance
200,1500.0,28.9,11.125,18.95,0.0,0,40,-0.3575817349240937,-0.6500095940812204,0.23992351790218985,surface_management,hole_management,0.5975052528262835,moderate,False,bumpiness
201,1500.0,35.85,12.35,21.775,0.0,0,40,1.162704593638674,0.8418157038101061,1.172787432670274,surface_management,hole_management,0.010082839031600122,low/mixed,True,bumpiness
202,1500.0,31.025,11.65,17.675,0.0,0,40,0.10725401301775955,-0.010655894984937011,-0.18110355867455574,hole_management,height_management,0.11790990800269656,low/mixed,True,hole_avoidance
203,1500.0,29.325,11.775,18.25,0.0,0,40,-0.26461458533572285,0.14157117622846369,0.008771397428682444,height_management,surface_management,0.13279977879978125,low/mixed,True,stack_height
204,1500.0,37.2,12.5,19.175,0.0,0,40,1.4580120099782046,1.0244881892661875,0.31422241376867494,hole_management,height_management,0.4335238207120171,moderate,False,hole_avoidance
205,1500.0,34.925,12.725,17.2,0.0,0,40,0.9603643268875134,1.2984969174503083,-0.33795678328157924,height_management,hole_management,0.3381325905627949,low/mixed,True,stack_height
206,1500.0,34.25,11.775,17.825,0.0,0,40,0.8127106187177489,0.14157117622846369,-0.13157096143023314,hole_management,height_management,0.6711394424892851,moderate,False,hole_avoidance
207,1500.0,31.425,11.15,20.25,0.0,0,40,0.19475250674799122,-0.6195641798385398,0.66920602735299,surface_management,hole_management,0.47445352060499874,moderate,False,bumpiness
208,1500.0,30.95,11.475,17.025,0.0,0,40,0.09084804544334135,-0.22377379468369887,-0.3957448133999564,hole_management,height_management,0.3146218401270402,low/mixed,True,hole_avoidance
209,1500.0,35.6,11.775,17.85,0.0,0,40,1.1080180350572795,0.14157117622846369,-0.1233155285561786,hole_management,height_management,0.9664468588288158,high,False,hole_avoidance
210,1500.0,29.85,11.35,19.3,0.0,0,40,-0.14977281231479395,-0.3760008658970996,0.3554995781389441,surface_management,hole_management,0.5052723904537381,moderate,False,bumpiness
211,1500.0,30.75,11.275,17.625,0.0,0,40,0.047098798578225916,-0.4673371086251391,-0.19761442442266366,hole_management,surface_management,0.24471322300088957,low/mixed,True,hole_avoidance
212,1500.0,34.95,12.025,18.4,0.025,1,40,0.965832982745654,0.4460253186552651,0.05830399467300504,hole_management,height_management,0.5198076640903888,moderate,False,hole_avoidance
213,1500.0,22.85,10.425,16.15,0.0,0,40,-1.6809964525938397,-1.5024811928762636,-0.684684963991841,surface_management,height_management,0.8177962288844226,high,False,bumpiness
214,1500.0,21.575,10.75,18.7,0.0,0,40,-1.9598979013589521,-1.1066908077214226,0.1573691891616514,surface_management,height_management,1.264059996883074,high,False,bumpiness
215,1500.0,31.1,12.225,24.175,0.0,0,40,0.12365998059217852,0.6895886325967053,1.9653089885794437,surface_management,height_management,1.2757203559827384,high,False,bumpiness
216,1500.0,33.975,11.95,16.75,0.0,0,40,0.7525554042782152,0.3546890759272234,-0.4865545750145482,hole_management,height_management,0.39786632835099184,moderate,False,hole_avoidance
217,1500.0,20.95,11.05,15.575,0.0,0,40,-2.0966142978124385,-0.7413458368092599,-0.8745599200950791,height_management,surface_management,0.13321408328581918,low/mixed,True,stack_height
218,1500.0,24.875,11.775,17.2,0.0,0,40,-1.2380353280845446,0.14157117622846369,-0.33795678328157924,height_management,surface_management,0.4795279595100429,moderate,False,stack_height
219,1500.0,25.825,10.8,18.775,0.0,0,40,-1.0302264054752457,-1.0457999792360613,0.1821354877838127,surface_management,hole_management,1.2123618932590583,high,False,bumpiness
220,1500.0,27.15,12.15,23.8,0.0,0,40,-0.7403876449938551,0.5982523898686658,1.8414774954686361,surface_management,height_management,1.2432251055999703,high,False,bumpiness
221,1500.0,32.925,11.925,20.7,0.0,0,40,0.5228718582363574,0.324243661684545,0.8178038190859589,surface_management,hole_management,0.2949319608496015,low/mixed,True,bumpiness
222,1500.0,30.4,12.0,18.325,0.0,0,40,-0.02946238343572669,0.4155799044125845,0.033537696050843745,height_management,surface_management,0.3820422083617408,moderate,False,stack_height
223,1500.0,22.45,10.325,14.175,0.0,0,40,-1.7684949463240713,-1.6242628498469858,-1.336864161042094,surface_management,height_management,0.28739868880489183,low/mixed,True,bumpiness
224,1500.0,31.425,11.95,20.2,0.0,0,40,0.19475250674799122,0.3546890759272234,0.6526951616048821,surface_management,height_management,0.2980060856776587,low/mixed,True,bumpiness
225,1500.0,33.225,12.7,19.475,0.0,0,40,0.5884957285340318,1.2680515032076276,0.4132876082573213,height_management,hole_management,0.6795557746735958,moderate,False,stack_height
226,1500.0,28.4,11.75,19.65,0.025,1,40,-0.46695485208688264,0.11112576198578313,0.47107563837569727,surface_management,height_management,0.35994987638991416,moderate,False,bumpiness
227,1500.0,34.175,12.1,17.425,0.0,0,40,0.7963046511433298,0.5373615613833047,-0.26365788741509416,hole_management,height_management,0.2589430897600251,low/mixed,True,hole_avoidance
228,1500.0,29.55,11.725,22.725,0.0,0,40,-0.2153966826124675,0.08068034774310255,1.486493881884321,surface_management,height_management,1.4058135341412183,high,False,bumpiness
229,1500.0,40.6,11.6,13.875,0.025,1,40,2.2017492066851694,-0.07154672347029815,-1.4359293555307402,hole_management,height_management,2.2732959301554674,high,False,hole_avoidance
230,1500.0,38.05,11.95,17.975,0.0,0,40,1.6439463091549444,0.3546890759272234,-0.08203836418590937,hole_management,height_management,1.289257233227721,high,False,hole_avoidance
231,1500.0,28.675,11.0,17.575,0.0,0,40,-0.4067996376473482,-0.8022366652946211,-0.2141252901707716,surface_management,hole_management,0.19267434747657664,low/mixed,True,bumpiness
232,1500.0,32.1,12.1,16.45,0.0,0,40,0.34240621491775647,0.5373615613833047,-0.5856197695031946,height_management,hole_management,0.19495534646554824,low/mixed,True,stack_height
233,1500.0,31.575,12.575,21.075,0.025,1,40,0.2275644418968276,1.115824431994227,0.9416353121967665,height_management,surface_management,0.17418911979746043,low/mixed,True,stack_height
234,1500.0,31.075,12.375,20.55,0.0,0,40,0.11819132473403861,0.8722611180527866,0.7682712218416363,height_management,surface_management,0.10398989621115029,low/mixed,True,stack_height
235,1500.0,35.75,11.375,17.0,0.0,0,40,1.1408299702061158,-0.345555451654419,-0.40400024627400977,hole_management,height_management,1.4863854218605348,high,False,hole_avoidance
236,1500.0,26.95,10.925,14.25,0.0,0,40,-0.7841368918589705,-0.8935729080226607,-1.3120978624199326,hole_management,height_management,0.10943601616369014,low/mixed,True,hole_avoidance
237,1500.0,33.175,11.7,16.175,0.0,0,40,0.5775584168177519,0.05023493350042197,-0.6764295311177864,hole_management,height_management,0.5273234833173299,moderate,False,hole_avoidance
238,1500.0,38.625,13.25,16.625,0.025,1,40,1.7697253938921524,1.9378506165465916,-0.5278317393848174,height_management,hole_management,0.1681252226544392,low/mixed,True,stack_height
239,1500.0,29.4,11.1,17.775,0.0,0,40,-0.24820861776130465,-0.6804550083239009,-0.14808182717834106,surface_management,hole_management,0.10012679058296359,low/mixed,True,bumpiness
240,1500.0,22.725,10.75,20.525,0.0,0,40,-1.708339731884537,-1.1066908077214226,0.7600157889675818,surface_management,height_management,1.8667065966890044,high,False,bumpiness
241,1500.0,31.625,13.375,21.275,0.0,0,40,0.23850175361310663,2.0900776877599925,1.0076787751891971,height_management,surface_management,1.0823989125707953,high,False,stack_height
242,1500.0,27.075,11.2,15.725,0.0,0,40,-0.7567936125682733,-0.5586733513531809,-0.825027322850756,height_management,hole_management,0.1981202612150924,low/mixed,True,stack_height
243,1500.0,30.4,10.45,14.925,0.0,0,40,-0.02946238343572669,-1.4720357786335851,-1.0892011748204786,hole_management,surface_management,1.059738791384752,high,False,hole_avoidance
244,1500.0,25.8,12.675,20.275,0.0,0,40,-1.0356950613333848,1.2376060889649492,0.6774614602270433,height_management,surface_management,0.5601446287379058,moderate,False,stack_height
245,1500.0,38.075,12.225,17.275,0.0,0,40,1.6494149650130852,0.6895886325967053,-0.31319048465941796,hole_management,height_management,0.9598263324163798,high,False,hole_avoidance
246,1500.0,31.925,11.225,16.5,0.0,0,40,0.3041256239107802,-0.5282279371105003,-0.5691089037550866,hole_management,height_management,0.8323535610212804,high,False,hole_avoidance
247,1500.0,29.625,11.25,20.225,0.0,0,40,-0.1989907150380493,-0.4977825228678197,0.6609505944789366,surface_management,hole_management,0.8599413095169859,high,False,bumpiness
248,1500.0,31.025,11.7,16.025,0.0,0,40,0.10725401301775955,0.05023493350042197,-0.7259621283621102,hole_management,height_management,0.05701907951733758,low/mixed,True,hole_avoidance
249,1500.0,37.575,12.1,22.375,0.0,0,40,1.5400418478502962,0.5373615613833047,1.3709178216475668,hole_management,surface_management,0.16912402620272937,low/mixed,True,hole_avoidance
250,1500.0,29.25,12.925,20.825,0.0,0,40,-0.28102055291014105,1.5420602313917506,0.8590809834562282,height_management,surface_management,0.6829792479355224,moderate,False,stack_height
251,1500.0,30.6,12.3,18.1,0.0,0,40,0.01428686342938953,0.7809248753247471,-0.04076119981564015,height_management,hole_management,0.7666380118953575,high,False,stack_height
252,1500.0,26.6,10.85,18.8,0.0,0,40,-0.8606980738729224,-0.9849091507507024,0.19039092065786725,surface_management,hole_management,1.0510889945307897,high,False,bumpiness
253,1500.0,34.975,12.15,19.825,0.0,0,40,0.9713016386037931,0.5982523898686658,0.5288636684940744,hole_management,height_management,0.37304924873512735,moderate,False,hole_avoidance
254,1500.0,31.6,13.575,19.125,0.0,0,40,0.2330330977549675,2.3336410017014324,0.297711548020567,height_management,surface_management,2.0359294536808656,high,False,stack_height
255,1500.0,27.925,10.85,13.825,0.0,0,40,-0.5708593133915317,-0.9849091507507024,-1.4524402212788483,hole_management,height_management,0.41404983735917067,moderate,False,hole_avoidance
256,1500.0,34.35,12.175,21.0,0.0,0,40,0.8345852421503069,0.6286978041113463,0.9168690135746053,surface_management,hole_management,0.08228377142429832,low/mixed,True,bumpiness
257,1500.0,32.375,11.225,21.4,0.0,0,40,0.4025614293572901,-0.5282279371105003,1.0489559395594663,surface_management,hole_management,0.6463945102021762,moderate,False,bumpiness
258,1500.0,37.425,13.925,19.6,0.0,0,40,1.5072299127014583,2.7598768010989563,0.4545647726275905,height_management,hole_management,1.252646888397498,high,False,stack_height
259,1500.0,32.8,12.525,17.425,0.0,0,40,0.49552857894566016,1.054933603508868,-0.26365788741509416,height_management,hole_management,0.5594050245632077,moderate,False,stack_height
260,1500.0,28.15,10.85,17.225,0.0,0,40,-0.5216414106682772,-0.9849091507507024,-0.3297013504075247,surface_management,hole_management,0.1919400602607525,low/mixed,True,bumpiness
261,1500.0,38.075,12.175,18.925,0.0,0,40,1.6494149650130852,0.6286978041113463,0.23166808502813646,hole_management,height_management,1.020717160901739,high,False,hole_avoidance
262,1500.0,29.95,12.675,16.8,0.025,1,40,-0.1278981888822366,1.2376060889649492,-0.4700437092664403,height_management,hole_management,1.3655042778471858,high,False,stack_height
263,1500.0,23.475,11.475,20.125,0.0,0,40,-1.5442800561403536,-0.22377379468369887,0.6279288629827208,surface_management,height_management,0.8517026576664196,high,False,bumpiness
264,1500.0,28.675,11.3,16.6,0.0,0,40,-0.4067996376473482,-0.43689169438245856,-0.5360871722588708,hole_management,height_management,0.03009205673511034,low/mixed,True,hole_avoidance
265,1500.0,34.5,12.325,23.6,0.0,0,40,0.8673971772991433,0.8113702895674255,1.7754340324762055,surface_management,hole_management,0.9080368551770621,high,False,bumpiness
266,1500.0,29.25,11.175,19.175,0.0,0,40,-0.28102055291014105,-0.5891187655958593,0.31422241376867494,surface_management,hole_management,0.5952429666788159,moderate,False,bumpiness
267,1500.0,31.05,11.225,16.65,0.0,0,40,0.11272266887589946,-0.5282279371105003,-0.519576306510764,hole_management,surface_management,0.6322989753866635,moderate,False,hole_avoidance
268,1500.0,31.825,12.05,16.3,0.0,0,40,0.2822510004782221,0.47647073289794567,-0.6351523667475172,height_management,hole_management,0.19421973241972357,low/mixed,True,stack_height
269,1500.0,33.925,12.675,17.925,0.0,0,40,0.7416180925619353,1.2376060889649492,-0.0985492299340173,height_management,hole_management,0.49598799640301383,moderate,False,stack_height
270,1500.0,30.95,10.775,16.25,0.0,0,40,0.09084804544334135,-1.076245393478742,-0.6516632324956251,hole_management,surface_management,0.7425112779389664,moderate,False,hole_avoidance
271,1500.0,34.6,12.025,19.45,0.025,1,40,0.8892718007317014,0.4460253186552651,0.40503217538326675,hole_management,height_management,0.4432464820764363,moderate,False,hole_avoidance
272,1500.0,29.7,12.6,17.475,0.0,0,40,-0.18258474746363113,1.1462698462369074,-0.24714702166698627,height_management,hole_management,1.3288545937005385,high,False,stack_height
273,1500.0,33.8,13.825,25.45,0.0,0,40,0.7142748132712381,2.638095144128234,2.3863360651561893,height_management,surface_management,0.25175907897204475,low/mixed,True,stack_height
274,1500.0,16.725,10.35,18.275,0.0,0,40,-3.020817137838005,-1.5938174356043053,0.01702683030273582,surface_management,height_management,1.6108442659070412,high,False,bumpiness
275,1500.0,36.025,12.175,17.45,0.0,0,40,1.2009851846456494,0.6286978041113463,-0.2554024545410408,hole_management,height_management,0.5722873805343031,moderate,False,hole_avoidance
276,1500.0,28.625,12.4,18.65,0.0,0,40,-0.41773694936362726,0.9027065322954673,0.14085832341354348,height_management,surface_management,0.7618482088819238,high,False,stack_height
277,1500.0,38.15,12.65,23.35,0.0,0,40,1.6658209325875026,1.2071606747222687,1.692879703735667,surface_management,hole_management,0.027058771148164462,low/mixed,True,bumpiness
278,1500.0,22.0,10.175,12.675,0.0,0,40,-1.8669307517705813,-1.8069353353030648,-1.8321901334853246,height_management,surface_management,0.02525479818225973,low/mixed,True,stack_height
279,1500.0,26.7,11.775,17.0,0.0,0,40,-0.838823450440365,0.14157117622846369,-0.40400024627400977,height_management,surface_management,0.5455714225024735,moderate,False,stack_height
280,1500.0,31.575,10.95,16.975,0.0,0,40,0.2275644418968276,-0.8631274937799822,-0.41225567914806316,hole_management,surface_management,0.6398201210448907,moderate,False,hole_avoidance
281,1500.0,29.975,12.675,16.6,0.025,1,40,-0.1224295330240967,1.2376060889649492,-0.5360871722588708,height_management,hole_management,1.360035621989046,high,False,stack_height
282,1500.0,34.575,11.7,20.0,0.0,0,40,0.8838031448735623,0.05023493350042197,0.5866516986124516,hole_management,surface_management,0.2971514462611107,low/mixed,True,hole_avoidance
283,1500.0,28.475,12.175,19.8,0.0,0,40,-0.45054888451246367,0.6286978041113463,0.520608235620021,height_management,surface_management,0.10808956849132534,low/mixed,True,stack_height
284,1500.0,29.625,11.0,20.275,0.0,0,40,-0.1989907150380493,-0.8022366652946211,0.6774614602270433,surface_management,hole_management,0.8764521752650927,high,False,bumpiness
285,1500.0,39.75,12.775,19.3,0.0,0,40,2.0158149075084277,1.3593877459356694,0.3554995781389441,hole_management,height_management,0.6564271615727584,moderate,False,hole_avoidance
286,1500.0,32.225,12.125,20.5,0.0,0,40,0.36974949420845377,0.5678069756259853,0.7517603560935284,surface_management,height_management,0.18395338046754317,low/mixed,True,bumpiness
287,1500.0,31.75,11.675,17.55,0.025,1,40,0.2658450329038039,0.019789519257743565,-0.22238072304482495,hole_management,height_management,0.24605551364606035,low/mixed,True,hole_avoidance
288,1500.0,30.25,10.925,16.375,0.0,0,40,-0.062274318584563074,-0.8935729080226607,-0.6103860681253559,hole_management,surface_management,0.5481117495407928,moderate,False,hole_avoidance
289,1500.0,28.525,11.9,20.75,0.0,0,40,-0.4396115727961854,0.2937982474418644,0.8343146848340669,surface_management,height_management,0.5405164373922025,moderate,False,bumpiness
290,1500.0,31.525,10.725,16.975,0.0,0,40,0.21662713018054852,-1.137136221964103,-0.41225567914806316,hole_management,surface_management,0.6288828093286116,moderate,False,hole_avoidance
291,1500.0,24.6,10.55,17.375,0.0,0,40,-1.2981905425240783,-1.3502541216628627,-0.2801687531632021,surface_management,hole_management,1.0180217893608763,high,False,bumpiness
292,1500.0,30.0,11.175,18.475,0.0,0,40,-0.11696087716595757,-0.5891187655958593,0.0830702932951675,surface_management,hole_management,0.20003117046112506,low/mixed,True,bumpiness
293,1500.0,25.3,11.9,21.725,0.0,0,40,-1.1450681784961738,0.2937982474418644,1.1562765669221673,surface_management,height_management,0.862478319480303,high,False,bumpiness
294,1500.0,32.1,11.25,13.125,0.0,0,40,0.34240621491775647,-0.4977825228678197,-1.6835923417523555,hole_management,height_management,0.8401887377855761,high,False,hole_avoidance
295,1500.0,33.3,12.725,15.25,0.0,0,40,0.6049016961084491,1.2984969174503083,-0.9818805474577789,height_management,hole_management,0.6935952213418591,moderate,False,stack_height
296,1500.0,22.6,11.625,24.05,0.0,0,40,-1.7356830111752344,-0.04110130922761759,1.9240318242091745,surface_management,height_management,1.965133133436792,high,False,bumpiness
297,1500.0,32.95,12.2,18.325,0.0,0,40,0.5283405140944981,0.6591432183540248,0.033537696050843745,height_management,hole_management,0.13080270425952667,low/mixed,True,stack_height
298,1500.0,28.775,11.45,18.325,0.025,1,40,-0.3849250142147909,-0.25421920892637945,0.033537696050843745,surface_management,height_management,0.28775690497722317,low/mixed,True,bumpiness
299,1500.0,31.45,12.425,21.35,0.0,0,40,0.20022116260613035,0.9331519465381478,1.0324450738113595,surface_management,height_management,0.09929312727321171,low/mixed,True,bumpiness
300,1500.0,23.3,10.6,12.7,0.0,0,40,-1.58256064714733,-1.2893632931775039,-1.8239347006112712,height_management,hole_management,0.29319735396982605,low/mixed,True,stack_height
301,1500.0,29.4,11.375,16.3,0.0,0,40,-0.24820861776130465,-0.345555451654419,-0.6351523667475172,hole_management,height_management,0.09734683389311433,low/mixed,True,hole_avoidance
302,1500.0,33.325,11.5,18.5,0.0,0,40,0.6103703519665898,-0.1933283804410183,0.09132572616922088,hole_management,surface_management,0.519044625797369,moderate,False,hole_avoidance
303,1500.0,35.425,13.4,23.25,0.0,0,40,1.0697374440503022,2.120523102002673,1.6598579722394513,height_management,surface_management,0.4606651297632216,moderate,False,stack_height
304,1500.0,34.1,12.15,20.6,0.0,0,40,0.7798986835689125,0.5982523898686658,0.7847820875897442,surface_management,hole_management,0.004883404020831761,low/mixed,True,bumpiness
305,1500.0,23.95,11.325,17.0,0.0,0,40,-1.4403755948357044,-0.4064462801397801,-0.40400024627400977,surface_management,height_management,0.0024460338657703584,low/mixed,True,bumpiness
306,1500.0,38.075,12.775,16.1,0.025,1,40,1.6494149650130852,1.3593877459356694,-0.7011958297399477,hole_management,height_management,0.2900272190774158,low/mixed,True,hole_avoidance
307,1500.0,32.425,12.1,22.9,0.0,0,40,0.4134987410735684,0.5373615613833047,1.544281912002697,surface_management,height_management,1.0069203506193922,high,False,bumpiness
308,1500.0,23.65,11.1,18.55,0.0,0,40,-1.5059994651333781,-0.6804550083239009,0.1078365919173288,surface_management,height_management,0.7882916002412297,high,False,bumpiness
309,1500.0,23.075,10.45,21.025,0.0,0,40,-1.6317785498705852,-1.4720357786335851,0.9251244464486587,surface_management,height_management,2.397160225082244,high,False,bumpiness
310,1500.0,34.725,11.525,17.55,0.0,0,40,0.9166150800223987,-0.16288296619833773,-0.22238072304482495,hole_management,height_management,1.0794980462207364,high,False,hole_avoidance
311,1500.0,24.7,10.375,19.625,0.0,0,40,-1.276315919091521,-1.5633720213616247,0.4628202055016439,surface_management,hole_management,1.739136124593165,high,False,bumpiness
312,1500.0,38.15,12.45,21.25,0.0,0,40,1.6658209325875026,0.9635973607808263,0.9994233423151437,hole_management,surface_management,0.6663975902723589,moderate,False,hole_avoidance
313,1500.0,30.425,10.975,20.35,0.0,0,40,-0.023993727577586773,-0.8326820795373017,0.7022277588492059,surface_management,hole_management,0.7262214864267926,moderate,False,bumpiness
314,1500.0,31.5,11.4,16.95,0.0,0,40,0.2111584743224094,-0.31511003741173843,-0.42051111202211766,hole_management,height_management,0.5262685117341478,moderate,False,hole_avoidance
315,1500.0,30.075,10.65,18.65,0.0,0,40,-0.10055490959153937,-1.2284724646921426,0.14085832341354348,surface_management,hole_management,0.24141323300508286,low/mixed,True,bumpiness
316,1500.0,23.175,11.15,18.8,0.025,1,40,-1.609903926438027,-0.6195641798385398,0.19039092065786725,surface_management,height_management,0.8099551004964071,high,False,bumpiness
317,1500.0,35.575,12.4,12.45,0.05,2,40,1.1025493791991403,0.9027065322954673,-1.9064890293518095,hole_management,height_management,0.19984284690367304,low/mixed,True,hole_avoidance
318,1500.0,37.55,12.2,17.15,0.0,0,40,1.5345731919921555,0.6591432183540248,-0.3544676490296872,hole_management,height_management,0.8754299736381307,high,False,hole_avoidance
319,1500.0,29.5,13.625,17.9,0.025,1,40,-0.22633399432874657,2.3945318301867937,-0.10680466280807184,height_management,surface_management,2.5013364929948656,high,False,stack_height
320,1500.0,34.125,13.625,16.0,0.0,0,40,0.7853673394270516,2.3945318301867937,-0.7342175612361636,height_management,hole_management,1.609164490759742,high,False,stack_height
321,1500.0,32.725,12.95,21.4,0.0,0,40,0.47912261137124273,1.572505645634429,1.0489559395594663,height_management,surface_management,0.5235497060749628,moderate,False,stack_height
322,1500.0,44.475,13.225,18.7,0.0,0,40,3.0493908646967838,1.907405202303911,0.1573691891616514,hole_management,height_management,1.1419856623928728,high,False,hole_avoidance
323,1500.0,37.525,12.325,17.8,0.0,0,40,1.5291045361340163,0.8113702895674255,-0.1398263943042865,hole_management,height_management,0.7177342465665908,moderate,False,hole_avoidance
324,1500.0,31.75,11.05,16.2,0.025,1,40,0.2658450329038039,-0.7413458368092599,-0.668174098243733,hole_management,surface_management,0.9340191311475369,high,False,hole_avoidance
325,1500.0,28.025,11.0,14.425,0.0,0,40,-0.5489846899589744,-0.8022366652946211,-1.2543098323015556,hole_management,height_management,0.2532519753356467,low/mixed,True,hole_avoidance
326,1500.0,33.8,12.1,19.6,0.0,0,40,0.7142748132712381,0.5373615613833047,0.4545647726275905,hole_management,height_management,0.1769132518879334,low/mixed,True,hole_avoidance
327,1500.0,33.6,12.225,18.775,0.0,0,40,0.6705255664061235,0.6895886325967053,0.1821354877838127,height_management,hole_management,0.019063066190581845,low/mixed,True,stack_height
328,1500.0,30.825,10.85,16.125,0.0,0,40,0.06350476615264411,-0.9849091507507024,-0.6929403968658943,hole_management,surface_management,0.7564451630185384,high,False,hole_avoidance
329,1500.0,30.5,11.125,18.175,0.0,0,40,-0.007587760003168579,-0.6500095940812204,-0.015994901193478853,hole_management,surface_management,0.008407141190310274,low/mixed,True,hole_avoidance
330,1500.0,32.625,11.325,18.425,0.0,0,40,0.4572479879386846,-0.4064462801397801,0.06655942754705958,hole_management,surface_management,0.39068856039162503,moderate,False,hole_avoidance
331,1500.0,27.175,10.575,15.95,0.0,0,40,-0.7349189891357152,-1.3198087074201843,-0.7507284269842714,hole_management,surface_management,0.015809437848556263,low/mixed,True,hole_avoidance
332,1500.0,38.225,11.95,15.6,0.0,0,40,1.6822269001619217,0.3546890759272234,-0.8663044872210252,hole_management,height_management,1.3275378242346982,high,False,hole_avoidance
333,1500.0,36.9,12.2,15.8,0.0,0,40,1.3923881396805302,0.6591432183540248,-0.800261024228594,hole_management,height_management,0.7332449213265054,moderate,False,hole_avoidance
334,1500.0,28.4,11.475,13.45,0.0,0,40,-0.46695485208688264,-0.22377379468369887,-1.5762717143896559,height_management,hole_management,0.24318105740318377,low/mixed,True,stack_height
335,1500.0,32.325,12.175,18.3,0.0,0,40,0.39162411764101185,0.6286978041113463,0.025282263176790366,height_management,hole_management,0.2370736864703345,low/mixed,True,stack_height
336,1500.0,27.475,11.0,14.75,0.0,0,40,-0.6692951188380416,-0.8022366652946211,-1.1469892049388557,hole_management,height_management,0.13294154645657952,low/mixed,True,hole_avoidance
337,1500.0,30.375,11.75,15.175,0.0,0,40,-0.034931039293865825,0.11112576198578313,-1.0066468460799403,height_management,hole_management,0.14605680127964896,low/mixed,True,stack_height
338,1500.0,27.1,11.725,16.55,0.0,0,40,-0.7513249567101334,0.08068034774310255,-0.5525980380069787,height_management,surface_management,0.6332783857500812,moderate,False,stack_height
339,1500.0,26.45,11.625,20.15,0.0,0,40,-0.8935100090217596,-0.04110130922761759,0.6361842958567742,surface_management,height_management,0.6772856050843917,moderate,False,bumpiness
340,1500.0,29.925,11.375,14.55,0.0,0,40,-0.13336684474037577,-0.345555451654419,-1.2130326679312862,hole_management,height_management,0.2121886069140432,low/mixed,True,hole_avoidance
341,1500.0,30.15,12.4,17.025,0.025,1,40,-0.08414894201712118,0.9027065322954673,-0.3957448133999564,height_management,hole_management,0.9868554743125885,high,False,stack_height
342,1500.0,25.2,10.775,16.875,0.0,0,40,-1.166942801928732,-1.076245393478742,-0.445277410644279,surface_management,height_management,0.630967982834463,moderate,False,bumpiness
343,1500.0,30.75,10.85,15.2,0.0,0,40,0.047098798578225916,-0.9849091507507024,-0.9983914132058868,hole_management,height_management,1.0320079493289283,high,False,hole_avoidance
344,1500.0,36.45,14.225,19.425,0.0,0,40,1.293952334234021,3.1252217720111166,0.39677674250921335,height_management,hole_management,1.8312694377770957,high,False,stack_height
345,1500.0,34.25,11.075,19.975,0.0,0,40,0.8127106187177489,-0.7109004225665816,0.5783962657383982,hole_management,surface_management,0.23431435297935066,low/mixed,True,hole_avoidance
346,1500.0,35.9,12.075,17.25,0.0,0,40,1.1736419053549523,0.506916147140624,-0.32144591753347135,hole_management,height_management,0.6667257582143282,moderate,False,hole_avoidance
347,1500.0,23.225,10.175,18.775,0.0,0,40,-1.598966614721748,-1.8069353353030648,0.1821354877838127,surface_management,hole_management,1.7811021025055607,high,False,bumpiness
348,1500.0,32.85,12.4,22.45,0.0,0,40,0.5064658906619399,0.9027065322954673,1.395684120269728,surface_management,height_management,0.49297758797426083,moderate,False,bumpiness
349,1500.0,30.7,11.5,15.95,0.0,0,40,0.03616148686194686,-0.1933283804410183,-0.7507284269842714,hole_management,height_management,0.22948986730296517,low/mixed,True,hole_avoidance
350,1500.0,29.25,11.25,15.575,0.0,0,40,-0.28102055291014105,-0.4977825228678197,-0.8745599200950791,hole_management,height_management,0.21676196995767866,low/mixed,True,hole_avoidance
351,1500.0,21.725,10.85,13.3,0.0,0,40,-1.927085966210115,-0.9849091507507024,-1.6258043116339784,height_management,surface_management,0.640895160883276,moderate,False,stack_height
352,1500.0,32.9,12.125,17.125,0.025,1,40,0.5174032023782182,0.5678069756259853,-0.36272308190374053,height_management,hole_management,0.050403773247767014,low/mixed,True,stack_height
353,1500.0,43.125,12.725,19.725,0.0,0,40,2.754083448357253,1.2984969174503083,0.4958419369978597,hole_management,height_management,1.455586530906945,high,False,hole_avoidance
354,1500.0,31.425,12.5,19.3,0.0,0,40,0.19475250674799122,1.0244881892661875,0.3554995781389441,height_management,surface_management,0.6689886111272434,moderate,False,stack_height
355,1500.0,36.65,12.925,19.175,0.0,0,40,1.3377015810991357,1.5420602313917506,0.31422241376867494,height_management,hole_management,0.2043586502926149,low/mixed,True,stack_height
356,1500.0,39.225,14.325,16.0,0.075,3,40,1.9009731344874996,3.247003428981837,-0.7342175612361636,height_management,hole_management,1.3460302944943374,high,False,stack_height
357,1500.0,21.9,10.65,17.275,0.0,0,40,-1.8888053752031395,-1.2284724646921426,-0.31319048465941796,surface_management,height_management,0.9152819800327245,high,False,bumpiness
358,1500.0,29.925,11.325,16.8,0.0,0,40,-0.13336684474037577,-0.4064462801397801,-0.4700437092664403,hole_management,height_management,0.2730794353994044,low/mixed,True,hole_avoidance
359,1500.0,33.75,11.575,16.8,0.0,0,40,0.7033375015549599,-0.10199213771297873,-0.4700437092664403,hole_management,height_management,0.8053296392679387,high,False,hole_avoidance
360,1500.0,28.925,12.3,23.575,0.0,0,40,-0.35211307906595374,0.7809248753247471,1.767178599602151,surface_management,height_management,0.9862537242774039,high,False,bumpiness
361,1500.0,30.475,12.0,22.55,0.0,0,40,-0.013056415861307718,0.4155799044125845,1.428705851765944,surface_management,height_management,1.0131259473533594,high,False,bumpiness
362,1500.0,28.125,11.75,15.75,0.0,0,40,-0.5271100665264162,0.11112576198578313,-0.816771889976702,height_management,hole_management,0.6382358285121994,moderate,False,stack_height
363,1500.0,33.025,12.075,19.65,0.0,0,40,0.5447464816689155,0.506916147140624,0.47107563837569727,hole_management,height_management,0.03783033452829143,low/mixed,True,hole_avoidance
364,1500.0,31.5,11.675,12.775,0.0,0,40,0.2111584743224094,0.019789519257743565,-1.7991684019891092,hole_management,height_management,0.19136895506466584,low/mixed,True,hole_avoidance
365,1500.0,30.3,11.35,18.15,0.0,0,40,-0.05133700686828402,-0.3760008658970996,-0.0242503340675334,surface_management,hole_management,0.027086672800750618,low/mixed,True,bumpiness
366,1500.0,23.45,11.2,15.8,0.0,0,40,-1.5497487119984934,-0.5586733513531809,-0.800261024228594,height_management,surface_management,0.24158767287541316,low/mixed,True,stack_height
367,1500.0,26.95,11.425,23.85,0.0,0,40,-0.7841368918589705,-0.28466462316905783,1.857988361216744,surface_management,height_management,2.1426529843858018,high,False,bumpiness
368,1500.0,25.525,11.675,22.1,0.0,0,40,-1.0958502757729194,0.019789519257743565,1.2801080600329748,surface_management,height_management,1.2603185407752313,high,False,bumpiness
369,1500.0,27.2,11.875,16.975,0.0,0,40,-0.729450333277576,0.26335283319918384,-0.41225567914806316,height_management,surface_management,0.6756085123472471,moderate,False,stack_height
370,1500.0,30.4,12.1,19.025,0.025,1,40,-0.02946238343572669,0.5373615613833047,0.26468981652435114,height_management,surface_management,0.27267174485895357,low/mixed,True,stack_height
371,1500.0,21.325,11.6,19.025,0.0,0,40,-2.014584459940347,-0.07154672347029815,0.26468981652435114,surface_management,height_management,0.3362365399946493,low/mixed,True,bumpiness
372,1500.0,30.3,12.675,19.775,0.0,0,40,-0.05133700686828402,1.2376060889649492,0.5123528027459665,height_management,surface_management,0.7252532862189827,moderate,False,stack_height
373,1500.0,30.35,12.375,22.3,0.0,0,40,-0.040399695152004964,0.8722611180527866,1.3461515230254055,surface_management,height_management,0.4738904049726189,moderate,False,bumpiness
374,1500.0,30.875,11.3,16.1,0.0,0,40,0.07444207786892316,-0.43689169438245856,-0.7011958297399477,hole_management,height_management,0.5113337722513818,moderate,False,hole_avoidance
375,1500.0,34.175,11.975,17.05,0.0,0,40,0.7963046511433298,0.385134490169904,-0.3874893805259018,hole_management,height_management,0.41117016097342585,moderate,False,hole_avoidance
376,1500.0,31.275,11.05,12.6,0.0,0,40,0.16194057159915404,-0.7413458368092599,-1.8569564321074865,hole_management,height_management,0.903286408408414,high,False,hole_avoidance
377,1500.0,30.4,11.7,20.7,0.0,0,40,-0.02946238343572669,0.05023493350042197,0.8178038190859589,surface_management,height_management,0.7675688855855369,high,False,bumpiness
378,1500.0,35.3,11.925,19.1,0.0,0,40,1.0423941647596051,0.324243661684545,0.2894561151465136,hole_management,height_management,0.7181505030750601,moderate,False,hole_avoidance
379,1500.0,20.175,10.225,18.0,0.0,0,40,-2.266142629414761,-1.746044506817706,-0.073782931311856,surface_management,height_management,1.6722615755058499,high,False,bumpiness
380,1500.0,34.9,11.8,19.75,0.0,0,40,0.9548956710293742,0.17201659047114426,0.5040973698719131,hole_management,surface_management,0.4507983011574611,moderate,False,hole_avoidance
381,1500.0,38.875,13.2,19.075,0.0,0,40,1.824411952473547,1.8769597880612305,0.2812006822724591,height_management,hole_management,0.05254783558768361,low/mixed,True,stack_height
382,1500.0,28.3,11.25,18.425,0.0,0,40,-0.48882947551943995,-0.4977825228678197,0.06655942754705958,surface_management,hole_management,0.5553889030664996,moderate,False,bumpiness
383,1500.0,22.75,10.425,19.275,0.0,0,40,-1.7028710760263979,-1.5024811928762636,0.34724414526488956,surface_management,height_management,1.8497253381411531,high,False,bumpiness
384,1500.0,30.175,11.05,17.1,0.0,0,40,-0.07868028615898126,-0.7413458368092599,-0.3709785147777939,hole_management,surface_management,0.29229822861881266,low/mixed,True,hole_avoidance
385,1500.0,31.825,11.575,18.575,0.0,0,40,0.2822510004782221,-0.10199213771297873,0.11609202479138218,hole_management,surface_management,0.1661589756868399,low/mixed,True,hole_avoidance
386,1500.0,29.85,10.625,14.3,0.0,0,40,-0.14977281231479395,-1.2589178789348232,-1.2955869966718248,hole_management,height_management,1.1091450666200293,high,False,hole_avoidance
387,1500.0,27.3,11.25,17.05,0.0,0,40,-0.7075757098450179,-0.4977825228678197,-0.3874893805259018,surface_management,height_management,0.1102931423419179,low/mixed,True,bumpiness
388,1500.0,29.175,11.85,14.4,0.0,0,40,-0.29742652048455925,0.23290741895650324,-1.2625652651756094,height_management,hole_management,0.5303339394410624,moderate,False,stack_height
389,1500.0,37.2,11.575,17.575,0.0,0,40,1.4580120099782046,-0.10199213771297873,-0.2141252901707716,hole_management,height_management,1.5600041476911832,high,False,hole_avoidance
390,1500.0,25.225,11.0,16.175,0.0,0,40,-1.1614741460705922,-0.8022366652946211,-0.6764295311177864,surface_management,height_management,0.12580713417683476,low/mixed,True,bumpiness
391,1500.0,32.25,11.9,21.1,0.0,0,40,0.37521815006659287,0.2937982474418644,0.9498907450708212,surface_management,hole_management,0.5746725950042283,moderate,False,bumpiness
392,1500.0,34.575,10.5,11.825,0.0,0,40,0.8838031448735623,-1.411144950148224,-2.1128748512031557,hole_management,height_management,2.294948095021786,high,False,hole_avoidance
393,1500.0,28.975,11.15,14.6,0.025,1,40,-0.3411757673496747,-0.6195641798385398,-1.196521802183179,hole_management,height_management,0.27838841248886514,low/mixed,True,hole_avoidance
394,1500.0,26.2,10.325,16.8,0.0,0,40,-0.9481965676031541,-1.6242628498469858,-0.4700437092664403,surface_management,hole_management,0.4781528583367138,moderate,False,bumpiness
395,1500.0,39.85,12.25,16.325,0.0,0,40,2.0376895309409857,0.720034046839386,-0.6268969338734638,hole_management,height_management,1.3176554841015997,high,False,hole_avoidance
396,1500.0,35.725,12.3,25.45,0.0,0,40,1.1353613143479766,0.7809248753247471,2.3863360651561893,surface_management,hole_management,1.2509747508082127,high,False,bumpiness
397,1500.0,30.125,11.35,16.0,0.0,0,40,-0.08961759787526032,-0.3760008658970996,-0.7342175612361636,hole_management,height_management,0.2863832680218393,low/mixed,True,hole_avoidance
398,1500.0,26.725,10.15,15.25,0.0,0,40,-0.8333547945822252,-1.8373807495457455,-0.9818805474577789,hole_management,surface_management,0.1485257528755537,low/mixed,True,hole_avoidance
399,1500.0,28.775,12.7,15.775,0.025,1,40,-0.3849250142147909,1.2680515032076276,-0.808516457102648,height_management,hole_management,1.6529765174224185,high,False,stack_height
400,1500.0,31.625,11.025,13.55,0.025,1,40,0.23850175361310663,-0.7717912510519406,-1.54324998289344,hole_management,height_management,1.0102930046650471,high,False,hole_avoidance
401,1500.0,29.825,11.4,15.175,0.0,0,40,-0.15524146817293386,-0.31511003741173843,-1.0066468460799403,hole_management,height_management,0.15986856923880458,low/mixed,True,hole_avoidance
402,1500.0,27.6,10.775,13.1,0.025,1,40,-0.6419518395473444,-1.076245393478742,-1.6918477746264096,hole_management,height_management,0.43429355393139757,moderate,False,hole_avoidance
403,1500.0,29.975,12.5,17.725,0.0,0,40,-0.1224295330240967,1.0244881892661875,-0.16459269292644782,height_management,hole_management,1.1469177222902842,high,False,stack_height
404,1500.0,30.8,11.125,17.0,0.025,1,40,0.05803611029450497,-0.6500095940812204,-0.40400024627400977,hole_management,surface_management,0.4620363565685147,moderate,False,hole_avoidance
405,1500.0,24.775,10.8,16.525,0.0,0,40,-1.2599099515171028,-1.0457999792360613,-0.5608534708810333,surface_management,height_management,0.48494650835502795,moderate,False,bumpiness
406,1500.0,33.2,11.875,18.65,0.0,0,40,0.5830270726758926,0.26335283319918384,0.14085832341354348,hole_management,height_management,0.31967423947670875,low/mixed,True,hole_avoidance
407,1500.0,25.925,11.15,13.9,0.0,0,40,-1.0083517820426877,-0.6195641798385398,-1.4276739226566864,height_management,hole_management,0.3887876022041479,moderate,False,stack_height
408,1500.0,35.25,12.725,15.05,0.0,0,40,1.0314568530433268,1.2984969174503083,-1.0479240104502094,height_management,hole_management,0.26704006440698147,low/mixed,True,stack_height
409,1500.0,37.8,13.375,21.05,0.0,0,40,1.58925975057355,2.0900776877599925,0.9333798793227133,height_management,hole_management,0.5008179371864425,moderate,False,stack_height
410,1500.0,29.05,11.325,21.75,0.025,1,40,-0.3247697997752565,-0.4064462801397801,1.1645319997962207,surface_management,hole_management,1.4893017995714772,high,False,bumpiness
411,1500.0,28.575,11.525,21.5,0.0,0,40,-0.42867426107990636,-0.16288296619833773,1.081977671055682,surface_management,height_management,1.2448606372540199,high,False,bumpiness
412,1500.0,34.4,11.925,17.725,0.0,0,40,0.8455225538665853,0.324243661684545,-0.16459269292644782,hole_management,height_management,0.5212788921820403,moderate,False,hole_avoidance
413,1500.0,37.15,11.325,14.625,0.025,1,40,1.4470746982619247,-0.4064462801397801,-1.1882663693091249,hole_management,height_management,1.8535209784017048,high,False,hole_avoidance
414,1500.0,36.075,12.9,19.525,0.0,0,40,1.2119224963619293,1.51161481714907,0.42979847400542803,height_management,hole_management,0.2996923207871407,low/mixed,True,stack_height
415,1500.0,31.2,12.15,14.975,0.0,0,40,0.14553460402473584,0.5982523898686658,-1.0726903090723712,height_management,hole_management,0.45271778584392997,moderate,False,stack_height
416,1500.0,24.475,10.8,16.875,0.0,0,40,-1.3255338218147756,-1.0457999792360613,-0.445277410644279,surface_management,height_management,0.6005225685917823,moderate,False,bumpiness
417,1500.0,34.1,12.075,18.95,0.0,0,40,0.7798986835689125,0.506916147140624,0.23992351790218985,hole_management,height_management,0.2729825364282884,low/mixed,True,hole_avoidance
418,1500.0,29.125,11.65,15.55,0.0,0,40,-0.3083638322008383,-0.010655894984937011,-0.8828153529691325,height_management,hole_management,0.2977079372159013,low/mixed,True,stack_height
419,1500.0,23.0,12.65,16.7,0.0,0,40,-1.6481845174450034,1.2071606747222687,-0.5030654407626561,height_management,surface_management,1.7102261154849248,high,False,stack_height
420,1500.0,28.825,11.2,19.3,0.0,0,40,-0.3739877024985118,-0.5586733513531809,0.3554995781389441,surface_management,hole_management,0.7294872806374559,moderate,False,bumpiness
421,1500.0,35.75,11.85,19.275,0.0,0,40,1.1408299702061158,0.23290741895650324,0.34724414526488956,hole_management,surface_management,0.7935858249412262,high,False,hole_avoidance
422,1500.0,32.325,11.45,15.875,0.0,0,40,0.39162411764101185,-0.25421920892637945,-0.7754947256064327,hole_management,height_management,0.6458433265673913,moderate,False,hole_avoidance
423,1500.0,26.875,10.75,17.925,0.0,0,40,-0.8005428594333888,-1.1066908077214226,-0.0985492299340173,surface_management,hole_management,0.7019936294993715,moderate,False,bumpiness
424,1500.0,33.975,11.675,17.45,0.0,0,40,0.7525554042782152,0.019789519257743565,-0.2554024545410408,hole_management,height_management,0.7327658850204717,moderate,False,hole_avoidance
425,1500.0,27.75,10.95,18.775,0.0,0,40,-0.609139904398508,-0.8631274937799822,0.1821354877838127,surface_management,hole_management,0.7912753921823207,high,False,bumpiness
426,1500.0,35.95,11.6,18.65,0.0,0,40,1.184579217071232,-0.07154672347029815,0.14085832341354348,hole_management,surface_management,1.0437208936576885,high,False,hole_avoidance
427,1500.0,33.05,10.975,12.85,0.0,0,40,0.5502151375270546,-0.8326820795373017,-1.774402103366948,hole_management,height_management,1.3828972170643563,high,False,hole_avoidance
428,1500.0,33.3,11.8,17.825,0.0,0,40,0.6049016961084491,0.17201659047114426,-0.13157096143023314,hole_management,height_management,0.43288510563730487,moderate,False,hole_avoidance
429,1500.0,28.575,12.4,19.875,0.0,0,40,-0.42867426107990636,0.9027065322954673,0.5453745342421823,height_management,surface_management,0.35733199805328497,moderate,False,stack_height
430,1500.0,33.825,12.425,19.2,0.0,0,40,0.7197434691293788,0.9331519465381478,0.32247784664272827,height_management,hole_management,0.213408477408769,low/mixed,True,stack_height
431,1500.0,33.6,12.075,18.75,0.025,1,40,0.6705255664061235,0.506916147140624,0.17388005490975933,hole_management,height_management,0.16360941926549943,low/mixed,True,hole_avoidance
432,1500.0,32.25,11.05,16.175,0.0,0,40,0.37521815006659287,-0.7413458368092599,-0.6764295311177864,hole_management,surface_management,1.0516476811843791,high,False,hole_avoidance
433,1500.0,27.425,11.6,16.25,0.0,0,40,-0.6802324305543207,-0.07154672347029815,-0.6516632324956251,height_management,surface_management,0.580116509025327,moderate,False,stack_height
434,1500.0,28.725,11.15,14.1,0.0,0,40,-0.3958623259310692,-0.6195641798385398,-1.3616304596642559,hole_management,height_management,0.22370185390747066,low/mixed,True,hole_avoidance
435,1500.0,34.4,13.375,17.025,0.0,0,40,0.8455225538665853,2.0900776877599925,-0.3957448133999564,height_management,hole_management,1.244555133893407,high,False,stack_height
436,1500.0,34.0,12.9,25.775,0.0,0,40,0.7580240601363544,1.51161481714907,2.493656692518889,surface_management,height_management,0.982041875369819,high,False,bumpiness
437,1500.0,32.475,12.925,21.3,0.0,0,40,0.42443605278984825,1.5420602313917506,1.0159342080632516,height_management,surface_management,0.526126023328499,moderate,False,stack_height
438,1500.0,32.075,11.2,17.975,0.0,0,40,0.33693755905961736,-0.5586733513531809,-0.08203836418590937,hole_management,surface_management,0.41897592324552674,moderate,False,hole_avoidance
439,1500.0,28.7,11.525,13.5,0.0,0,40,-0.4013309817892091,-0.16288296619833773,-1.559760848641548,height_management,hole_management,0.2384480155908714,low/mixed,True,stack_height
440,1500.0,23.825,11.525,22.275,0.0,0,40,-1.4677188741264018,-0.16288296619833773,1.3378960901513508,surface_management,height_management,1.5007790563496886,high,False,bumpiness
441,1500.0,32.05,11.125,20.8,0.0,0,40,0.33146890320147665,-0.6500095940812204,0.8508255505821748,surface_management,hole_management,0.5193566473806981,moderate,False,bumpiness
442,1500.0,32.275,11.95,20.375,0.0,0,40,0.38068680592473203,0.3546890759272234,0.7104831917232592,surface_management,hole_management,0.3297963857985272,low/mixed,True,bumpiness
443,1500.0,35.35,12.825,18.575,0.0,0,40,1.053331476475885,1.4202785744210282,0.11609202479138218,height_management,hole_management,0.36694709794514324,moderate,False,stack_height
444,1500.0,25.275,12.025,23.55,0.0,0,40,-1.1505368343543139,0.4460253186552651,1.7589231667280976,surface_management,height_management,1.3128978480728324,high,False,bumpiness
445,1500.0,34.65,11.325,15.75,0.0,0,40,0.9002091124479797,-0.4064462801397801,-0.816771889976702,hole_management,height_management,1.3066553925877598,high,False,hole_avoidance
446,1500.0,29.15,11.025,13.85,0.0,0,40,-0.30289517634269914,-0.7717912510519406,-1.4441847884047943,hole_management,height_management,0.46889607470924144,moderate,False,hole_avoidance
447,1500.0,32.4,11.85,13.6,0.0,0,40,0.4080300852154293,0.23290741895650324,-1.5267391171453326,hole_management,height_management,0.17512266625892603,low/mixed,True,hole_avoidance
448,1500.0,31.225,11.775,19.05,0.025,1,40,0.15100325988287577,0.14157117622846369,0.2729452493984057,surface_management,hole_management,0.12194198951552992,low/mixed,True,bumpiness
449,1500.0,25.575,12.025,22.875,0.0,0,40,-1.0849129640566402,0.4460253186552651,1.5360264791286435,surface_management,height_management,1.0900011604733784,high,False,bumpiness
450,1500.0,43.925,14.45,11.35,0.075,3,40,2.929080435817715,3.3992305001952374,-2.2697280758101788,height_management,hole_management,0.47015006437752227,moderate,False,stack_height
451,1500.0,33.45,10.6,16.0,0.0,0,40,0.6377136312572871,-1.2893632931775039,-0.7342175612361636,hole_management,surface_management,1.3719311924934505,high,False,hole_avoidance
452,1500.0,23.8,11.35,17.075,0.025,1,40,-1.473187529984541,-0.3760008658970996,-0.3792339476518485,height_management,surface_management,0.003233081754748901,low/mixed,True,stack_height
453,1500.0,25.8,10.55,12.375,0.0,0,40,-1.0356950613333848,-1.3502541216628627,-1.931255327973971,hole_management,height_management,0.3145590603294779,low/mixed,True,hole_avoidance
454,1500.0,28.125,11.325,20.575,0.0,0,40,-0.5271100665264162,-0.4064462801397801,0.7765266547156897,surface_management,height_management,1.1829729348554698,high,False,bumpiness
455,1500.0,28.075,12.475,19.05,0.0,0,40,-0.5380473782426953,0.9940427750235068,0.2729452493984057,height_management,surface_management,0.7210975256251011,moderate,False,stack_height
456,1500.0,27.125,11.675,16.65,0.0,0,40,-0.7458563008519943,0.019789519257743565,-0.519576306510764,height_management,surface_management,0.5393658257685076,moderate,False,stack_height
457,1500.0,25.975,10.725,14.075,0.0,0,40,-0.9974144703264086,-1.137136221964103,-1.3698858925383097,hole_management,height_management,0.1397217516376944,low/mixed,True,hole_avoidance
458,1500.0,39.625,11.725,13.975,0.0,0,40,1.9884716282177304,0.08068034774310255,-1.402907624034525,hole_management,height_management,1.9077912804746278,high,False,hole_avoidance
459,1500.0,31.275,11.975,21.1,0.0,0,40,0.16194057159915404,0.385134490169904,0.9498907450708212,surface_management,height_management,0.5647562549009172,moderate,False,bumpiness
460,1500.0,41.3,12.3,16.9,0.0,0,40,2.354871570713073,0.7809248753247471,-0.4370219777702256,hole_management,height_management,1.5739466953883259,high,False,hole_avoidance
461,1500.0,26.325,11.225,16.875,0.0,0,40,-0.9208532883124568,-0.5282279371105003,-0.445277410644279,surface_management,height_management,0.08295052646622131,low/mixed,True,bumpiness
462,1500.0,32.475,11.275,15.925,0.0,0,40,0.42443605278984825,-0.4673371086251391,-0.7589838598583248,hole_management,height_management,0.8917731614149873,high,False,hole_avoidance
463,1500.0,35.375,11.3,12.6,0.0,0,40,1.0588001323340241,-0.43689169438245856,-1.8569564321074865,hole_management,height_management,1.4956918267164827,high,False,hole_avoidance
464,1500.0,37.05,11.9,19.375,0.0,0,40,1.4252000748293665,0.2937982474418644,0.38026587676110546,hole_management,surface_management,1.044934198068261,high,False,hole_avoidance
465,1500.0,29.35,11.825,17.975,0.0,0,40,-0.2591459294775829,0.20246200471382267,-0.08203836418590937,height_management,surface_management,0.28450036889973207,low/mixed,True,stack_height
466,1500.0,31.1,11.225,18.0,0.0,0,40,0.12365998059217852,-0.5282279371105003,-0.073782931311856,hole_management,surface_management,0.1974429119040345,low/mixed,True,hole_avoidance
467,1500.0,30.7,12.525,19.775,0.0,0,40,0.03616148686194686,1.054933603508868,0.5123528027459665,height_management,surface_management,0.5425808007629014,moderate,False,stack_height
468,1500.0,29.0,11.275,17.625,0.0,0,40,-0.33570711149153554,-0.4673371086251391,-0.19761442442266366,surface_management,hole_management,0.13809268706887187,low/mixed,True,bumpiness
469,1500.0,28.35,11.125,15.6,0.0,0,40,-0.4778921638031609,-0.6500095940812204,-0.8663044872210252,hole_management,height_management,0.17211743027805948,low/mixed,True,hole_avoidance
470,1500.0,41.475,12.075,15.3,0.0,0,40,2.39315216172005,0.506916147140624,-0.965369681709671,hole_management,height_management,1.886236014579426,high,False,hole_avoidance
471,1500.0,39.625,12.425,15.325,0.025,1,40,1.9884716282177304,0.9331519465381478,-0.9571142488356176,hole_management,height_management,1.0553196816795825,high,False,hole_avoidance
472,1500.0,38.425,13.075,20.2,0.0,0,40,1.7259761470270363,1.7247327168478297,0.6526951616048821,hole_management,height_management,0.0012434301792065838,low/mixed,True,hole_avoidance
473,1500.0,39.825,12.025,20.625,0.0,0,40,2.0322208750828468,0.4460253186552651,0.7930375204637976,hole_management,surface_management,1.2391833546190492,high,False,hole_avoidance
474,1500.0,28.175,9.975,14.825,0.0,0,40,-0.5161727548101372,-2.050498649244507,-1.1222229063166944,hole_management,surface_management,0.6060501515065572,moderate,False,hole_avoidance
475,1500.0,33.9,11.925,12.7,0.025,1,40,0.7361494367037962,0.324243661684545,-1.8239347006112712,hole_management,height_management,0.4119057750192512,moderate,False,hole_avoidance
476,1500.0,26.65,10.675,14.975,0.0,0,40,-0.8497607621566441,-1.1980270504494621,-1.0726903090723712,hole_management,surface_management,0.22292954691572708,low/mixed,True,hole_avoidance
477,1500.0,42.85,12.725,19.975,0.0,0,40,2.6939282339177195,1.2984969174503083,0.5783962657383982,hole_management,height_management,1.3954313164674113,high,False,hole_avoidance
478,1500.0,29.175,12.0,23.4,0.0,0,40,-0.29742652048455925,0.4155799044125845,1.7093905694837739,surface_management,height_management,1.2938106650711894,high,False,bumpiness
479,1500.0,34.85,11.575,14.6,0.0,0,40,0.9439583593130959,-0.10199213771297873,-1.196521802183179,hole_management,height_management,1.0459504970260747,high,False,hole_avoidance
480,1500.0,26.925,11.55,16.45,0.0,0,40,-0.7896055477171097,-0.13243755195565715,-0.5856197695031946,height_management,surface_management,0.45318221754753746,moderate,False,stack_height
481,1500.0,28.825,11.525,19.175,0.0,0,40,-0.3739877024985118,-0.16288296619833773,0.31422241376867494,surface_management,height_management,0.47710537996701263,moderate,False,bumpiness
482,1500.0,25.6,10.875,14.75,0.0,0,40,-1.0794443081985003,-0.9544637365080219,-1.1469892049388557,height_management,hole_management,0.12498057169047849,low/mixed,True,stack_height
483,1500.0,30.5,12.9,21.25,0.0,0,40,-0.007587760003168579,1.51161481714907,0.9994233423151437,height_management,surface_management,0.5121914748339262,moderate,False,stack_height
484,1500.0,24.4,11.575,20.525,0.0,0,40,-1.3419397893891944,-0.10199213771297873,0.7600157889675818,surface_management,height_management,0.8620079266805606,high,False,bumpiness
485,1500.0,29.675,11.05,20.95,0.025,1,40,-0.18805340332177026,-0.7413458368092599,0.9003581478264974,surface_management,hole_management,1.0884115511482677,high,False,bumpiness
486,1500.0,23.1,10.975,17.25,0.0,0,40,-1.6263098940124452,-0.8326820795373017,-0.32144591753347135,surface_management,height_management,0.5112361620038304,moderate,False,bumpiness
487,1500.0,29.7,10.55,14.075,0.0,0,40,-0.18258474746363113,-1.3502541216628627,-1.3698858925383097,hole_management,height_management,1.1676693741992317,high,False,hole_avoidance
488,1500.0,26.5,10.825,16.175,0.025,1,40,-0.8825726973054805,-1.015354564993383,-0.6764295311177864,surface_management,hole_management,0.20614316618769413,low/mixed,True,bumpiness
489,1500.0,33.1,12.525,19.75,0.025,1,40,0.5611524492433345,1.054933603508868,0.5040973698719131,height_management,hole_management,0.4937811542655334,moderate,False,stack_height
490,1500.0,29.925,11.75,17.775,0.0,0,40,-0.13336684474037577,0.11112576198578313,-0.14808182717834106,height_management,hole_management,0.2444926067261589,low/mixed,True,stack_height
491,1500.0,30.125,11.95,17.925,0.0,0,40,-0.08961759787526032,0.3546890759272234,-0.0985492299340173,height_management,hole_management,0.4443066738024837,moderate,False,stack_height
492,1500.0,30.975,11.95,14.6,0.0,0,40,0.09631670130148128,0.3546890759272234,-1.196521802183179,height_management,hole_management,0.2583723746257421,low/mixed,True,stack_height
493,1500.0,24.25,10.65,14.075,0.0,0,40,-1.374751724538031,-1.2284724646921426,-1.3698858925383097,height_management,surface_management,0.14141342784616717,low/mixed,True,stack_height
494,1500.0,29.4,11.55,18.375,0.0,0,40,-0.24820861776130465,-0.13243755195565715,0.05004856179895167,surface_management,height_management,0.18248611375460883,low/mixed,True,bumpiness
495,1500.0,24.2,10.45,14.175,0.0,0,40,-1.38568903625431,-1.4720357786335851,-1.336864161042094,surface_management,hole_management,0.04882487521221601,low/mixed,True,bumpiness
496,1500.0,33.25,12.175,19.025,0.0,0,40,0.5939643843921708,0.6286978041113463,0.26468981652435114,height_management,hole_management,0.03473341971917554,low/mixed,True,stack_height
497,1500.0,29.125,11.35,18.55,0.0,0,40,-0.3083638322008383,-0.3760008658970996,0.1078365919173288,surface_management,hole_management,0.4162004241181671,moderate,False,bumpiness
498,1500.0,46.1,14.15,21.2,0.0,0,40,3.404853495475848,3.033885529283077,0.9829124765670358,hole_management,height_management,0.37096796619277095,moderate,False,hole_avoidance
499,1500.0,31.575,11.825,18.525,0.0,0,40,0.2275644418968276,0.20246200471382267,0.09958115904327426,hole_management,height_management,0.025102437183004922,low/mixed,True,hole_avoidance
500,1500.0,37.875,13.325,20.55,0.0,0,40,1.605665718147969,2.029186859274631,0.7682712218416363,height_management,hole_management,0.42352114112666217,moderate,False,stack_height
501,1500.0,29.025,11.45,14.125,0.0,0,40,-0.3302384556333964,-0.25421920892637945,-1.3533750267902018,height_management,hole_management,0.07601924670701693,low/mixed,True,stack_height
502,1500.0,32.9,11.75,19.025,0.0,0,40,0.5174032023782182,0.11112576198578313,0.26468981652435114,hole_management,surface_management,0.2527133858538671,low/mixed,True,hole_avoidance
503,1500.0,30.925,11.325,20.525,0.0,0,40,0.08537938958520222,-0.4064462801397801,0.7600157889675818,surface_management,hole_management,0.6746363993823796,moderate,False,bumpiness
504,1500.0,35.975,12.1,18.8,0.0,0,40,1.190047872929371,0.5373615613833047,0.19039092065786725,hole_management,height_management,0.6526863115460664,moderate,False,hole_avoidance
505,1500.0,30.325,11.725,14.75,0.0,0,40,-0.04586835101014488,0.08068034774310255,-1.1469892049388557,height_management,hole_management,0.12654869875324742,low/mixed,True,stack_height
506,1500.0,30.975,12.425,23.825,0.0,0,40,0.09631670130148128,0.9331519465381478,1.8497329283426895,surface_management,height_management,0.9165809818045417,high,False,bumpiness
507,1500.0,29.1,11.3,19.575,0.0,0,40,-0.31383248805897745,-0.43689169438245856,0.4463093397535359,surface_management,hole_management,0.7601418278125134,high,False,bumpiness
508,1500.0,34.7,12.1,17.675,0.0,0,40,0.9111464241642595,0.5373615613833047,-0.18110355867455574,hole_management,height_management,0.3737848627809548,moderate,False,hole_avoidance
509,1500.0,36.125,12.025,18.05,0.0,0,40,1.2228598080782076,0.4460253186552651,-0.05727206556374807,hole_management,height_management,0.7768344894229424,high,False,hole_avoidance
510,1500.0,22.875,10.225,13.25,0.0,0,40,-1.6755277967357007,-1.746044506817706,-1.6423151773820863,surface_management,hole_management,0.033212619353614414,low/mixed,True,bumpiness
511,1500.0,32.45,11.575,20.75,0.0,0,40,0.4189673969317091,-0.10199213771297873,0.8343146848340669,surface_management,hole_management,0.4153472879023578,moderate,False,bumpiness
512,1500.0,28.45,10.95,17.525,0.0,0,40,-0.4560175403706036,-0.8631274937799822,-0.2306361559188795,surface_management,hole_management,0.2253813844517241,low/mixed,True,bumpiness
513,1500.0,27.1,11.05,17.975,0.0,0,40,-0.7513249567101334,-0.7413458368092599,-0.08203836418590937,surface_management,height_management,0.6593074726233505,moderate,False,bumpiness
514,1500.0,31.325,11.825,16.7,0.0,0,40,0.1728778833154331,0.20246200471382267,-0.5030654407626561,height_management,hole_management,0.029584121398389562,low/mixed,True,stack_height
515,1500.0,30.425,10.575,16.375,0.0,0,40,-0.023993727577586773,-1.3198087074201843,-0.6103860681253559,hole_management,surface_management,0.5863923405477691,moderate,False,hole_avoidance
516,1500.0,36.25,11.6,14.875,0.025,1,40,1.2502030873689047,-0.07154672347029815,-1.1057120405685865,hole_management,height_management,1.321749810839203,high,False,hole_avoidance
517,1500.0,30.0,11.2,15.9,0.0,0,40,-0.11696087716595757,-0.5586733513531809,-0.7672392927323788,hole_management,height_management,0.44171247418722326,moderate,False,hole_avoidance
518,1500.0,29.625,11.15,19.45,0.025,1,40,-0.1989907150380493,-0.6195641798385398,0.40503217538326675,surface_management,hole_management,0.6040228904213161,moderate,False,bumpiness
519,1500.0,30.05,13.4,19.525,0.0,0,40,-0.10602356544967852,2.120523102002673,0.42979847400542803,height_management,surface_management,1.6907246279972448,high,False,stack_height
520,1500.0,40.4,13.175,16.55,0.025,1,40,2.157999959820053,1.846514373818552,-0.5525980380069787,hole_management,height_management,0.3114855860015009,low/mixed,True,hole_avoidance
521,1500.0,37.925,11.725,22.225,0.0,0,40,1.6166030298642473,0.08068034774310255,1.3213852244032442,hole_management,surface_management,0.29521780546100307,low/mixed,True,hole_avoidance
522,1500.0,38.325,12.125,21.175,0.0,0,40,1.7041015235944796,0.5678069756259853,0.9746570436929824,hole_management,surface_management,0.7294444799014972,moderate,False,hole_avoidance
523,1500.0,35.4,10.725,13.825,0.0,0,40,1.064268788192163,-1.137136221964103,-1.4524402212788483,hole_management,height_management,2.2014050101562663,high,False,hole_avoidance
524,1500.0,35.975,11.975,14.625,0.0,0,40,1.190047872929371,0.385134490169904,-1.1882663693091249,hole_management,height_management,0.8049133827594671,high,False,hole_avoidance
525,1500.0,33.65,13.175,11.4,0.05,2,40,0.6814628781224017,1.846514373818552,-2.2532172100620707,height_management,hole_management,1.1650514956961504,high,False,stack_height
526,1500.0,26.975,9.975,15.25,0.0,0,40,-0.7786682360008307,-2.050498649244507,-0.9818805474577789,hole_management,surface_management,0.20321231145694818,low/mixed,True,hole_avoidance
527,1500.0,34.05,13.525,19.4,0.0,0,40,0.7689613718526326,2.2727501732160738,0.3885213096351588,height_management,hole_management,1.503788801363441,high,False,stack_height
528,1500.0,31.0,11.6,18.85,0.025,1,40,0.10178535715962041,-0.07154672347029815,0.20690178640597517,surface_management,hole_management,0.10511642924635477,low/mixed,True,bumpiness
529,1500.0,26.9,10.875,12.875,0.0,0,40,-0.7950742035752496,-0.9544637365080219,-1.766146670492894,hole_management,height_management,0.15938953293277225,low/mixed,True,hole_avoidance
530,1500.0,28.825,11.175,19.75,0.0,0,40,-0.3739877024985118,-0.5891187655958593,0.5040973698719131,surface_management,hole_management,0.878085072370425,high,False,bumpiness
531,1500.0,27.275,12.95,28.65,0.0,0,40,-0.7130443657031579,1.572505645634429,3.4430314730350813,surface_management,height_management,1.8705258274006522,high,False,bumpiness
532,1500.0,35.425,11.625,19.45,0.0,0,40,1.0697374440503022,-0.04110130922761759,0.40503217538326675,hole_management,surface_management,0.6647052686670355,moderate,False,hole_avoidance
533,1500.0,28.525,10.475,13.5,0.0,0,40,-0.4396115727961854,-1.4415903643909045,-1.559760848641548,hole_management,height_management,1.0019787915947191,high,False,hole_avoidance
534,1500.0,40.275,13.275,19.725,0.0,0,40,2.1306566805293556,1.968296030789272,0.4958419369978597,hole_management,height_management,0.16236064974008357,low/mixed,True,hole_avoidance
535,1500.0,25.725,11.4,19.675,0.0,0,40,-1.052101028907803,-0.31511003741173843,0.4793310712497518,surface_management,height_management,0.7944411086614902,high,False,bumpiness
536,1500.0,32.9,12.575,21.1,0.0,0,40,0.5174032023782182,1.115824431994227,0.9498907450708212,height_management,surface_management,0.16593368692340582,low/mixed,True,stack_height
537,1500.0,29.025,11.625,18.625,0.0,0,40,-0.3302384556333964,-0.04110130922761759,0.13260289053949012,surface_management,height_management,0.17370419976710771,low/mixed,True,bumpiness
538,1500.0,36.825,12.65,17.8,0.025,1,40,1.3759821721061127,1.2071606747222687,-0.1398263943042865,hole_management,height_management,0.168821497383844,low/mixed,True,hole_avoidance
539,1500.0,27.4,11.8,20.85,0.0,0,40,-0.6857010864124606,0.17201659047114426,0.8673364163302827,surface_management,height_management,0.6953198258591384,moderate,False,bumpiness
540,1500.0,29.575,11.425,14.95,0.0,0,40,-0.20992802675432837,-0.28466462316905783,-1.0809457419464252,hole_management,height_management,0.07473659641472946,low/mixed,True,hole_avoidance
541,1500.0,24.15,10.85,18.825,0.0,0,40,-1.396626347970589,-0.9849091507507024,0.19864635353192062,surface_management,height_management,1.183555504282623,high,False,bumpiness
542,1500.0,29.325,10.825,17.225,0.0,0,40,-0.26461458533572285,-1.015354564993383,-0.3297013504075247,hole_management,surface_management,0.06508676507180183,low/mixed,True,hole_avoidance
543,1500.0,20.075,10.35,16.2,0.0,0,40,-2.288017252847319,-1.5938174356043053,-0.668174098243733,surface_management,height_management,0.9256433373605724,high,False,bumpiness
544,1500.0,26.1,10.775,19.6,0.0,0,40,-0.9700711910357114,-1.076245393478742,0.4545647726275905,surface_management,hole_management,1.424635963663302,high,False,bumpiness
545,1500.0,23.625,11.175,13.875,0.0,0,40,-1.511468120991517,-0.5891187655958593,-1.4359293555307402,height_management,surface_management,0.8468105899348809,high,False,stack_height
546,1500.0,26.1,11.75,21.275,0.0,0,40,-0.9700711910357114,0.11112576198578313,1.0076787751891971,surface_management,height_management,0.896553013203414,high,False,bumpiness
547,1500.0,27.65,10.975,19.825,0.0,0,40,-0.6310145278310662,-0.8326820795373017,0.5288636684940744,surface_management,hole_management,1.1598781963251406,high,False,bumpiness
548,1500.0,30.05,11.625,17.175,0.0,0,40,-0.10602356544967852,-0.04110130922761759,-0.34621221615563263,height_management,hole_management,0.06492225622206094,low/mixed,True,stack_height
549,1500.0,29.1,11.375,16.775,0.0,0,40,-0.31383248805897745,-0.345555451654419,-0.47829914214049485,hole_management,height_management,0.03172296359544152,low/mixed,True,hole_avoidance
550,1500.0,20.725,10.3,17.025,0.0,0,40,-2.145832200535693,-1.6547082640896642,-0.3957448133999564,surface_management,height_management,1.2589634506897078,high,False,bumpiness
551,1500.0,38.35,11.8,16.75,0.0,0,40,1.7095701794526188,0.17201659047114426,-0.4865545750145482,hole_management,height_management,1.5375535889814747,high,False,hole_avoidance
552,1500.0,35.65,12.925,18.775,0.0,0,40,1.1189553467735578,1.5420602313917506,0.1821354877838127,height_management,hole_management,0.42310488461819284,moderate,False,stack_height
553,1500.0,28.95,11.65,17.05,0.0,0,40,-0.3466444232078146,-0.010655894984937011,-0.3874893805259018,height_management,hole_management,0.33598852822287756,low/mixed,True,stack_height
554,1500.0,27.4,11.35,13.775,0.0,0,40,-0.6857010864124606,-0.3760008658970996,-1.4689510870269555,height_management,hole_management,0.30970022051536106,low/mixed,True,stack_height
555,1500.0,30.025,10.825,12.9,0.0,0,40,-0.11149222130781843,-1.015354564993383,-1.75789123761884,hole_management,height_management,0.9038623436855646,high,False,hole_avoidance
556,1500.0,35.8,11.825,17.45,0.0,0,40,1.151767281922394,0.20246200471382267,-0.2554024545410408,hole_management,height_management,0.9493052772085714,high,False,hole_avoidance
557,1500.0,35.7,11.825,12.625,0.025,1,40,1.1298926584898374,0.20246200471382267,-1.8487009992334325,hole_management,height_management,0.9274306537760147,high,False,hole_avoidance
558,1500.0,39.25,13.675,12.7,0.05,2,40,1.9064417903456388,2.455422658672155,-1.8239347006112712,height_management,hole_management,0.5489808683265163,moderate,False,stack_height
559,1500.0,40.225,13.425,20.325,0.025,1,40,2.1197193688130778,2.1509685162453533,0.6939723259751512,height_management,hole_management,0.03124914743227558,low/mixed,True,stack_height
560,1500.0,32.8,10.675,15.6,0.0,0,40,0.49552857894566016,-1.1980270504494621,-0.8663044872210252,hole_management,surface_management,1.3618330661666853,high,False,hole_avoidance
561,1500.0,30.0,10.7,15.05,0.025,1,40,-0.11696087716595757,-1.1675816362067837,-1.0479240104502094,hole_management,surface_management,0.9309631332842518,high,False,hole_avoidance
562,1500.0,33.625,11.225,16.4,0.0,0,40,0.6759942222642626,-0.5282279371105003,-0.6021306352513025,hole_management,height_management,1.2042221593747628,high,False,hole_avoidance
563,1500.0,25.75,10.625,16.275,0.0,0,40,-1.046632373049664,-1.2589178789348232,-0.6434077996215717,surface_management,hole_management,0.40322457342809237,moderate,False,bumpiness
564,1500.0,30.95,12.125,21.075,0.0,0,40,0.09084804544334135,0.5678069756259853,0.9416353121967665,surface_management,height_management,0.3738283365707813,moderate,False,bumpiness
565,1500.0,40.9,13.2,22.625,0.0,0,40,2.267373076982842,1.8769597880612305,1.4534721503881052,hole_management,height_management,0.3904132889216114,moderate,False,hole_avoidance
566,1500.0,28.2,11.05,15.15,0.0,0,40,-0.5107040989519981,-0.7413458368092599,-1.014902278953994,hole_management,height_management,0.23064173785726183,low/mixed,True,hole_avoidance
567,1500.0,28.4,10.95,17.2,0.0,0,40,-0.46695485208688264,-0.8631274937799822,-0.33795678328157924,surface_management,hole_management,0.1289980688053034,low/mixed,True,bumpiness
568,1500.0,31.125,12.275,22.75,0.0,0,40,0.12912863645031766,0.7504794610820665,1.4947493147583744,surface_management,height_management,0.7442698536763078,moderate,False,bumpiness
569,1500.0,27.2,12.075,17.575,0.0,0,40,-0.729450333277576,0.506916147140624,-0.2141252901707716,height_management,surface_management,0.7210414373113956,moderate,False,stack_height
570,1500.0,35.75,11.975,16.7,0.0,0,40,1.1408299702061158,0.385134490169904,-0.5030654407626561,hole_management,height_management,0.7556954800362118,high,False,hole_avoidance
571,1500.0,35.825,11.375,15.125,0.025,1,40,1.1572359377805348,-0.345555451654419,-1.0231577118280482,hole_management,height_management,1.5027913894349538,high,False,hole_avoidance
572,1500.0,26.85,12.475,21.15,0.0,0,40,-0.8060115152915279,0.9940427750235068,0.966401610818928,height_management,surface_management,0.02764116420457885,low/mixed,True,stack_height
573,1500.0,36.225,12.55,11.125,0.025,1,40,1.2447344315107656,1.0853790177515485,-2.344026971676663,hole_management,height_management,0.15935541375921702,low/mixed,True,hole_avoidance
574,1500.0,26.05,11.05,18.575,0.0,0,40,-0.9810085027519904,-0.7413458368092599,0.11609202479138218,surface_management,height_management,0.8574378616006421,high,False,bumpiness
575,1500.0,34.25,12.775,20.3,0.0,0,40,0.8127106187177489,1.3593877459356694,0.6857168931010978,height_management,hole_management,0.5466771272179205,moderate,False,stack_height
576,1500.0,25.85,10.575,13.4,0.0,0,40,-1.0247577496171059,-1.3198087074201843,-1.5927825801377633,hole_management,height_management,0.29505095780307844,low/mixed,True,hole_avoidance
577,1500.0,32.55,11.625,22.6,0.0,0,40,0.4408420203642657,-0.04110130922761759,1.4452167175140518,surface_management,hole_management,1.0043746971497862,high,False,bumpiness
578,1500.0,35.45,11.9,22.05,0.0,0,40,1.075206099908443,0.2937982474418644,1.263597194284867,surface_management,hole_management,0.18839109437642398,low/mixed,True,bumpiness
579,1500.0,31.6,11.9,16.925,0.0,0,40,0.2330330977549675,0.2937982474418644,-0.42876654489617105,height_management,hole_management,0.06076514968689689,low/mixed,True,stack_height
580,1500.0,35.75,12.125,17.275,0.0,0,40,1.1408299702061158,0.5678069756259853,-0.31319048465941796,hole_management,height_management,0.5730229945801305,moderate,False,hole_avoidance
581,1500.0,30.0,11.35,17.775,0.0,0,40,-0.11696087716595757,-0.3760008658970996,-0.14808182717834106,hole_management,surface_management,0.03112095001238349,low/mixed,True,hole_avoidance
582,1500.0,29.45,12.35,19.075,0.0,0,40,-0.2372713060450256,0.8418157038101061,0.2812006822724591,height_management,surface_management,0.560615021537647,moderate,False,stack_height
583,1500.0,36.4,12.65,22.175,0.0,0,40,1.2830150225177412,1.2071606747222687,1.3048743586551361,surface_management,hole_management,0.02185933613739488,low/mixed,True,bumpiness
584,1500.0,25.55,11.625,23.6,0.0,0,40,-1.0903816199147793,-0.04110130922761759,1.7754340324762055,surface_management,height_management,1.816535341703823,high,False,bumpiness
585,1500.0,27.825,11.875,24.825,0.0,0,40,-0.5927339368240898,0.26335283319918384,2.179950243304843,surface_management,height_management,1.9165974101056593,high,False,bumpiness
586,1500.0,27.675,10.5,17.1,0.0,0,40,-0.6255458719729262,-1.411144950148224,-0.3709785147777939,surface_management,hole_management,0.2545673571951323,low/mixed,True,bumpiness
587,1500.0,34.45,12.25,20.975,0.025,1,40,0.856459865582865,0.720034046839386,0.908613580700552,surface_management,hole_management,0.05215371511768696,low/mixed,True,bumpiness
588,1500.0,31.75,11.225,16.825,0.0,0,40,0.2658450329038039,-0.5282279371105003,-0.4617882763923869,hole_management,surface_management,0.7276333092961909,moderate,False,hole_avoidance
589,1500.0,36.65,12.25,16.8,0.0,0,40,1.3377015810991357,0.720034046839386,-0.4700437092664403,hole_management,height_management,0.6176675342597497,moderate,False,hole_avoidance
590,1500.0,31.75,12.525,18.175,0.0,0,40,0.2658450329038039,1.054933603508868,-0.015994901193478853,height_management,hole_management,0.789088570605064,high,False,stack_height
591,1500.0,26.525,11.325,20.55,0.0,0,40,-0.8771040414473413,-0.4064462801397801,0.7682712218416363,surface_management,height_management,1.1747175019814164,high,False,bumpiness
592,1500.0,31.425,11.775,15.125,0.0,0,40,0.19475250674799122,0.14157117622846369,-1.0231577118280482,hole_management,height_management,0.05318133051952753,low/mixed,True,hole_avoidance
593,1500.0,31.45,13.275,26.0,0.025,1,40,0.20022116260613035,1.968296030789272,2.567955588385374,surface_management,height_management,0.5996595575961021,moderate,False,bumpiness
594,1500.0,32.5,11.275,14.85,0.0,0,40,0.42990470864798735,-0.4673371086251391,-1.1139674734426406,hole_management,height_management,0.8972418172731265,high,False,hole_avoidance
595,1500.0,30.8,12.025,14.525,0.025,1,40,0.05803611029450497,0.4460253186552651,-1.2212881008053402,height_management,hole_management,0.3879892083607602,moderate,False,stack_height
596,1500.0,23.55,10.5,15.0,0.0,0,40,-1.5278740885659354,-1.411144950148224,-1.0644348761983173,surface_management,height_management,0.3467100739499067,low/mixed,True,bumpiness
597,1500.0,25.45,11.15,24.0,0.025,1,40,-1.1122562433473375,-0.6195641798385398,1.9075209584610666,surface_management,height_management,2.5270851382996065,high,False,bumpiness
598,1500.0,29.0,11.625,19.45,0.0,0,40,-0.33570711149153554,-0.04110130922761759,0.40503217538326675,surface_management,height_management,0.4461334846108843,moderate,False,bumpiness
599,1500.0,35.325,11.475,15.7,0.0,0,40,1.0478628206177458,-0.22377379468369887,-0.8332827557248099,hole_management,height_management,1.2716366153014447,high,False,hole_avoidance
600,1500.0,28.55,11.025,20.0,0.0,0,40,-0.43414291693804546,-0.7717912510519406,0.5866516986124516,surface_management,hole_management,1.020794615550497,high,False,bumpiness
601,1500.0,29.375,11.8,18.15,0.025,1,40,-0.2536772736194438,0.17201659047114426,-0.0242503340675334,height_management,surface_management,0.19626692453867767,low/mixed,True,stack_height
602,1500.0,33.95,11.025,15.625,0.0,0,40,0.747086748420076,-0.7717912510519406,-0.8580490543469712,hole_management,height_management,1.5188779994720165,high,False,hole_avoidance
603,1500.0,31.875,12.05,17.75,0.0,0,40,0.29318831219450114,0.47647073289794567,-0.15633726005239443,height_management,hole_management,0.18328242070344453,low/mixed,True,stack_height
604,1500.0,29.825,11.975,25.1,0.0,0,40,-0.15524146817293386,0.385134490169904,2.270760004919436,surface_management,height_management,1.885625514749532,high,False,bumpiness
605,1500.0,31.275,11.725,18.3,0.0,0,40,0.16194057159915404,0.08068034774310255,0.025282263176790366,hole_management,height_management,0.08126022385605149,low/mixed,True,hole_avoidance
606,1500.0,31.0,12.225,21.6,0.0,0,40,0.10178535715962041,0.6895886325967053,1.1149994025518981,surface_management,height_management,0.4254107699551928,moderate,False,bumpiness
607,1500.0,34.05,11.675,14.8,0.0,0,40,0.7689613718526326,0.019789519257743565,-1.1304783391907478,hole_management,height_management,0.749171852594889,moderate,False,hole_avoidance
608,1500.0,26.375,10.925,19.425,0.0,0,40,-0.9099159765961777,-0.8935729080226607,0.39677674250921335,surface_management,height_management,1.2903496505318741,high,False,bumpiness
609,1500.0,27.75,10.75,20.325,0.0,0,40,-0.609139904398508,-1.1066908077214226,0.6939723259751512,surface_management,hole_management,1.3031122303736593,high,False,bumpiness
610,1500.0,35.675,11.4,14.0,0.0,0,40,1.1244240026316967,-0.31511003741173843,-1.394652191160471,hole_management,height_management,1.439534040043435,high,False,hole_avoidance
611,1500.0,30.25,11.625,18.725,0.0,0,40,-0.062274318584563074,-0.04110130922761759,0.16562462203570597,surface_management,height_management,0.20672593126332356,low/mixed,True,bumpiness
612,1500.0,26.25,11.55,18.425,0.0,0,40,-0.937259255886875,-0.13243755195565715,0.06655942754705958,surface_management,height_management,0.19899697950271672,low/mixed,True,bumpiness
613,1500.0,28.9,11.75,17.075,0.0,0,40,-0.3575817349240937,0.11112576198578313,-0.3792339476518485,height_management,hole_management,0.4687074969098768,moderate,False,stack_height
614,1500.0,27.925,10.9,19.525,0.0,0,40,-0.5708593133915317,-0.9240183222653412,0.42979847400542803,surface_management,hole_management,1.0006577873969598,high,False,bumpiness
615,1500.0,27.3,12.7,17.925,0.0,0,40,-0.7075757098450179,1.2680515032076276,-0.0985492299340173,height_management,surface_management,1.366600733141645,high,False,stack_height
616,1500.0,29.85,11.35,19.5,0.0,0,40,-0.14977281231479395,-0.3760008658970996,0.42154304113137464,surface_management,hole_management,0.5713158534461686,moderate,False,bumpiness
617,1500.0,35.45,10.925,14.75,0.0,0,40,1.075206099908443,-0.8935729080226607,-1.1469892049388557,hole_management,height_management,1.9687790079311036,high,False,hole_avoidance
618,1500.0,37.55,11.675,15.95,0.0,0,40,1.5345731919921555,0.019789519257743565,-0.7507284269842714,hole_management,height_management,1.514783672734412,high,False,hole_avoidance
619,1500.0,34.675,11.375,15.05,0.0,0,40,0.9056777683061189,-0.345555451654419,-1.0479240104502094,hole_management,height_management,1.2512332199605378,high,False,hole_avoidance
620,1500.0,37.675,12.275,18.05,0.0,0,40,1.5619164712828528,0.7504794610820665,-0.05727206556374807,hole_management,height_management,0.8114370102007863,high,False,hole_avoidance
621,1500.0,29.45,13.275,18.125,0.0,0,40,-0.2372713060450256,1.968296030789272,-0.03250576694158678,height_management,surface_management,2.0008017977308588,high,False,stack_height
622,1500.0,24.9,10.7,18.325,0.0,0,40,-1.2325666722264055,-1.1675816362067837,0.033537696050843745,surface_management,height_management,1.2011193322576275,high,False,bumpiness
623,1500.0,38.05,13.275,18.75,0.0,0,40,1.6439463091549444,1.968296030789272,0.17388005490975933,height_management,hole_management,0.3243497216343276,low/mixed,True,stack_height
624,1500.0,33.55,11.65,17.125,0.0,0,40,0.6595882546898436,-0.010655894984937011,-0.36272308190374053,hole_management,height_management,0.6702441496747806,moderate,False,hole_avoidance
625,1500.0,30.825,14.0,23.05,0.0,0,40,0.06350476615264411,2.851213043826996,1.5938145092470208,height_management,surface_management,1.257398534579975,high,False,stack_height
626,1500.0,32.125,11.6,13.65,0.0,0,40,0.34787487077589563,-0.07154672347029815,-1.5102282513972247,hole_management,height_management,0.4194215942461938,moderate,False,hole_avoidance
627,1500.0,29.3,11.175,12.85,0.0,0,40,-0.270083241193862,-0.5891187655958593,-1.774402103366948,hole_management,height_management,0.3190355244019973,low/mixed,True,hole_avoidance
628,1500.0,30.0,13.0,20.825,0.0,0,40,-0.11696087716595757,1.6333964741197902,0.8590809834562282,height_management,surface_management,0.774315490663562,high,False,stack_height
629,1500.0,36.7,13.45,20.3,0.025,1,40,1.3486388928154154,2.181413930488032,0.6857168931010978,height_management,hole_management,0.8327750376726166,high,False,stack_height
630,1500.0,32.175,11.475,18.9,0.0,0,40,0.3588121824921739,-0.22377379468369887,0.22341265215408193,hole_management,surface_management,0.13539953033809196,low/mixed,True,hole_avoidance
631,1500.0,29.4,12.975,18.75,0.025,1,40,-0.24820861776130465,1.6029510598771095,0.17388005490975933,height_management,surface_management,1.42907100496735,high,False,stack_height
632,1500.0,28.475,11.25,16.325,0.0,0,40,-0.45054888451246367,-0.4977825228678197,-0.6268969338734638,hole_management,height_management,0.047233638355356045,low/mixed,True,hole_avoidance
633,1500.0,33.725,11.5,16.3,0.025,1,40,0.6978688456968207,-0.1933283804410183,-0.6351523667475172,hole_management,height_management,0.891197226137839,high,False,hole_avoidance
634,1500.0,27.55,11.2,21.225,0.0,0,40,-0.6528891512636235,-0.5586733513531809,0.9911679094410903,surface_management,height_management,1.5498412607942713,high,False,bumpiness
635,1500.0,31.525,12.125,17.575,0.0,0,40,0.21662713018054852,0.5678069756259853,-0.2141252901707716,height_management,hole_management,0.35117984544543673,moderate,False,stack_height
636,1500.0,33.4,11.725,14.025,0.0,0,40,0.6267763195410072,0.08068034774310255,-1.3863967582864172,hole_management,height_management,0.5460959717979047,moderate,False,hole_avoidance
637,1500.0,30.85,10.9,17.5,0.0,0,40,0.06897342201078402,-0.9240183222653412,-0.23889158879293287,hole_management,surface_management,0.30786501080371687,low/mixed,True,hole_avoidance
638,1500.0,42.5,12.85,16.85,0.0,0,40,2.6173670519037673,1.4507239886637089,-0.45353284351833234,hole_management,height_management,1.1666430632400584,high,False,hole_avoidance
639,1500.0,33.375,11.775,14.5,0.0,0,40,0.621307663682868,0.14157117622846369,-1.2295435336793943,hole_management,height_management,0.47973648745440434,moderate,False,hole_avoidance
640,1500.0,30.2,11.0,17.2,0.0,0,40,-0.07321163030084213,-0.8022366652946211,-0.33795678328157924,hole_management,surface_management,0.2647451529807371,low/mixed,True,hole_avoidance
641,1500.0,35.3,11.525,12.65,0.0,0,40,1.0423941647596051,-0.16288296619833773,-1.8404455663593786,hole_management,height_management,1.2052771309579429,high,False,hole_avoidance
642,1500.0,32.9,12.575,21.125,0.0,0,40,0.5174032023782182,1.115824431994227,0.9581461779448746,height_management,surface_management,0.15767825404935243,low/mixed,True,stack_height
643,1500.0,36.075,13.1,24.375,0.0,0,40,1.2119224963619293,1.7551781310905104,2.031352451571874,surface_management,height_management,0.2761743204813638,low/mixed,True,bumpiness
644,1500.0,25.875,10.15,15.525,0.0,0,40,-1.0192890937589667,-1.8373807495457455,-0.8910707858431864,surface_management,hole_management,0.12821830791578026,low/mixed,True,bumpiness
645,1500.0,36.725,10.85,15.45,0.025,1,40,1.3541075486735545,-0.9849091507507024,-0.9158370844653483,hole_management,surface_management,2.269944633138903,high,False,hole_avoidance
646,1500.0,29.875,10.925,18.95,0.0,0,40,-0.14430415645665481,-0.8935729080226607,0.23992351790218985,surface_management,hole_management,0.38422767435884464,moderate,False,bumpiness
647,1500.0,26.0,10.925,18.2,0.0,0,40,-0.9919458144682695,-0.8935729080226607,-0.0077394683194254785,surface_management,height_management,0.8858334397032351,high,False,bumpiness
648,1500.0,26.625,10.55,14.2,0.0,0,40,-0.8552294180147832,-1.3502541216628627,-1.3286087281680405,hole_management,surface_management,0.4733793101532573,moderate,False,hole_avoidance
649,1500.0,26.525,10.425,22.475,0.0,0,40,-0.8771040414473413,-1.5024811928762636,1.4039395531437826,surface_management,hole_management,2.281043594591124,high,False,bumpiness
650,1500.0,29.6,11.35,16.525,0.0,0,40,-0.20445937089618846,-0.3760008658970996,-0.5608534708810333,hole_management,height_management,0.17154149500091112,low/mixed,True,hole_avoidance
651,1500.0,27.8,10.95,21.475,0.0,0,40,-0.598202592682229,-0.8631274937799822,1.0737222381816287,surface_management,hole_management,1.6719248308638577,high,False,bumpiness
652,1500.0,34.725,12.675,18.2,0.0,0,40,0.9166150800223987,1.2376060889649492,-0.0077394683194254785,height_management,hole_management,0.3209910089425505,low/mixed,True,stack_height
653,1500.0,26.9,11.75,19.85,0.0,0,40,-0.7950742035752496,0.11112576198578313,0.5371191013681289,surface_management,height_management,0.4259933393823458,moderate,False,bumpiness
654,1500.0,37.125,13.7,21.95,0.0,0,40,1.4416060424037855,2.4858680729148332,1.2305754627886512,height_management,hole_management,1.0442620305110477,high,False,stack_height
655,1500.0,33.4,11.55,14.125,0.025,1,40,0.6267763195410072,-0.13243755195565715,-1.3533750267902018,hole_management,height_management,0.7592138714966643,high,False,hole_avoidance
656,1500.0,30.425,10.75,15.0,0.0,0,40,-0.023993727577586773,-1.1066908077214226,-1.0644348761983173,hole_management,surface_management,1.0404411486207306,high,False,hole_avoidance
657,1500.0,35.8,12.025,19.45,0.0,0,40,1.151767281922394,0.4460253186552651,0.40503217538326675,hole_management,height_management,0.7057419632671289,moderate,False,hole_avoidance
658,1500.0,31.675,11.175,12.975,0.0,0,40,0.2494390653293857,-0.5891187655958593,-1.7331249389966787,hole_management,height_management,0.838557830925245,high,False,hole_avoidance
659,1500.0,29.525,11.125,16.95,0.0,0,40,-0.2208653384706074,-0.6500095940812204,-0.42051111202211766,hole_management,surface_management,0.19964577355151025,low/mixed,True,hole_avoidance
660,1500.0,27.15,12.025,16.025,0.0,0,40,-0.7403876449938551,0.4460253186552651,-0.7259621283621102,height_management,surface_management,1.1719874470173752,high,False,stack_height
661,1500.0,33.375,11.625,15.475,0.0,0,40,0.621307663682868,-0.04110130922761759,-0.9075816515912943,hole_management,height_management,0.6624089729104856,moderate,False,hole_avoidance
662,1500.0,36.125,12.75,16.85,0.025,1,40,1.2228598080782076,1.3289423316929887,-0.45353284351833234,height_management,hole_management,0.1060825236147811,low/mixed,True,stack_height
663,1500.0,37.15,11.825,17.95,0.0,0,40,1.4470746982619247,0.20246200471382267,-0.09029379705996392,hole_management,height_management,1.2446126935481021,high,False,hole_avoidance
664,1500.0,31.3,11.35,18.075,0.0,0,40,0.16740922745729395,-0.3760008658970996,-0.0490166326896947,hole_management,surface_management,0.21642586014698864,low/mixed,True,hole_avoidance
665,1500.0,23.525,11.175,13.6,0.0,0,40,-1.5333427444240753,-0.5891187655958593,-1.5267391171453326,height_management,surface_management,0.9376203515494733,high,False,stack_height
666,1500.0,26.4,12.3,20.4,0.0,0,40,-0.9044473207380386,0.7809248753247471,0.7187386245973125,height_management,surface_management,0.062186250727434556,low/mixed,True,stack_height
667,1500.0,33.7,12.225,17.325,0.0,0,40,0.6924001898386816,0.6895886325967053,-0.29667961891131,hole_management,height_management,0.002811557241976237,low/mixed,True,hole_avoidance
668,1500.0,30.975,10.575,15.7,0.0,0,40,0.09631670130148128,-1.3198087074201843,-0.8332827557248099,hole_management,surface_management,0.9295994570262912,high,False,hole_avoidance
669,1500.0,32.325,11.525,15.175,0.0,0,40,0.39162411764101185,-0.16288296619833773,-1.0066468460799403,hole_management,height_management,0.5545070838393495,moderate,False,hole_avoidance
670,1500.0,33.175,12.3,19.55,0.0,0,40,0.5775584168177519,0.7809248753247471,0.4380539068794826,height_management,hole_management,0.2033664585069952,low/mixed,True,stack_height
671,1500.0,33.625,11.825,17.45,0.025,1,40,0.6759942222642626,0.20246200471382267,-0.2554024545410408,hole_management,height_management,0.47353221755043995,moderate,False,hole_avoidance
672,1500.0,34.3,12.075,16.7,0.0,0,40,0.8236479304340271,0.506916147140624,-0.5030654407626561,hole_management,height_management,0.316731783293403,low/mixed,True,hole_avoidance
673,1500.0,37.65,12.525,13.975,0.0,0,40,1.5564478154247137,1.054933603508868,-1.402907624034525,hole_management,height_management,0.5015142119158458,moderate,False,hole_avoidance
674,1500.0,25.85,10.9,17.05,0.0,0,40,-1.0247577496171059,-0.9240183222653412,-0.3874893805259018,surface_management,height_management,0.5365289417394394,moderate,False,bumpiness
675,1500.0,32.8,11.925,15.325,0.0,0,40,0.49552857894566016,0.324243661684545,-0.9571142488356176,hole_management,height_management,0.17128491726111517,low/mixed,True,hole_avoidance
676,1500.0,26.9,10.25,16.1,0.0,0,40,-0.7950742035752496,-1.7155990925750253,-0.7011958297399477,surface_management,hole_management,0.09387837383530195,low/mixed,True,bumpiness
677,1500.0,28.825,11.95,18.5,0.0,0,40,-0.3739877024985118,0.3546890759272234,0.09132572616922088,height_management,surface_management,0.26336334975800246,low/mixed,True,stack_height
678,1500.0,28.55,11.225,13.05,0.0,0,40,-0.43414291693804546,-0.5282279371105003,-1.708358640374517,hole_management,height_management,0.09408502017245485,low/mixed,True,hole_avoidance
679,1500.0,28.625,11.575,20.125,0.0,0,40,-0.41773694936362726,-0.10199213771297873,0.6279288629827208,surface_management,height_management,0.7299210006956995,moderate,False,bumpiness
680,1500.0,25.025,12.175,24.95,0.0,0,40,-1.2052233929357083,0.6286978041113463,2.2212274076751126,surface_management,height_management,1.5925296035637664,high,False,bumpiness
681,1500.0,30.275,11.0,19.0,0.0,0,40,-0.056805662726423935,-0.8022366652946211,0.25643438365029775,surface_management,hole_management,0.3132400463767217,low/mixed,True,bumpiness
682,1500.0,29.15,11.5,18.375,0.0,0,40,-0.30289517634269914,-0.1933283804410183,0.05004856179895167,surface_management,height_management,0.24337694223996997,low/mixed,True,bumpiness
683,1500.0,40.875,13.1,20.675,0.0,0,40,2.261904421124703,1.7551781310905104,0.8095483862119056,hole_management,height_management,0.5067262900341927,moderate,False,hole_avoidance
684,1500.0,31.4,11.45,20.6,0.0,0,40,0.18928385088985128,-0.25421920892637945,0.7847820875897442,surface_management,hole_management,0.5954982366998929,moderate,False,bumpiness
685,1500.0,35.75,12.875,15.15,0.025,1,40,1.1408299702061158,1.4811694029063895,-1.014902278953994,height_management,hole_management,0.3403394327002738,low/mixed,True,stack_height
686,1500.0,27.75,12.1,18.825,0.0,0,40,-0.609139904398508,0.5373615613833047,0.19864635353192062,height_management,surface_management,0.3387152078513841,low/mixed,True,stack_height
687,1500.0,31.5,12.05,25.175,0.0,0,40,0.2111584743224094,0.47647073289794567,2.2955263035415974,surface_management,height_management,1.8190555706436518,high,False,bumpiness
688,1500.0,32.05,11.725,22.55,0.0,0,40,0.33146890320147665,0.08068034774310255,1.428705851765944,surface_management,hole_management,1.0972369485644673,high,False,bumpiness
689,1500.0,33.225,11.5,16.45,0.0,0,40,0.5884957285340318,-0.1933283804410183,-0.5856197695031946,hole_management,height_management,0.7818241089750501,high,False,hole_avoidance
690,1500.0,23.975,12.75,22.425,0.0,0,40,-1.4349069389775646,1.3289423316929887,1.3874286873956747,surface_management,height_management,0.05848635570268601,low/mixed,True,bumpiness
691,1500.0,31.275,12.125,18.9,0.0,0,40,0.16194057159915404,0.5678069756259853,0.22341265215408193,height_management,surface_management,0.34439432347190335,low/mixed,True,stack_height
692,1500.0,28.05,11.225,14.625,0.0,0,40,-0.5435160341008345,-0.5282279371105003,-1.1882663693091249,height_management,hole_management,0.015288096990334177,low/mixed,True,stack_height
693,1500.0,27.05,11.1,22.425,0.0,0,40,-0.7622622684264124,-0.6804550083239009,1.3874286873956747,surface_management,height_management,2.0678836957195754,high,False,bumpiness
694,1500.0,28.25,11.0,18.375,0.0,0,40,-0.49976678723571905,-0.8022366652946211,0.05004856179895167,surface_management,hole_management,0.5498153490346707,moderate,False,bumpiness
695,1500.0,25.1,10.6,18.1,0.0,0,40,-1.1888174253612893,-1.2893632931775039,-0.04076119981564015,surface_management,hole_management,1.1480562255456492,high,False,bumpiness
696,1500.0,34.15,12.15,16.525,0.0,0,40,0.7908359952851908,0.5982523898686658,-0.5608534708810333,hole_management,height_management,0.19258360541652497,low/mixed,True,hole_avoidance
697,1500.0,24.15,9.975,13.9,0.0,0,40,-1.396626347970589,-2.050498649244507,-1.4276739226566864,hole_management,surface_management,0.031047574686097423,low/mixed,True,hole_avoidance
698,1500.0,35.25,11.15,16.675,0.0,0,40,1.0314568530433268,-0.6195641798385398,-0.5113208736367095,hole_management,surface_management,1.5427777266800362,high,False,hole_avoidance
699,1500.0,32.45,10.15,10.425,0.0,0,40,0.4189673969317091,-1.8373807495457455,-2.5751790921501705,hole_management,height_management,2.2563481464774546,high,False,hole_avoidance
700,1500.0,35.725,11.65,14.2,0.0,0,40,1.1353613143479766,-0.010655894984937011,-1.3286087281680405,hole_management,height_management,1.1460172093329135,high,False,hole_avoidance
701,1500.0,29.15,11.825,18.825,0.0,0,40,-0.30289517634269914,0.20246200471382267,0.19864635353192062,height_management,surface_management,0.003815651181902052,low/mixed,True,stack_height
702,1500.0,34.1,12.975,20.525,0.0,0,40,0.7798986835689125,1.6029510598771095,0.7600157889675818,height_management,hole_management,0.823052376308197,high,False,stack_height
703,1500.0,28.875,12.45,17.8,0.0,0,40,-0.3630503907822328,0.9635973607808263,-0.1398263943042865,height_management,surface_management,1.1034237550851127,high,False,stack_height
704,1500.0,30.225,12.6,21.475,0.0,0,40,-0.0677429744427022,1.1462698462369074,1.0737222381816287,height_management,surface_management,0.07254760805527871,low/mixed,True,stack_height
705,1500.0,31.575,11.325,17.575,0.0,0,40,0.2275644418968276,-0.4064462801397801,-0.2141252901707716,hole_management,surface_management,0.4416897320675992,moderate,False,hole_avoidance
706,1500.0,35.6,12.55,21.725,0.0,0,40,1.1080180350572795,1.0853790177515485,1.1562765669221673,surface_management,hole_management,0.04825853186488782,low/mixed,True,bumpiness
707,1500.0,24.55,12.575,23.575,0.0,0,40,-1.3091278542403573,1.115824431994227,1.767178599602151,surface_management,height_management,0.651354167607924,moderate,False,bumpiness
708,1500.0,31.925,12.175,12.9,0.025,1,40,0.3041256239107802,0.6286978041113463,-1.75789123761884,height_management,hole_management,0.32457218020056616,low/mixed,True,stack_height
709,1500.0,27.625,12.05,18.175,0.0,0,40,-0.6364831836892053,0.47647073289794567,-0.015994901193478853,height_management,surface_management,0.4924656340914245,moderate,False,stack_height
710,1500.0,29.55,11.275,17.875,0.0,0,40,-0.2153966826124675,-0.4673371086251391,-0.11506009568212522,surface_management,hole_management,0.10033658693034228,low/mixed,True,bumpiness
711,1500.0,27.725,10.925,14.3,0.0,0,40,-0.6146085602566471,-0.8935729080226607,-1.2955869966718248,hole_management,height_management,0.27896434776601353,low/mixed,True,hole_avoidance
712,1500.0,25.9,11.125,16.675,0.0,0,40,-1.0138204379008275,-0.6500095940812204,-0.5113208736367095,surface_management,height_management,0.13868872044451086,low/mixed,True,bumpiness
713,1500.0,22.925,11.025,20.85,0.0,0,40,-1.6645904850194215,-0.7717912510519406,0.8673364163302827,surface_management,height_management,1.6391276673822233,high,False,bumpiness
714,1500.0,26.5,10.475,17.975,0.0,0,40,-0.8825726973054805,-1.4415903643909045,-0.08203836418590937,surface_management,hole_management,0.8005343331195711,high,False,bumpiness
715,1500.0,28.85,12.225,23.7,0.0,0,40,-0.36851904664037194,0.6895886325967053,1.8084557639724201,surface_management,height_management,1.1188671313757148,high,False,bumpiness
716,1500.0,32.475,13.025,18.425,0.0,0,40,0.42443605278984825,1.6638418883624708,0.06655942754705958,height_management,hole_management,1.2394058355726225,high,False,stack_height
717,1500.0,26.3,10.625,13.975,0.0,0,40,-0.9263219441705959,-1.2589178789348232,-1.402907624034525,hole_management,height_management,0.33259593476422733,low/mixed,True,hole_avoidance
718,1500.0,37.5,13.975,25.825,0.0,0,40,1.5236358802758772,2.8207676295843154,2.510167558266997,height_management,surface_management,0.31060007131731826,low/mixed,True,stack_height
719,1500.0,26.9,10.75,16.125,0.0,0,40,-0.7950742035752496,-1.1066908077214226,-0.6929403968658943,surface_management,hole_management,0.10213380670935535,low/mixed,True,bumpiness
720,1500.0,27.325,11.0,13.4,0.025,1,40,-0.7021070539868788,-0.8022366652946211,-1.5927825801377633,hole_management,height_management,0.10012961130774234,low/mixed,True,hole_avoidance
721,1500.0,24.25,11.2,16.425,0.0,0,40,-1.374751724538031,-0.5586733513531809,-0.5938752023772479,height_management,surface_management,0.03520185102406703,low/mixed,True,stack_height
722,1500.0,33.825,11.875,16.425,0.025,1,40,0.7197434691293788,0.26335283319918384,-0.5938752023772479,hole_management,height_management,0.45639063593019497,moderate,False,hole_avoidance
723,1500.0,32.775,12.725,12.625,0.05,2,40,0.490059923087521,1.2984969174503083,-1.8487009992334325,height_management,hole_management,0.8084369943627873,high,False,stack_height
724,1500.0,37.95,13.3,22.35,0.0,0,40,1.622071685722388,1.9987414450319527,1.3626623887735134,height_management,hole_management,0.3766697593095647,moderate,False,stack_height
725,1500.0,28.925,11.425,13.875,0.0,0,40,-0.35211307906595374,-0.28466462316905783,-1.4359293555307402,height_management,hole_management,0.06744845589689591,low/mixed,True,stack_height
726,1500.0,34.875,11.75,18.3,0.0,0,40,0.9494270151712351,0.11112576198578313,0.025282263176790366,hole_management,height_management,0.8383012531854519,high,False,hole_avoidance
727,1500.0,29.65,11.35,17.575,0.0,0,40,-0.19352205917991017,-0.3760008658970996,-0.2141252901707716,hole_management,surface_management,0.02060323099086142,low/mixed,True,hole_avoidance
728,1500.0,29.25,10.7,16.1,0.0,0,40,-0.28102055291014105,-1.1675816362067837,-0.7011958297399477,hole_management,surface_management,0.4201752768298066,moderate,False,hole_avoidance
729,1500.0,35.825,12.55,18.55,0.0,0,40,1.1572359377805348,1.0853790177515485,0.1078365919173288,hole_management,height_management,0.07185692002898625,low/mixed,True,hole_avoidance
730,1500.0,32.1,12.1,15.575,0.0,0,40,0.34240621491775647,0.5373615613833047,-0.8745599200950791,height_management,hole_management,0.19495534646554824,low/mixed,True,stack_height
731,1500.0,36.25,12.175,19.025,0.025,1,40,1.2502030873689047,0.6286978041113463,0.26468981652435114,hole_management,height_management,0.6215052832575584,moderate,False,hole_avoidance
732,1500.0,39.775,13.4,21.275,0.0,0,40,2.0212835633665667,2.120523102002673,1.0076787751891971,height_management,hole_management,0.09923953863610624,low/mixed,True,stack_height
733,1500.0,27.625,11.15,17.425,0.0,0,40,-0.6364831836892053,-0.6195641798385398,-0.26365788741509416,surface_management,height_management,0.3559062924234457,moderate,False,bumpiness
734,1500.0,26.475,10.5,19.15,0.0,0,40,-0.8880413531636197,-1.411144950148224,0.3059669808946204,surface_management,hole_management,1.19400833405824,high,False,bumpiness
735,1500.0,29.0,11.0,17.0,0.0,0,40,-0.33570711149153554,-0.8022366652946211,-0.40400024627400977,hole_management,surface_management,0.06829313478247423,low/mixed,True,hole_avoidance
736,1500.0,30.075,12.025,17.15,0.0,0,40,-0.10055490959153937,0.4460253186552651,-0.3544676490296872,height_management,hole_management,0.5465802282468045,moderate,False,stack_height
737,1500.0,28.375,11.925,22.125,0.0,0,40,-0.4724235079450218,0.324243661684545,1.2883634929070282,surface_management,height_management,0.9641198312224832,high,False,bumpiness
738,1500.0,25.725,11.575,24.3,0.0,0,40,-1.052101028907803,-0.10199213771297873,2.006586152949713,surface_management,height_management,2.1085782906626918,high,False,bumpiness
739,1500.0,42.75,11.9,15.0,0.0,0,40,2.6720536104851615,0.2937982474418644,-1.0644348761983173,hole_management,height_management,2.378255363043297,high,False,hole_avoidance
740,1500.0,23.925,11.55,16.1,0.0,0,40,-1.4458442506938436,-0.13243755195565715,-0.7011958297399477,height_management,surface_management,0.5687582777842906,moderate,False,stack_height
741,1500.0,31.575,11.5,14.55,0.0,0,40,0.2275644418968276,-0.1933283804410183,-1.2130326679312862,hole_management,height_management,0.42089282233784586,moderate,False,hole_avoidance
742,1500.0,27.5,12.05,20.3,0.0,0,40,-0.6638264629799026,0.47647073289794567,0.6857168931010978,surface_management,height_management,0.20924616020315218,low/mixed,True,bumpiness
743,1500.0,35.65,13.775,22.625,0.025,1,40,1.1189553467735578,2.577204315642875,1.4534721503881052,height_management,surface_management,1.1237321652547698,high,False,stack_height
744,1500.0,32.675,11.575,17.475,0.0,0,40,0.4681852996549629,-0.10199213771297873,-0.24714702166698627,hole_management,height_management,0.5701774373679417,moderate,False,hole_avoidance
745,1500.0,33.775,11.55,17.425,0.0,0,40,0.7088061574130989,-0.13243755195565715,-0.26365788741509416,hole_management,height_management,0.8412437093687561,high,False,hole_avoidance
746,1500.0,38.45,12.55,16.05,0.0,0,40,1.731444802885177,1.0853790177515485,-0.7177066954880557,hole_management,height_management,0.6460657851336284,moderate,False,hole_avoidance
747,1500.0,33.175,11.95,21.675,0.0,0,40,0.5775584168177519,0.3546890759272234,1.1397657011740594,surface_management,hole_management,0.5622072843563075,moderate,False,bumpiness
748,1500.0,23.85,11.0,17.2,0.0,0,40,-1.4622502182682617,-0.8022366652946211,-0.33795678328157924,surface_management,height_management,0.4642798820130419,moderate,False,bumpiness
749,1500.0,27.325,11.6,19.875,0.0,0,40,-0.7021070539868788,-0.07154672347029815,0.5453745342421823,surface_management,height_management,0.6169212577124804,moderate,False,bumpiness
750,1500.0,26.3,11.2,14.6,0.0,0,40,-0.9263219441705959,-0.5586733513531809,-1.196521802183179,height_management,hole_management,0.367648592817415,moderate,False,stack_height
751,1500.0,26.75,11.25,16.8,0.0,0,40,-0.827886138724086,-0.4977825228678197,-0.4700437092664403,surface_management,height_management,0.02773881360137942,low/mixed,True,bumpiness
752,1500.0,35.1,11.35,17.625,0.0,0,40,0.9986449178944904,-0.3760008658970996,-0.19761442442266366,hole_management,surface_management,1.1962593423171541,high,False,hole_avoidance
753,1500.0,36.075,12.35,19.05,0.0,0,40,1.2119224963619293,0.8418157038101061,0.2729452493984057,hole_management,height_management,0.3701067925518232,moderate,False,hole_avoidance
754,1500.0,34.525,11.5,15.025,0.0,0,40,0.8728658331572825,-0.1933283804410183,-1.0561794433242633,hole_management,height_management,1.0661942135983007,high,False,hole_avoidance
755,1500.0,30.425,11.825,16.075,0.0,0,40,-0.023993727577586773,0.20246200471382267,-0.7094512626140023,height_management,hole_management,0.22645573229140945,low/mixed,True,stack_height
756,1500.0,32.575,10.625,13.35,0.0,0,40,0.44631067622240633,-1.2589178789348232,-1.6092934458858712,hole_management,height_management,1.7052285551572295,high,False,hole_avoidance
757,1500.0,31.325,12.075,14.825,0.025,1,40,0.1728778833154331,0.506916147140624,-1.1222229063166944,height_management,hole_management,0.334038263825191,low/mixed,True,stack_height
758,1500.0,25.325,12.25,18.55,0.0,0,40,-1.1395995226380347,0.720034046839386,0.1078365919173288,height_management,surface_management,0.6121974549220572,moderate,False,stack_height
759,1500.0,30.525,11.325,16.95,0.0,0,40,-0.002119104145029441,-0.4064462801397801,-0.42051111202211766,hole_management,height_management,0.4043271759947507,moderate,False,hole_avoidance
760,1500.0,22.325,10.4,21.05,0.0,0,40,-1.7958382256147687,-1.532926607118944,0.9333798793227133,surface_management,height_management,2.466306486441657,high,False,bumpiness
761,1500.0,38.925,14.2,27.225,0.0,0,40,1.8353492641898252,3.094776357768436,2.972471799214013,height_management,surface_management,0.12230455855442335,low/mixed,True,stack_height
762,1500.0,25.875,10.7,14.05,0.0,0,40,-1.0192890937589667,-1.1675816362067837,-1.3781413254123631,hole_management,height_management,0.14829254244781698,low/mixed,True,hole_avoidance
763,1500.0,36.525,12.325,19.975,0.0,0,40,1.3103583018084384,0.8113702895674255,0.5783962657383982,hole_management,height_management,0.49898801224101286,moderate,False,hole_avoidance
764,1500.0,24.75,10.175,18.725,0.0,0,40,-1.265378607375242,-1.8069353353030648,0.16562462203570597,surface_management,hole_management,1.431003229410948,high,False,bumpiness
765,1500.0,32.025,12.05,17.4,0.0,0,40,0.32600024734333755,0.47647073289794567,-0.2719133202891487,height_management,hole_management,0.15047048555460812,low/mixed,True,stack_height
766,1500.0,31.95,11.325,19.475,0.0,0,40,0.30959427976891934,-0.4064462801397801,0.4132876082573213,surface_management,hole_management,0.10369332848840196,low/mixed,True,bumpiness
767,1500.0,25.25,11.175,16.3,0.025,1,40,-1.156005490212453,-0.5891187655958593,-0.6351523667475172,height_management,surface_management,0.04603360115165789,low/mixed,True,stack_height
768,1500.0,28.475,12.225,16.95,0.0,0,40,-0.45054888451246367,0.6895886325967053,-0.42051111202211766,height_management,surface_management,1.110099744618823,high,False,stack_height
769,1500.0,36.475,12.0,19.85,0.025,1,40,1.29942099009216,0.4155799044125845,0.5371191013681289,hole_management,surface_management,0.7623018887240312,high,False,hole_avoidance
770,1500.0,28.95,10.825,18.8,0.0,0,40,-0.3466444232078146,-1.015354564993383,0.19039092065786725,surface_management,hole_management,0.5370353438656819,moderate,False,bumpiness
771,1500.0,35.85,12.15,15.875,0.0,0,40,1.162704593638674,0.5982523898686658,-0.7754947256064327,hole_management,height_management,0.5644522037700082,moderate,False,hole_avoidance
772,1500.0,32.425,11.05,13.4,0.0,0,40,0.4134987410735684,-0.7413458368092599,-1.5927825801377633,hole_management,height_management,1.1548445778828282,high,False,hole_avoidance
773,1500.0,32.45,11.925,19.875,0.0,0,40,0.4189673969317091,0.324243661684545,0.5453745342421823,surface_management,hole_management,0.1264071373104732,low/mixed,True,bumpiness
774,1500.0,29.725,11.625,14.475,0.0,0,40,-0.1771160916054912,-0.04110130922761759,-1.2377989665534481,height_management,hole_management,0.1360147823778736,low/mixed,True,stack_height
775,1500.0,26.125,11.9,20.75,0.0,0,40,-0.9646025351775722,0.2937982474418644,0.8343146848340669,surface_management,height_management,0.5405164373922025,moderate,False,bumpiness
776,1500.0,28.225,11.2,18.325,0.0,0,40,-0.5052354430938581,-0.5586733513531809,0.033537696050843745,surface_management,hole_management,0.5387731391447019,moderate,False,bumpiness
777,1500.0,30.45,10.85,15.6,0.0,0,40,-0.018525071719447634,-0.9849091507507024,-0.8663044872210252,hole_management,surface_management,0.8477794155015775,high,False,hole_avoidance
778,1500.0,31.475,11.025,17.35,0.0,0,40,0.20568981846427026,-0.7717912510519406,-0.2884241860372555,hole_management,surface_management,0.49411400450152576,moderate,False,hole_avoidance
779,1500.0,29.225,11.275,21.0,0.0,0,40,-0.2864892087682802,-0.4673371086251391,0.9168690135746053,surface_management,hole_management,1.2033582223428856,high,False,bumpiness
780,1500.0,30.225,12.025,13.9,0.025,1,40,-0.0677429744427022,0.4460253186552651,-1.4276739226566864,height_management,hole_management,0.5137682930979673,moderate,False,stack_height
781,1500.0,34.55,12.125,22.175,0.0,0,40,0.8783344890154215,0.5678069756259853,1.3048743586551361,surface_management,hole_management,0.4265398696397146,moderate,False,bumpiness
782,1500.0,26.5,12.625,19.125,0.0,0,40,-0.8825726973054805,1.176715260479588,0.297711548020567,height_management,surface_management,0.8790037124590211,high,False,stack_height
783,1500.0,38.15,14.15,20.925,0.0,0,40,1.6658209325875026,3.033885529283077,0.892102714952444,height_management,hole_management,1.3680645966955745,high,False,stack_height
784,1500.0,35.225,12.6,19.55,0.0,0,40,1.0259881971851876,1.1462698462369074,0.4380539068794826,height_management,hole_management,0.12028164905171979,low/mixed,True,stack_height
785,1500.0,29.975,13.15,22.325,0.0,0,40,-0.1224295330240967,1.8160689595758714,1.3544069558994587,height_management,surface_management,0.46166200367641275,moderate,False,stack_height
786,1500.0,28.025,11.4,18.4,0.025,1,40,-0.5489846899589744,-0.31511003741173843,0.05830399467300504,surface_management,height_management,0.37341403208474344,moderate,False,bumpiness
787,1500.0,31.95,11.175,19.675,0.0,0,40,0.30959427976891934,-0.5891187655958593,0.4793310712497518,surface_management,hole_management,0.16973679148083243,low/mixed,True,bumpiness
788,1500.0,31.45,11.725,20.625,0.0,0,40,0.20022116260613035,0.08068034774310255,0.7930375204637976,surface_management,hole_management,0.5928163578576673,moderate,False,bumpiness
789,1500.0,34.075,11.75,17.125,0.0,0,40,0.7744300277107733,0.11112576198578313,-0.36272308190374053,hole_management,height_management,0.6633042657249901,moderate,False,hole_avoidance
790,1500.0,31.75,11.45,18.825,0.0,0,40,0.2658450329038039,-0.25421920892637945,0.19864635353192062,hole_management,surface_management,0.06719867937188329,low/mixed,True,hole_avoidance
791,1500.0,30.275,11.775,20.525,0.0,0,40,-0.056805662726423935,0.14157117622846369,0.7600157889675818,surface_management,height_management,0.6184446127391181,moderate,False,bumpiness
792,1500.0,28.5,11.375,23.2,0.0,0,40,-0.4450802286543245,-0.345555451654419,1.6433471064913434,surface_management,height_management,1.9889025581457624,high,False,bumpiness
793,1500.0,29.3,11.95,15.65,0.0,0,40,-0.270083241193862,0.3546890759272234,-0.8497936214729173,height_management,hole_management,0.6247723171210854,moderate,False,stack_height
794,1500.0,23.525,10.975,12.675,0.0,0,40,-1.5333427444240753,-0.8326820795373017,-1.8321901334853246,height_management,hole_management,0.7006606648867736,moderate,False,stack_height
795,1500.0,33.175,13.35,20.575,0.0,0,40,0.5775584168177519,2.0596322735173116,0.7765266547156897,height_management,surface_management,1.2831056188016219,high,False,stack_height
796,1500.0,27.925,11.075,14.975,0.0,0,40,-0.5708593133915317,-0.7109004225665816,-1.0726903090723712,hole_management,height_management,0.14004110917504986,low/mixed,True,hole_avoidance
797,1500.0,28.325,12.375,20.95,0.0,0,40,-0.48336081966130084,0.8722611180527866,0.9003581478264974,surface_management,height_management,0.028097029773710758,low/mixed,True,bumpiness
798,1500.0,25.175,12.775,22.475,0.0,0,40,-1.1724114577868712,1.3593877459356694,1.4039395531437826,surface_management,height_management,0.04455180720811325,low/mixed,True,bumpiness
799,1500.0,35.075,11.7,20.0,0.0,0,40,0.9931762620363512,0.05023493350042197,0.5866516986124516,hole_management,surface_management,0.40652456342389964,moderate,False,hole_avoidance
800,1500.0,36.425,12.5,16.725,0.0,0,40,1.2884836783758804,1.0244881892661875,-0.4948100078886016,hole_management,height_management,0.26399548910969295,low/mixed,True,hole_avoidance
801,1500.0,27.0,10.625,13.675,0.0,0,40,-0.7731995801426915,-1.2589178789348232,-1.5019728185231709,hole_management,height_management,0.4857182987921317,moderate,False,hole_avoidance
802,1500.0,28.875,11.925,15.3,0.0,0,40,-0.3630503907822328,0.324243661684545,-0.965369681709671,height_management,hole_management,0.6872940524667778,moderate,False,stack_height
803,1500.0,32.375,11.275,17.175,0.0,0,40,0.4025614293572901,-0.4673371086251391,-0.34621221615563263,hole_management,surface_management,0.7487736455129228,moderate,False,hole_avoidance
804,1500.0,32.175,10.95,15.125,0.0,0,40,0.3588121824921739,-0.8631274937799822,-1.0231577118280482,hole_management,height_management,1.2219396762721562,high,False,hole_avoidance
805,1500.0,21.7,11.35,15.575,0.0,0,40,-1.932554622068255,-0.3760008658970996,-0.8745599200950791,height_management,surface_management,0.4985590541979795,moderate,False,stack_height
806,1500.0,35.25,11.825,13.425,0.025,1,40,1.0314568530433268,0.20246200471382267,-1.5845271472637092,hole_management,height_management,0.8289948483295041,high,False,hole_avoidance
807,1500.0,34.55,11.75,17.9,0.0,0,40,0.8783344890154215,0.11112576198578313,-0.10680466280807184,hole_management,height_management,0.7672087270296384,high,False,hole_avoidance
808,1500.0,34.825,12.275,18.625,0.0,0,40,0.9384897034549567,0.7504794610820665,0.13260289053949012,hole_management,height_management,0.1880102423728902,low/mixed,True,hole_avoidance
809,1500.0,24.175,11.375,21.65,0.0,0,40,-1.391157692112449,-0.345555451654419,1.1315102683000047,surface_management,height_management,1.4770657199544237,high,False,bumpiness
810,1500.0,27.725,11.075,18.375,0.0,0,40,-0.6146085602566471,-0.7109004225665816,0.05004856179895167,surface_management,hole_management,0.6646571220555988,moderate,False,bumpiness
811,1500.0,34.6,12.175,19.775,0.025,1,40,0.8892718007317014,0.6286978041113463,0.5123528027459665,hole_management,height_management,0.2605739966203551,low/mixed,True,hole_avoidance
812,1500.0,25.3,10.825,17.825,0.0,0,40,-1.1450681784961738,-1.015354564993383,-0.13157096143023314,surface_management,height_management,0.8837836035631499,high,False,bumpiness
813,1500.0,34.05,10.925,18.475,0.025,1,40,0.7689613718526326,-0.8935729080226607,0.0830702932951675,hole_management,surface_management,0.6858910785574651,moderate,False,hole_avoidance
814,1500.0,35.975,13.575,26.275,0.025,1,40,1.190047872929371,2.3336410017014324,2.658765349999966,surface_management,height_management,0.32512434829853376,low/mixed,True,bumpiness
815,1500.0,34.0,12.475,19.95,0.0,0,40,0.7580240601363544,0.9940427750235068,0.5701408328643436,height_management,hole_management,0.23601871488715243,low/mixed,True,stack_height
816,1500.0,31.1,12.375,20.225,0.0,0,40,0.12365998059217852,0.8722611180527866,0.6609505944789366,height_management,surface_management,0.21131052357385005,low/mixed,True,stack_height
817,1500.0,31.125,11.075,17.825,0.0,0,40,0.12912863645031766,-0.7109004225665816,-0.13157096143023314,hole_management,surface_management,0.2606995978805508,low/mixed,True,hole_avoidance
818,1500.0,31.55,11.225,15.1,0.0,0,40,0.22209578603868846,-0.5282279371105003,-1.031413144702102,hole_management,height_management,0.7503237231491888,high,False,hole_avoidance
819,1500.0,24.2,10.8,16.85,0.0,0,40,-1.38568903625431,-1.0457999792360613,-0.45353284351833234,surface_management,height_management,0.5922671357177289,moderate,False,bumpiness
820,1500.0,34.625,14.25,22.875,0.0,0,40,0.8947404565898406,3.155667186253797,1.5360264791286435,height_management,surface_management,1.6196407071251535,high,False,stack_height
821,1500.0,31.95,11.5,17.85,0.0,0,40,0.30959427976891934,-0.1933283804410183,-0.1233155285561786,hole_management,surface_management,0.43290980832509796,moderate,False,hole_avoidance
822,1500.0,27.5,11.4,18.775,0.0,0,40,-0.6638264629799026,-0.31511003741173843,0.1821354877838127,surface_management,height_management,0.4972455251955511,moderate,False,bumpiness
823,1500.0,32.975,12.075,20.2,0.0,0,40,0.5338091699526373,0.506916147140624,0.6526951616048821,surface_management,hole_management,0.11888599165224478,low/mixed,True,bumpiness
824,1500.0,40.225,12.5,20.0,0.0,0,40,2.1197193688130778,1.0244881892661875,0.5866516986124516,hole_management,height_management,1.0952311795468903,high,False,hole_avoidance
825,1500.0,25.55,12.225,15.325,0.025,1,40,-1.0903816199147793,0.6895886325967053,-0.9571142488356176,height_management,surface_management,1.646702881432323,high,False,stack_height
826,1500.0,28.65,11.625,15.075,0.0,0,40,-0.41226829350548816,-0.04110130922761759,-1.039668577576156,height_management,hole_management,0.3711669842778706,moderate,False,stack_height
827,1500.0,27.5,11.05,16.45,0.0,0,40,-0.6638264629799026,-0.7413458368092599,-0.5856197695031946,surface_management,hole_management,0.07820669347670794,low/mixed,True,bumpiness
828,1500.0,31.55,12.75,23.45,0.0,0,40,0.22209578603868846,1.3289423316929887,1.7259014352318818,surface_management,height_management,0.3969591035388931,moderate,False,bumpiness
829,1500.0,27.4,11.55,18.15,0.0,0,40,-0.6857010864124606,-0.13243755195565715,-0.0242503340675334,surface_management,height_management,0.10818721788812374,low/mixed,True,bumpiness
830,1500.0,30.25,11.3,19.125,0.0,0,40,-0.062274318584563074,-0.43689169438245856,0.297711548020567,surface_management,hole_management,0.35998586660513004,moderate,False,bumpiness
831,1500.0,30.075,11.6,17.025,0.0,0,40,-0.10055490959153937,-0.07154672347029815,-0.3957448133999564,height_management,hole_management,0.029008186121241217,low/mixed,True,stack_height
832,1500.0,28.275,11.8,16.75,0.025,1,40,-0.4942981313775799,0.17201659047114426,-0.4865545750145482,height_management,surface_management,0.6585711654856925,moderate,False,stack_height
833,1500.0,34.35,12.525,23.3,0.0,0,40,0.8345852421503069,1.054933603508868,1.6763688379875592,surface_management,height_management,0.6214352344786913,moderate,False,bumpiness
834,1500.0,31.275,11.65,20.65,0.0,0,40,0.16194057159915404,-0.010655894984937011,0.801292953337851,surface_management,hole_management,0.639352381738697,moderate,False,bumpiness
835,1500.0,25.775,11.05,18.05,0.0,0,40,-1.041163717191525,-0.7413458368092599,-0.05727206556374807,surface_management,height_management,0.6840737712455118,moderate,False,bumpiness
836,1500.0,36.025,12.525,17.175,0.025,1,40,1.2009851846456494,1.054933603508868,-0.34621221615563263,hole_management,height_management,0.14605158113678152,low/mixed,True,hole_avoidance
837,1500.0,38.675,13.25,16.425,0.025,1,40,1.7806627056084308,1.9378506165465916,-0.5938752023772479,height_management,hole_management,0.15718791093816087,low/mixed,True,stack_height
838,1500.0,29.125,11.55,15.65,0.0,0,40,-0.3083638322008383,-0.13243755195565715,-0.8497936214729173,height_management,hole_management,0.17592628024518114,low/mixed,True,stack_height
839,1500.0,28.65,11.1,15.45,0.0,0,40,-0.41226829350548816,-0.6804550083239009,-0.9158370844653483,hole_management,height_management,0.2681867148184128,low/mixed,True,hole_avoidance
840,1500.0,24.575,12.45,17.85,0.025,1,40,-1.3036591983822183,0.9635973607808263,-0.1233155285561786,height_management,surface_management,1.0869128893370048,high,False,stack_height
841,1500.0,28.025,12.2,18.55,0.0,0,40,-0.5489846899589744,0.6591432183540248,0.1078365919173288,height_management,surface_management,0.5513066264366959,moderate,False,stack_height
842,1500.0,31.35,11.75,14.925,0.0,0,40,0.17834653917357302,0.11112576198578313,-1.0892011748204786,hole_management,height_management,0.06722077718778989,low/mixed,True,hole_avoidance
843,1500.0,29.75,11.2,12.675,0.0,0,40,-0.17164743574735206,-0.5586733513531809,-1.8321901334853246,hole_management,height_management,0.3870259156058288,moderate,False,hole_avoidance
844,1500.0,26.625,11.0,16.475,0.0,0,40,-0.8552294180147832,-0.8022366652946211,-0.57736433662914,surface_management,height_management,0.22487232866548112,low/mixed,True,bumpiness
845,1500.0,29.425,12.0,16.575,0.0,0,40,-0.24273996190316474,0.4155799044125845,-0.5443426051329253,height_management,hole_management,0.6583198663157492,moderate,False,stack_height
846,1500.0,37.05,12.775,17.95,0.0,0,40,1.4252000748293665,1.3593877459356694,-0.09029379705996392,hole_management,height_management,0.06581232889369715,low/mixed,True,hole_avoidance
847,1500.0,25.4,11.625,14.775,0.0,0,40,-1.1231935550636165,-0.04110130922761759,-1.1387337720648019,height_management,hole_management,1.082092245835999,high,False,stack_height
848,1500.0,39.1,11.95,17.3,0.0,0,40,1.8736298551968023,0.3546890759272234,-0.3049350517853634,hole_management,height_management,1.5189407792695788,high,False,hole_avoidance
849,1500.0,34.9,10.8,15.375,0.0,0,40,0.9548956710293742,-1.0457999792360613,-0.9406033830875097,hole_management,surface_management,1.895499054116884,high,False,hole_avoidance
850,1500.0,28.625,11.125,12.975,0.025,1,40,-0.41773694936362726,-0.6500095940812204,-1.7331249389966787,hole_management,height_management,0.23227264471759312,low/mixed,True,hole_avoidance
851,1500.0,34.425,12.975,17.525,0.025,1,40,0.8509912097247243,1.6029510598771095,-0.2306361559188795,height_management,hole_management,0.7519598501523852,high,False,stack_height
852,1500.0,21.775,11.45,10.3,0.0,0,40,-1.9161486544938366,-0.25421920892637945,-2.61645625652044,height_management,hole_management,1.6619294455674571,high,False,stack_height
853,1500.0,28.0,11.45,14.9,0.0,0,40,-0.5544533458171135,-0.25421920892637945,-1.0974566076945325,height_management,hole_management,0.300234136890734,low/mixed,True,stack_height
854,1500.0,27.35,12.7,18.375,0.0,0,40,-0.6966383981287388,1.2680515032076276,0.05004856179895167,height_management,surface_management,1.218002941408676,high,False,stack_height
855,1500.0,32.675,12.775,20.775,0.0,0,40,0.4681852996549629,1.3593877459356694,0.8425701177081202,height_management,surface_management,0.5168176282275492,moderate,False,stack_height
856,1500.0,27.85,11.625,21.075,0.0,0,40,-0.5872652809659499,-0.04110130922761759,0.9416353121967665,surface_management,height_management,0.9827366214243841,high,False,bumpiness
857,1500.0,26.225,11.05,13.2,0.0,0,40,-0.9427279117450141,-0.7413458368092599,-1.6588260431301942,height_management,hole_management,0.20138207493575422,low/mixed,True,stack_height
858,1500.0,29.325,12.95,16.95,0.025,1,40,-0.26461458533572285,1.572505645634429,-0.42051111202211766,height_management,hole_management,1.837120230970152,high,False,stack_height
859,1500.0,28.875,11.525,17.325,0.0,0,40,-0.3630503907822328,-0.16288296619833773,-0.29667961891131,height_management,surface_management,0.13379665271297228,low/mixed,True,stack_height
860,1500.0,31.25,11.15,18.65,0.025,1,40,0.1564719157410149,-0.6195641798385398,0.14085832341354348,hole_management,surface_management,0.01561359232747142,low/mixed,True,hole_avoidance
861,1500.0,30.825,11.95,18.425,0.0,0,40,0.06350476615264411,0.3546890759272234,0.06655942754705958,height_management,surface_management,0.2881296483801638,low/mixed,True,stack_height
862,1500.0,28.475,11.15,16.0,0.0,0,40,-0.45054888451246367,-0.6195641798385398,-0.7342175612361636,hole_management,height_management,0.16901529532607618,low/mixed,True,hole_avoidance
863,1500.0,41.15,12.5,17.575,0.0,0,40,2.3220596355642367,1.0244881892661875,-0.2141252901707716,hole_management,height_management,1.2975714462980492,high,False,hole_avoidance
864,1500.0,37.025,12.275,20.95,0.0,0,40,1.4197314189712273,0.7504794610820665,0.9003581478264974,hole_management,surface_management,0.51937327114473,moderate,False,hole_avoidance
865,1500.0,30.2,12.9,23.9,0.0,0,40,-0.07321163030084213,1.51161481714907,1.8744992269648508,surface_management,height_management,0.36288440981578085,moderate,False,bumpiness
866,1500.0,33.85,11.725,16.525,0.0,0,40,0.725212124987518,0.08068034774310255,-0.5608534708810333,hole_management,height_management,0.6445317772444155,moderate,False,hole_avoidance
867,1500.0,39.775,12.95,25.025,0.0,0,40,2.0212835633665667,1.572505645634429,2.245993706297274,surface_management,hole_management,0.22471014293070724,low/mixed,True,bumpiness
868,1500.0,28.5,10.925,18.575,0.0,0,40,-0.4450802286543245,-0.8935729080226607,0.11609202479138218,surface_management,hole_management,0.5611722534457066,moderate,False,bumpiness
869,1500.0,36.925,12.15,23.075,0.0,0,40,1.3978567955386694,0.5982523898686658,1.6020699421210742,surface_management,hole_management,0.20421314658240486,low/mixed,True,bumpiness
870,1500.0,34.775,11.05,14.375,0.0,0,40,0.927552391738677,-0.7413458368092599,-1.2708206980496635,hole_management,height_management,1.668898228547937,high,False,hole_avoidance
871,1500.0,40.1,13.65,18.725,0.0,0,40,2.0923760895223804,2.424977244429474,0.16562462203570597,height_management,hole_management,0.33260115490709374,low/mixed,True,stack_height
872,1500.0,23.8,10.675,17.175,0.0,0,40,-1.473187529984541,-1.1980270504494621,-0.34621221615563263,surface_management,height_management,0.8518148342938294,high,False,bumpiness
873,1500.0,29.925,10.65,13.875,0.0,0,40,-0.13336684474037577,-1.2284724646921426,-1.4359293555307402,hole_management,height_management,1.0951056199517668,high,False,hole_avoidance
874,1500.0,36.175,12.375,17.375,0.0,0,40,1.233797119794486,0.8722611180527866,-0.2801687531632021,hole_management,height_management,0.3615360017416993,moderate,False,hole_avoidance
875,1500.0,34.8,12.425,19.6,0.0,0,40,0.9330210475968161,0.9331519465381478,0.4545647726275905,height_management,hole_management,0.00013089894133166968,low/mixed,True,stack_height
876,1500.0,27.975,10.7,14.25,0.0,0,40,-0.5599220016752526,-1.1675816362067837,-1.3120978624199326,hole_management,height_management,0.607659634531531,moderate,False,hole_avoidance
877,1500.0,37.275,13.25,18.15,0.0,0,40,1.4744179775526218,1.9378506165465916,-0.0242503340675334,height_management,hole_management,0.4634326389939698,moderate,False,stack_height
878,1500.0,31.5,11.4,14.925,0.025,1,40,0.2111584743224094,-0.31511003741173843,-1.0892011748204786,hole_management,height_management,0.5262685117341478,moderate,False,hole_avoidance
879,1500.0,25.6,10.925,16.975,0.0,0,40,-1.0794443081985003,-0.8935729080226607,-0.41225567914806316,surface_management,height_management,0.4813172288745975,moderate,False,bumpiness
880,1500.0,27.15,11.075,17.925,0.0,0,40,-0.7403876449938551,-0.7109004225665816,-0.0985492299340173,surface_management,height_management,0.6123511926325643,moderate,False,bumpiness
881,1500.0,32.75,12.9,21.275,0.0,0,40,0.48459126722938184,1.51161481714907,1.0076787751891971,height_management,surface_management,0.5039360419598728,moderate,False,stack_height
882,1500.0,32.6,12.05,21.625,0.0,0,40,0.4517793320805455,0.47647073289794567,1.1232548354259515,surface_management,height_management,0.6467841025280059,moderate,False,bumpiness
883,1500.0,29.7,11.725,13.75,0.0,0,40,-0.18258474746363113,0.08068034774310255,-1.4772065199010096,height_management,hole_management,0.2632650952067337,low/mixed,True,stack_height
884,1500.0,30.25,11.7,21.7,0.0,0,40,-0.062274318584563074,0.05023493350042197,1.1480211340481128,surface_management,height_management,1.0977862005476908,high,False,bumpiness
885,1500.0,30.1,11.825,17.05,0.0,0,40,-0.09508625373339946,0.20246200471382267,-0.3874893805259018,height_management,hole_management,0.2975482584472221,low/mixed,True,stack_height
886,1500.0,33.15,11.525,17.925,0.0,0,40,0.5720897609596127,-0.16288296619833773,-0.0985492299340173,hole_management,surface_management,0.67063899089363,moderate,False,hole_avoidance
887,1500.0,26.625,11.4,20.05,0.0,0,40,-0.8552294180147832,-0.31511003741173843,0.6031625643605595,surface_management,height_management,0.918272601772298,high,False,bumpiness
888,1500.0,28.325,11.4,20.225,0.0,0,40,-0.48336081966130084,-0.31511003741173843,0.6609505944789366,surface_management,height_management,0.976060631890675,high,False,bumpiness
889,1500.0,27.225,11.0,20.025,0.0,0,40,-0.7239816774194361,-0.8022366652946211,0.5949071314865049,surface_management,hole_management,1.318888808905941,high,False,bumpiness
890,1500.0,36.95,12.3,21.275,0.0,0,40,1.40332545139681,0.7809248753247471,1.0076787751891971,hole_management,surface_management,0.39564667620761296,moderate,False,hole_avoidance
891,1500.0,33.575,11.75,16.475,0.0,0,40,0.6650569105479843,0.11112576198578313,-0.57736433662914,hole_management,height_management,0.5539311485622012,moderate,False,hole_avoidance
892,1500.0,20.525,11.275,19.025,0.025,1,40,-2.1895814474008093,-0.4673371086251391,0.26468981652435114,surface_management,height_management,0.7320269251494902,moderate,False,bumpiness
893,1500.0,37.0,13.3,19.4,0.0,0,40,1.4142627631130882,1.9987414450319527,0.3885213096351588,height_management,hole_management,0.5844786819188645,moderate,False,stack_height
894,1500.0,27.45,11.025,15.025,0.0,0,40,-0.6747637746961815,-0.7717912510519406,-1.0561794433242633,hole_management,height_management,0.09702747635575903,low/mixed,True,hole_avoidance
895,1500.0,25.275,10.525,14.25,0.0,0,40,-1.1505368343543139,-1.3806995359055434,-1.3120978624199326,hole_management,surface_management,0.16156102806561878,low/mixed,True,hole_avoidance
896,1500.0,27.15,10.7,15.6,0.0,0,40,-0.7403876449938551,-1.1675816362067837,-0.8663044872210252,hole_management,surface_management,0.12591684222717003,low/mixed,True,hole_avoidance
897,1500.0,31.425,12.65,20.425,0.0,0,40,0.19475250674799122,1.2071606747222687,0.7269940574713671,height_management,surface_management,0.4801666172509016,moderate,False,stack_height
898,1500.0,35.15,12.7,21.5,0.0,0,40,1.0095822296107686,1.2680515032076276,1.081977671055682,height_management,surface_management,0.1860738321519455,low/mixed,True,stack_height
899,1500.0,27.825,12.275,17.025,0.0,0,40,-0.5927339368240898,0.7504794610820665,-0.3957448133999564,height_management,surface_management,1.146224274482023,high,False,stack_height
900,1500.0,27.4,10.95,12.425,0.0,0,40,-0.6857010864124606,-0.8631274937799822,-1.914744462225863,hole_management,height_management,0.17742640736752158,low/mixed,True,hole_avoidance
901,1500.0,39.6,12.4,15.975,0.0,0,40,1.9830029723595912,0.9027065322954673,-0.7424729941102175,hole_management,height_management,1.080296440064124,high,False,hole_avoidance
902,1500.0,22.05,11.425,20.45,0.0,0,40,-1.8559934400543023,-0.28466462316905783,0.7352494903454205,surface_management,height_management,1.0199141135144782,high,False,bumpiness
903,1500.0,34.6,12.375,23.3,0.0,0,40,0.8892718007317014,0.8722611180527866,1.6763688379875592,surface_management,hole_management,0.7870970372558578,high,False,bumpiness
904,1500.0,30.7,12.575,17.45,0.0,0,40,0.03616148686194686,1.115824431994227,-0.2554024545410408,height_management,hole_management,1.0796629451322801,high,False,stack_height
905,1500.0,37.9,12.425,17.8,0.0,0,40,1.6111343740061081,0.9331519465381478,-0.1398263943042865,hole_management,height_management,0.6779824274679603,moderate,False,hole_avoidance
906,1500.0,24.525,10.375,17.85,0.0,0,40,-1.3145965100984973,-1.5633720213616247,-0.1233155285561786,surface_management,hole_management,1.1912809815423187,high,False,bumpiness
907,1500.0,28.225,10.85,14.125,0.0,0,40,-0.5052354430938581,-0.9849091507507024,-1.3533750267902018,hole_management,height_management,0.47967370765684425,moderate,False,hole_avoidance
908,1500.0,30.925,10.95,13.325,0.0,0,40,0.08537938958520222,-0.8631274937799822,-1.617548878759925,hole_management,height_management,0.9485068833651844,high,False,hole_avoidance
909,1500.0,27.75,11.05,21.4,0.0,0,40,-0.609139904398508,-0.7413458368092599,1.0489559395594663,surface_management,hole_management,1.6580958439579743,high,False,bumpiness
910,1500.0,35.45,11.425,16.575,0.0,0,40,1.075206099908443,-0.28466462316905783,-0.5443426051329253,hole_management,height_management,1.359870723077501,high,False,hole_avoidance
911,1500.0,31.675,13.375,21.225,0.0,0,40,0.2494390653293857,2.0900776877599925,0.9911679094410903,height_management,surface_management,1.0989097783189021,high,False,stack_height
912,1500.0,37.3,13.35,17.6,0.0,0,40,1.479886633410761,2.0596322735173116,-0.20586985729671703,height_management,hole_management,0.5797456401065506,moderate,False,stack_height
913,1500.0,26.5,11.225,15.625,0.0,0,40,-0.8825726973054805,-0.5282279371105003,-0.8580490543469712,height_management,surface_management,0.3298211172364709,low/mixed,True,stack_height
914,1500.0,31.05,11.875,18.85,0.0,0,40,0.11272266887589946,0.26335283319918384,0.20690178640597517,height_management,surface_management,0.05645104679320867,low/mixed,True,stack_height
915,1500.0,33.475,11.825,20.775,0.0,0,40,0.6431822871154262,0.20246200471382267,0.8425701177081202,surface_management,hole_management,0.19938783059269394,low/mixed,True,bumpiness
916,1500.0,34.9,11.425,14.3,0.0,0,40,0.9548956710293742,-0.28466462316905783,-1.2955869966718248,hole_management,height_management,1.239560294198432,high,False,hole_avoidance
917,1500.0,39.375,12.875,17.675,0.0,0,40,1.933785069636336,1.4811694029063895,-0.18110355867455574,hole_management,height_management,0.45261566672994635,moderate,False,hole_avoidance
918,1500.0,30.2,11.7,17.45,0.0,0,40,-0.07321163030084213,0.05023493350042197,-0.2554024545410408,height_management,hole_management,0.12344656380126409,low/mixed,True,stack_height
919,1500.0,44.4,12.625,18.7,0.0,0,40,3.032984897122365,1.176715260479588,0.1573691891616514,hole_management,height_management,1.856269636642777,high,False,hole_avoidance
920,1500.0,31.35,11.7,16.025,0.0,0,40,0.17834653917357302,0.05023493350042197,-0.7259621283621102,hole_management,height_management,0.12811160567315105,low/mixed,True,hole_avoidance
921,1500.0,36.025,13.2,20.475,0.0,0,40,1.2009851846456494,1.8769597880612305,0.743504923219475,height_management,hole_management,0.6759746034155811,moderate,False,stack_height
922,1500.0,35.075,11.925,19.05,0.0,0,40,0.9931762620363512,0.324243661684545,0.2729452493984057,hole_management,height_management,0.6689326003518062,moderate,False,hole_avoidance
923,1500.0,32.025,12.675,20.3,0.0,0,40,0.32600024734333755,1.2376060889649492,0.6857168931010978,height_management,surface_management,0.5518891958638513,moderate,False,stack_height
924,1500.0,34.675,11.225,16.025,0.0,0,40,0.9056777683061189,-0.5282279371105003,-0.7259621283621102,hole_management,height_management,1.433905705416619,high,False,hole_avoidance
925,1500.0,36.475,12.125,17.375,0.0,0,40,1.29942099009216,0.5678069756259853,-0.2801687531632021,hole_management,height_management,0.7316140144661748,moderate,False,hole_avoidance
926,1500.0,30.425,11.35,14.05,0.0,0,40,-0.023993727577586773,-0.3760008658970996,-1.3781413254123631,hole_management,height_management,0.3520071383195128,moderate,False,hole_avoidance
927,1500.0,38.575,12.925,19.55,0.0,0,40,1.7587880821758741,1.5420602313917506,0.4380539068794826,hole_management,height_management,0.2167278507841235,low/mixed,True,hole_avoidance
928,1500.0,31.425,11.375,17.225,0.0,0,40,0.19475250674799122,-0.345555451654419,-0.3297013504075247,hole_management,surface_management,0.524453857155516,moderate,False,hole_avoidance
929,1500.0,23.6,11.075,22.15,0.0,0,40,-1.5169367768496562,-0.7109004225665816,1.2966189257810816,surface_management,height_management,2.007519348347663,high,False,bumpiness
930,1500.0,29.5,11.425,14.85,0.025,1,40,-0.22633399432874657,-0.28466462316905783,-1.1139674734426406,hole_management,height_management,0.05833062884031126,low/mixed,True,hole_avoidance
931,1500.0,37.075,11.925,17.55,0.0,0,40,1.4306687306875072,0.324243661684545,-0.22238072304482495,hole_management,height_management,1.1064250690029622,high,False,hole_avoidance
932,1500.0,22.8,10.525,20.125,0.0,0,40,-1.6919337643101189,-1.3806995359055434,0.6279288629827208,surface_management,height_management,2.008628398888264,high,False,bumpiness
933,1500.0,23.0,11.125,15.35,0.025,1,40,-1.6481845174450034,-0.6500095940812204,-0.9488588159615636,height_management,surface_management,0.29884922188034324,low/mixed,True,stack_height
934,1500.0,34.775,11.875,17.4,0.0,0,40,0.927552391738677,0.26335283319918384,-0.2719133202891487,hole_management,height_management,0.6641995585394931,moderate,False,hole_avoidance
935,1500.0,20.675,10.475,19.9,0.0,0,40,-2.156769512251972,-1.4415903643909045,0.5536299671162357,surface_management,height_management,1.9952203315071402,high,False,bumpiness
936,1500.0,32.95,11.075,14.975,0.0,0,40,0.5283405140944981,-0.7109004225665816,-1.0726903090723712,hole_management,height_management,1.2392409366610797,high,False,hole_avoidance
937,1500.0,25.025,12.9,28.075,0.0,0,40,-1.2052233929357083,1.51161481714907,3.253156516931843,surface_management,height_management,1.7415416997827728,high,False,bumpiness
938,1500.0,30.525,11.325,17.825,0.0,0,40,-0.002119104145029441,-0.4064462801397801,-0.13157096143023314,hole_management,surface_management,0.1294518572852037,low/mixed,True,hole_avoidance
939,1500.0,29.875,11.6,15.825,0.0,0,40,-0.14430415645665481,-0.07154672347029815,-0.7920055913545406,height_management,hole_management,0.07275743298635666,low/mixed,True,stack_height
940,1500.0,29.25,11.1,19.7,0.05,2,40,-0.28102055291014105,-0.6804550083239009,0.48758650412380516,surface_management,hole_management,0.7686070570339463,high,False,bumpiness
941,1500.0,31.575,11.6,19.15,0.0,0,40,0.2275644418968276,-0.07154672347029815,0.3059669808946204,surface_management,hole_management,0.07840253899779279,low/mixed,True,bumpiness
942,1500.0,27.925,11.05,17.025,0.0,0,40,-0.5708593133915317,-0.7413458368092599,-0.3957448133999564,surface_management,hole_management,0.17511449999157536,low/mixed,True,bumpiness
943,1500.0,31.125,12.0,16.8,0.0,0,40,0.12912863645031766,0.4155799044125845,-0.4700437092664403,height_management,hole_management,0.28645126796226683,low/mixed,True,stack_height
944,1500.0,28.65,11.975,20.975,0.0,0,40,-0.41226829350548816,0.385134490169904,0.908613580700552,surface_management,height_management,0.523479090530648,moderate,False,bumpiness
945,1500.0,33.35,11.65,16.625,0.0,0,40,0.615839007824729,-0.010655894984937011,-0.5278317393848174,hole_management,height_management,0.626494902809666,moderate,False,hole_avoidance
946,1500.0,37.6,11.725,18.725,0.0,0,40,1.5455105037084353,0.08068034774310255,0.16562462203570597,hole_management,surface_management,1.3798858816727293,high,False,hole_avoidance
947,1500.0,25.325,10.1,14.4,0.025,1,40,-1.1395995226380347,-1.8982715780311066,-1.2625652651756094,hole_management,surface_management,0.12296574253757475,low/mixed,True,hole_avoidance
948,1500.0,35.2,13.175,18.925,0.0,0,40,1.0205195413270485,1.846514373818552,0.23166808502813646,height_management,hole_management,0.8259948324915036,high,False,stack_height
949,1500.0,40.6,12.55,16.6,0.0,0,40,2.2017492066851694,1.0853790177515485,-0.5360871722588708,hole_management,height_management,1.1163701889336208,high,False,hole_avoidance
950,1500.0,22.075,10.85,23.45,0.0,0,40,-1.8505247841961632,-0.9849091507507024,1.7259014352318818,surface_management,height_management,2.710810585982584,high,False,bumpiness
951,1500.0,30.35,11.4,18.05,0.0,0,40,-0.040399695152004964,-0.31511003741173843,-0.05727206556374807,hole_management,surface_management,0.01687237041174311,low/mixed,True,hole_avoidance
952,1500.0,33.55,11.475,21.2,0.0,0,40,0.6595882546898436,-0.22377379468369887,0.9829124765670358,surface_management,hole_management,0.32332422187719223,low/mixed,True,bumpiness
953,1500.0,29.65,11.375,16.725,0.0,0,40,-0.19352205917991017,-0.345555451654419,-0.4948100078886016,hole_management,height_management,0.1520333924745088,low/mixed,True,hole_avoidance
954,1500.0,30.975,14.425,28.05,0.0,0,40,0.09631670130148128,3.368785085952559,3.2449010840577897,height_management,surface_management,0.12388400189476956,low/mixed,True,stack_height
955,1500.0,32.5,10.875,18.05,0.025,1,40,0.42990470864798735,-0.9544637365080219,-0.05727206556374807,hole_management,surface_management,0.48717677421173544,moderate,False,hole_avoidance
956,1500.0,38.875,14.025,19.625,0.0,0,40,1.824411952473547,2.8816584580696762,0.4628202055016439,height_management,hole_management,1.0572465055961293,high,False,stack_height
957,1500.0,26.45,9.9,15.05,0.0,0,40,-0.8935100090217596,-2.1418348919725467,-1.0479240104502094,hole_management,surface_management,0.15441400142844985,low/mixed,True,hole_avoidance
958,1500.0,37.35,11.525,15.3,0.0,0,40,1.4908239451270409,-0.16288296619833773,-0.965369681709671,hole_management,height_management,1.6537069113253786,high,False,hole_avoidance
959,1500.0,36.775,12.225,17.025,0.025,1,40,1.3650448603898329,0.6895886325967053,-0.3957448133999564,hole_management,height_management,0.6754562277931275,moderate,False,hole_avoidance
960,1500.0,34.675,11.55,16.925,0.0,0,40,0.9056777683061189,-0.13243755195565715,-0.42876654489617105,hole_management,height_management,1.038115320261776,high,False,hole_avoidance
961,1500.0,39.25,12.6,16.275,0.0,0,40,1.9064417903456388,1.1462698462369074,-0.6434077996215717,hole_management,height_management,0.7601719441087313,high,False,hole_avoidance
962,1500.0,32.75,12.0,17.925,0.0,0,40,0.48459126722938184,0.4155799044125845,-0.0985492299340173,hole_management,height_management,0.06901136281679732,low/mixed,True,hole_avoidance
963,1500.0,23.125,10.675,17.55,0.0,0,40,-1.6208412381543063,-1.1980270504494621,-0.22238072304482495,surface_management,height_management,0.9756463274046372,high,False,bumpiness
964,1500.0,30.75,11.575,14.35,0.0,0,40,0.047098798578225916,-0.10199213771297873,-1.2790761309237173,hole_management,height_management,0.14909093629120465,low/mixed,True,hole_avoidance
965,1500.0,34.05,12.1,19.625,0.0,0,40,0.7689613718526326,0.5373615613833047,0.4628202055016439,hole_management,height_management,0.23159981046932787,low/mixed,True,hole_avoidance
966,1500.0,28.975,12.45,25.475,0.0,0,40,-0.3411757673496747,0.9635973607808263,2.394591498030244,surface_management,height_management,1.4309941372494177,high,False,bumpiness
967,1500.0,27.625,11.325,14.675,0.0,0,40,-0.6364831836892053,-0.4064462801397801,-1.171755503561017,height_management,hole_management,0.2300369035494252,low/mixed,True,stack_height
968,1500.0,30.775,11.65,23.925,0.0,0,40,0.052567454436365055,-0.010655894984937011,1.8827546598389053,surface_management,hole_management,1.8301872054025403,high,False,bumpiness
969,1500.0,26.7,11.975,23.725,0.0,0,40,-0.838823450440365,0.385134490169904,1.8167111968464749,surface_management,height_management,1.4315767066765708,high,False,bumpiness
970,1500.0,39.625,13.2,19.45,0.0,0,40,1.9884716282177304,1.8769597880612305,0.40503217538326675,hole_management,height_management,0.11151184015649984,low/mixed,True,hole_avoidance
971,1500.0,27.275,12.0,22.375,0.0,0,40,-0.7130443657031579,0.4155799044125845,1.3709178216475668,surface_management,height_management,0.9553379172349823,high,False,bumpiness
972,1500.0,29.925,12.825,17.05,0.0,0,40,-0.13336684474037577,1.4202785744210282,-0.3874893805259018,height_management,hole_management,1.553645419161404,high,False,stack_height
973,1500.0,36.6,11.525,20.35,0.0,0,40,1.3267642693828574,-0.16288296619833773,0.7022277588492059,hole_management,surface_management,0.6245365105336516,moderate,False,hole_avoidance
974,1500.0,35.275,12.275,17.925,0.0,0,40,1.036925508901466,0.7504794610820665,-0.0985492299340173,hole_management,height_management,0.2864460478193994,low/mixed,True,hole_avoidance
975,1500.0,25.45,11.1,20.55,0.0,0,40,-1.1122562433473375,-0.6804550083239009,0.7682712218416363,surface_management,height_management,1.4487262301655373,high,False,bumpiness
976,1500.0,25.975,11.15,21.35,0.0,0,40,-0.9974144703264086,-0.6195641798385398,1.0324450738113595,surface_management,height_management,1.6520092536498994,high,False,bumpiness
977,1500.0,33.225,10.9,15.85,0.0,0,40,0.5884957285340318,-0.9240183222653412,-0.7837501584804867,hole_management,surface_management,1.3722458870145184,high,False,hole_avoidance
978,1500.0,37.2,12.575,20.85,0.0,0,40,1.4580120099782046,1.115824431994227,0.8673364163302827,hole_management,height_management,0.3421875779839776,low/mixed,True,hole_avoidance
979,1500.0,26.65,10.6,13.65,0.025,1,40,-0.8497607621566441,-1.2893632931775039,-1.5102282513972247,hole_management,height_management,0.4396025310208598,moderate,False,hole_avoidance
980,1500.0,37.775,12.25,18.1,0.0,0,40,1.5837910947154108,0.720034046839386,-0.04076119981564015,hole_management,height_management,0.8637570478760248,high,False,hole_avoidance
981,1500.0,27.75,11.975,20.575,0.0,0,40,-0.609139904398508,0.385134490169904,0.7765266547156897,surface_management,height_management,0.39139216454578574,moderate,False,bumpiness
982,1500.0,26.85,10.375,16.875,0.0,0,40,-0.8060115152915279,-1.5633720213616247,-0.445277410644279,surface_management,hole_management,0.3607341046472489,moderate,False,bumpiness
983,1500.0,24.6,11.7,19.8,0.0,0,40,-1.2981905425240783,0.05023493350042197,0.520608235620021,surface_management,height_management,0.47037330211959905,moderate,False,bumpiness
984,1500.0,24.9,10.725,16.5,0.0,0,40,-1.2325666722264055,-1.137136221964103,-0.5691089037550866,surface_management,height_management,0.5680273182090164,moderate,False,bumpiness
985,1500.0,25.575,11.25,13.8,0.0,0,40,-1.0849129640566402,-0.4977825228678197,-1.4606956541529015,height_management,hole_management,0.5871304411888205,moderate,False,stack_height
986,1500.0,28.675,11.95,20.35,0.0,0,40,-0.4067996376473482,0.3546890759272234,0.7022277588492059,surface_management,height_management,0.3475386829219825,low/mixed,True,bumpiness
987,1500.0,37.15,11.525,18.4,0.0,0,40,1.4470746982619247,-0.16288296619833773,0.05830399467300504,hole_management,surface_management,1.3887707035889196,high,False,hole_avoidance
988,1500.0,30.175,11.3,17.95,0.025,1,40,-0.07868028615898126,-0.43689169438245856,-0.09029379705996392,hole_management,surface_management,0.011613510900982657,low/mixed,True,hole_avoidance
989,1500.0,29.2,12.275,22.825,0.0,0,40,-0.2919578646264201,0.7504794610820665,1.5195156133805356,surface_management,height_management,0.7690361522984691,high,False,bumpiness
990,1500.0,27.9,11.35,18.3,0.0,0,40,-0.5763279692496717,-0.3760008658970996,0.025282263176790366,surface_management,height_management,0.40128312907388997,moderate,False,bumpiness
991,1500.0,25.725,10.575,16.825,0.025,1,40,-1.052101028907803,-1.3198087074201843,-0.4617882763923869,surface_management,hole_management,0.5903127525154162,moderate,False,bumpiness
992,1500.0,28.275,12.325,24.025,0.0,0,40,-0.4942981313775799,0.8113702895674255,1.91577639133512,surface_management,height_management,1.1044061017676945,high,False,bumpiness
993,1500.0,32.45,11.5,17.5,0.0,0,40,0.4189673969317091,-0.1933283804410183,-0.23889158879293287,hole_management,height_management,0.6122957773727273,moderate,False,hole_avoidance
994,1500.0,25.85,10.825,17.15,0.0,0,40,-1.0247577496171059,-1.015354564993383,-0.3544676490296872,surface_management,height_management,0.6608869159636959,moderate,False,bumpiness
995,1500.0,30.8,11.35,17.975,0.0,0,40,0.05803611029450497,-0.3760008658970996,-0.08203836418590937,hole_management,surface_management,0.14007447448041435,low/mixed,True,hole_avoidance
996,1500.0,28.45,13.45,24.25,0.0,0,40,-0.4560175403706036,2.181413930488032,1.990075287201605,height_management,surface_management,0.19133864328642702,low/mixed,True,stack_height
997,1500.0,26.1,12.6,18.975,0.0,0,40,-0.9700711910357114,1.1462698462369074,0.24817895077624438,height_management,surface_management,0.898090895460663,high,False,stack_height
998,1500.0,23.675,10.175,13.7,0.0,0,40,-1.500530809275238,-1.8069353353030648,-1.4937173856491175,surface_management,hole_management,0.006813423626120585,low/mixed,True,bumpiness
999,1500.0,27.275,11.85,14.725,0.0,0,40,-0.7130443657031579,0.23290741895650324,-1.1552446378129098,height_management,hole_management,0.9459517846596611,high,False,stack_height
