replicate,condition,pre_primary,post_primary,improvement,pre_lines_cleared,post_lines_cleared,lines_improvement,pre_elo,training_steps,tutorial,pre_hole_avoidance,pre_stack_height_management,pre_surface_smoothness,pre_line_clearing_efficiency,post_hole_avoidance,post_stack_height_management,post_surface_smoothness,post_line_clearing_efficiency
0,control,23.5,29.833333333333332,6.333333333333332,0.16666666666666666,1.0,0.8333333333333334,1500.0,40,ordinary_practice,-47.960872982852386,-14.428962937647148,-23.805628778798116,0.007575757575757576,-40.23952569586003,-13.74018753818229,-18.678981188726315,0.02766955266955267
0,rating_only,23.5,29.666666666666668,6.166666666666668,0.16666666666666666,0.6666666666666666,0.5,1500.0,40,rating_tier_board,-47.960872982852386,-14.428962937647148,-23.805628778798116,0.007575757575757576,-43.62082493950828,-14.055939919122595,-17.777660572661553,0.020556609740670462
0,rating_history,23.5,30.5,7.0,0.16666666666666666,0.3333333333333333,0.16666666666666666,1500.0,40,height_management,-47.960872982852386,-14.428962937647148,-23.805628778798116,0.007575757575757576,-36.41093035471511,-13.41935715609937,-17.76627966258806,0.01075268817204301
1,control,28.5,29.166666666666668,0.6666666666666679,0.0,0.16666666666666666,0.16666666666666666,1500.0,40,ordinary_practice,-35.0718649273247,-13.493792191205985,-18.623747187252935,0.0,-38.326721481696126,-14.130243890659713,-20.702454119578867,0.004901960784313725
1,rating_only,28.5,28.666666666666668,0.16666666666666785,0.0,0.0,0.0,1500.0,40,rating_tier_board,-35.0718649273247,-13.493792191205985,-18.623747187252935,0.0,-37.4579579424407,-13.564392312668176,-19.082276727104315,0.0
1,rating_history,28.5,28.666666666666668,0.16666666666666785,0.0,0.0,0.0,1500.0,40,hole_management,-35.0718649273247,-13.493792191205985,-18.623747187252935,0.0,-37.84661442006269,-13.51619644723093,-18.74616456340594,0.0
2,control,26.166666666666668,26.333333333333332,0.1666666666666643,0.3333333333333333,0.16666666666666666,-0.16666666666666666,1500.0,40,ordinary_practice,-38.81117994207756,-13.06815507307092,-20.619689107059372,0.011328725038402458,-37.49651797477885,-13.884591254156472,-20.318197502980112,0.005952380952380952
2,rating_only,26.166666666666668,27.333333333333332,1.1666666666666643,0.3333333333333333,0.16666666666666666,-0.16666666666666666,1500.0,40,rating_tier_board,-38.81117994207756,-13.06815507307092,-20.619689107059372,0.011328725038402458,-38.13969239561131,-13.7655928090086,-19.616297976367942,0.005208333333333333
2,rating_history,26.166666666666668,26.833333333333332,0.6666666666666643,0.3333333333333333,0.0,-0.3333333333333333,1500.0,40,hole_management,-38.81117994207756,-13.06815507307092,-20.619689107059372,0.011328725038402458,-39.3158543616877,-13.582517636684305,-17.87082315832316,0.0
3,control,25.333333333333332,25.833333333333332,0.5,0.0,0.16666666666666666,0.16666666666666666,1500.0,40,ordinary_practice,-39.81194444444444,-12.5946632996633,-16.505258136924805,0.0,-39.10079561642062,-13.577504478546146,-19.725206121039452,0.005208333333333333
3,rating_only,25.333333333333332,25.666666666666668,0.3333333333333357,0.0,0.16666666666666666,0.16666666666666666,1500.0,40,rating_tier_board,-39.81194444444444,-12.5946632996633,-16.505258136924805,0.0,-38.69895090010033,-13.213386257208096,-17.932258966023333,0.005747126436781609
3,rating_history,25.333333333333332,24.666666666666668,-0.6666666666666643,0.0,0.16666666666666666,0.16666666666666666,1500.0,40,hole_management,-39.81194444444444,-12.5946632996633,-16.505258136924805,0.0,-38.34594739667203,-13.232660455486542,-19.506297446514836,0.006172839506172839
4,control,26.166666666666668,29.0,2.833333333333332,0.0,0.16666666666666666,0.16666666666666666,1500.0,40,ordinary_practice,-44.624775964775964,-14.052359492359493,-17.20009842009842,0.0,-36.738396768504295,-14.088804972407123,-17.79273340160437,0.005555555555555556
4,rating_only,26.166666666666668,28.5,2.333333333333332,0.0,0.16666666666666666,0.16666666666666666,1500.0,40,rating_tier_board,-44.624775964775964,-14.052359492359493,-17.20009842009842,0.0,-37.303533739156656,-13.81484209153842,-15.65911197626993,0.005952380952380952
4,rating_history,26.166666666666668,27.833333333333332,1.6666666666666643,0.0,0.0,0.0,1500.0,40,surface_management,-44.624775964775964,-14.052359492359493,-17.20009842009842,0.0,-38.186612908507605,-13.692931961438635,-16.259976870998376,0.0
5,control,26.833333333333332,26.0,-0.8333333333333321,0.0,0.3333333333333333,0.3333333333333333,1500.0,40,ordinary_practice,-35.57250301932367,-12.884435386473431,-16.59330012077295,0.0,-39.59424603174603,-13.169126984126983,-19.862103174603174,0.012619047619047618
5,rating_only,26.833333333333332,28.0,1.1666666666666679,0.0,0.3333333333333333,0.3333333333333333,1500.0,40,rating_tier_board,-35.57250301932367,-12.884435386473431,-16.59330012077295,0.0,-38.01952823864589,-13.29194877381152,-19.153470476509693,0.01045751633986928
5,rating_history,26.833333333333332,26.0,-0.8333333333333321,0.0,0.0,0.0,1500.0,40,surface_management,-35.57250301932367,-12.884435386473431,-16.59330012077295,0.0,-38.27621701969528,-13.154607922941256,-19.27129358296025,0.0
6,control,28.166666666666668,27.5,-0.6666666666666679,0.16666666666666666,0.0,-0.16666666666666666,1500.0,40,ordinary_practice,-32.58429726180931,-12.629945481261759,-19.39599026881192,0.005747126436781609,-34.78105976560278,-12.886250497809637,-18.831135859361666,0.0
6,rating_only,28.166666666666668,26.0,-2.166666666666668,0.16666666666666666,0.0,-0.16666666666666666,1500.0,40,rating_tier_board,-32.58429726180931,-12.629945481261759,-19.39599026881192,0.005747126436781609,-36.959591685095866,-13.030077744956596,-18.15960723031865,0.0
6,rating_history,28.166666666666668,27.166666666666668,-1.0,0.16666666666666666,0.0,-0.16666666666666666,1500.0,40,surface_management,-32.58429726180931,-12.629945481261759,-19.39599026881192,0.005747126436781609,-33.8336165310803,-12.864250510627322,-20.36780468592063,0.0
7,control,27.0,26.333333333333332,-0.6666666666666679,0.3333333333333333,0.0,-0.3333333333333333,1500.0,40,ordinary_practice,-42.33239138469023,-14.013889684177041,-18.21676991378141,0.012345679012345678,-39.84648351648352,-13.268214964048298,-19.6697266313933,0.0
7,rating_only,27.0,26.0,-1.0,0.3333333333333333,0.0,-0.3333333333333333,1500.0,40,rating_tier_board,-42.33239138469023,-14.013889684177041,-18.21676991378141,0.012345679012345678,-39.60767094017094,-13.154777167277167,-18.847741147741147,0.0
7,rating_history,27.0,26.333333333333332,-0.6666666666666679,0.3333333333333333,0.16666666666666666,-0.16666666666666666,1500.0,40,surface_management,-42.33239138469023,-14.013889684177041,-18.21676991378141,0.012345679012345678,-39.44217948717949,-13.32636514719848,-20.25305996472663,0.006410256410256411
8,control,28.0,26.833333333333332,-1.1666666666666679,0.0,0.16666666666666666,0.16666666666666666,1500.0,40,ordinary_practice,-39.329898541151785,-13.840821039189597,-19.428007068255493,0.0,-38.47173388021089,-13.298231080328781,-18.92660387398893,0.005555555555555556
8,rating_only,28.0,26.333333333333332,-1.6666666666666679,0.0,0.0,0.0,1500.0,40,rating_tier_board,-39.329898541151785,-13.840821039189597,-19.428007068255493,0.0,-35.716182336182335,-13.391975308641975,-20.03553656220323,0.0
8,rating_history,28.0,27.333333333333332,-0.6666666666666679,0.0,0.16666666666666666,0.16666666666666666,1500.0,40,surface_management,-39.329898541151785,-13.840821039189597,-19.428007068255493,0.0,-37.80552503052503,-13.425518925518926,-22.237515262515263,0.005952380952380952
9,control,28.333333333333332,27.833333333333332,-0.5,0.16666666666666666,0.16666666666666666,0.0,1500.0,40,ordinary_practice,-37.09434089971997,-13.466287107075836,-18.951573766954635,0.006172839506172839,-34.74452654625068,-12.745992405582923,-19.112801039956214,0.005952380952380952
9,rating_only,28.333333333333332,27.5,-0.8333333333333321,0.16666666666666666,0.16666666666666666,0.0,1500.0,40,rating_tier_board,-37.09434089971997,-13.466287107075836,-18.951573766954635,0.006172839506172839,-34.03787208959623,-12.604279951370469,-19.268707633362805,0.006410256410256411
9,rating_history,28.333333333333332,26.833333333333332,-1.5,0.16666666666666666,0.16666666666666666,0.0,1500.0,40,hole_management,-37.09434089971997,-13.466287107075836,-18.951573766954635,0.006172839506172839,-38.14764448514448,-13.787532220865554,-21.31829127662461,0.005555555555555556
10,control,27.166666666666668,27.0,-0.16666666666666785,0.16666666666666666,0.0,-0.16666666666666666,1500.0,40,ordinary_practice,-33.29933311287478,-13.013826058201058,-19.989123677248678,0.005208333333333333,-39.15034946236559,-13.265867895545314,-18.687681771633386,0.0
10,rating_only,27.166666666666668,27.5,0.33333333333333215,0.16666666666666666,0.0,-0.16666666666666666,1500.0,40,rating_tier_board,-33.29933311287478,-13.013826058201058,-19.989123677248678,0.005208333333333333,-40.21857142857143,-13.450833333333334,-17.87924603174603,0.0
10,rating_history,27.166666666666668,27.0,-0.16666666666666785,0.16666666666666666,0.0,-0.16666666666666666,1500.0,40,surface_management,-33.29933311287478,-13.013826058201058,-19.989123677248678,0.005208333333333333,-41.821572671156005,-13.824357301648968,-19.1707935660019,0.0
11,control,27.333333333333332,28.0,0.6666666666666679,0.16666666666666666,0.0,-0.16666666666666666,1500.0,40,ordinary_practice,-37.21954010562706,-13.342945808887839,-22.415551689319805,0.005050505050505051,-38.89813458786811,-13.354090042729593,-16.967648226792686,0.0
11,rating_only,27.333333333333332,28.5,1.1666666666666679,0.16666666666666666,0.0,-0.16666666666666666,1500.0,40,rating_tier_board,-37.21954010562706,-13.342945808887839,-22.415551689319805,0.005050505050505051,-37.72857928336238,-13.371209135280326,-17.706579787095173,0.0
11,rating_history,27.333333333333332,29.0,1.6666666666666679,0.16666666666666666,0.0,-0.16666666666666666,1500.0,40,hole_management,-37.21954010562706,-13.342945808887839,-22.415551689319805,0.005050505050505051,-37.207635467980296,-13.160756362889984,-16.65026135741653,0.0
12,control,27.166666666666668,26.333333333333332,-0.8333333333333357,0.0,0.0,0.0,1500.0,40,ordinary_practice,-40.30276014109347,-14.066834215167548,-19.781358024691357,0.0,-34.919144316730524,-12.644525329927628,-21.006262626262625,0.0
12,rating_only,27.166666666666668,28.0,0.8333333333333321,0.0,0.0,0.0,1500.0,40,rating_tier_board,-40.30276014109347,-14.066834215167548,-19.781358024691357,0.0,-35.99653735632184,-14.060836648983202,-21.023519746536987,0.0
12,rating_history,27.166666666666668,28.0,0.8333333333333321,0.0,0.16666666666666666,0.16666666666666666,1500.0,40,hole_management,-40.30276014109347,-14.066834215167548,-19.781358024691357,0.0,-37.32983297022513,-13.317480029048657,-20.175628177196806,0.004901960784313725
13,control,26.833333333333332,29.333333333333332,2.5,0.0,0.3333333333333333,0.3333333333333333,1500.0,40,ordinary_practice,-40.48304162312783,-13.827953177091107,-21.362016096929892,0.0,-37.93645397030286,-13.82695599138297,-20.558382104147825,0.009952465834818775
13,rating_only,26.833333333333332,29.833333333333332,3.0,0.0,0.3333333333333333,0.3333333333333333,1500.0,40,rating_tier_board,-40.48304162312783,-13.827953177091107,-21.362016096929892,0.0,-38.26710727111056,-13.326768468737555,-17.035586093601943,0.010584677419354838
13,rating_history,26.833333333333332,29.0,2.166666666666668,0.0,0.3333333333333333,0.3333333333333333,1500.0,40,height_management,-40.48304162312783,-13.827953177091107,-21.362016096929892,0.0,-35.01486288900267,-12.83847784035956,-18.2015878705126,0.010138248847926266
14,control,28.5,27.333333333333332,-1.1666666666666679,0.0,0.0,0.0,1500.0,40,ordinary_practice,-33.70325363493467,-13.556050139994106,-20.07171883698464,0.0,-35.6762637285554,-13.526633297258297,-21.441789221580887,0.0
14,rating_only,28.5,28.666666666666668,0.16666666666666785,0.0,0.16666666666666666,0.16666666666666666,1500.0,40,rating_tier_board,-33.70325363493467,-13.556050139994106,-20.07171883698464,0.0,-34.99565605852536,-13.975506294471812,-20.9065620551069,0.005747126436781609
14,rating_history,28.5,27.0,-1.5,0.0,0.0,0.0,1500.0,40,hole_management,-33.70325363493467,-13.556050139994106,-20.07171883698464,0.0,-33.99448747614988,-13.495238095238095,-20.465470101083913,0.0
15,control,27.5,28.333333333333332,0.8333333333333321,0.0,0.0,0.0,1500.0,40,ordinary_practice,-38.44002463054187,-13.162534209085933,-17.765229885057472,0.0,-34.16280081925243,-12.704426238834841,-17.540406497126927,0.0
15,rating_only,27.5,28.333333333333332,0.8333333333333321,0.0,0.0,0.0,1500.0,40,rating_tier_board,-38.44002463054187,-13.162534209085933,-17.765229885057472,0.0,-37.35948184185114,-13.407390099703782,-18.33344658493157,0.0
15,rating_history,27.5,27.833333333333332,0.33333333333333215,0.0,0.16666666666666666,0.16666666666666666,1500.0,40,surface_management,-38.44002463054187,-13.162534209085933,-17.765229885057472,0.0,-40.925330643972885,-14.218976569407603,-19.412124226348364,0.005208333333333333
16,control,28.5,25.833333333333332,-2.666666666666668,0.5,0.0,-0.5,1500.0,40,ordinary_practice,-38.98426329941161,-13.687593691482924,-17.445823291279975,0.015756302521008403,-39.043450596639005,-13.274778479706017,-21.4355175688509,0.0
16,rating_only,28.5,26.166666666666668,-2.333333333333332,0.5,0.0,-0.5,1500.0,40,rating_tier_board,-38.98426329941161,-13.687593691482924,-17.445823291279975,0.015756302521008403,-39.5481726729228,-13.531305114638448,-20.16610378673097,0.0
16,rating_history,28.5,25.0,-3.5,0.5,0.0,-0.5,1500.0,40,hole_management,-38.98426329941161,-13.687593691482924,-17.445823291279975,0.015756302521008403,-39.77300658278919,-13.180079247108232,-21.060135047453887,0.0
17,control,27.166666666666668,26.833333333333332,-0.3333333333333357,0.0,0.0,0.0,1500.0,40,ordinary_practice,-39.388364626008304,-13.428476057786403,-17.05014678807782,0.0,-39.626176032354195,-13.354203916560238,-17.562883141762452,0.0
17,rating_only,27.166666666666668,26.833333333333332,-0.3333333333333357,0.0,0.16666666666666666,0.16666666666666666,1500.0,40,rating_tier_board,-39.388364626008304,-13.428476057786403,-17.05014678807782,0.0,-39.35486956104772,-13.18360630429596,-17.109538955084933,0.005952380952380952
17,rating_history,27.166666666666668,26.833333333333332,-0.3333333333333357,0.0,0.0,0.0,1500.0,40,surface_management,-39.388364626008304,-13.428476057786403,-17.05014678807782,0.0,-39.310589612601106,-13.249265644955301,-17.556710302256278,0.0
18,control,26.0,28.166666666666668,2.166666666666668,0.16666666666666666,0.16666666666666666,0.0,1500.0,40,ordinary_practice,-39.885790071996965,-13.409270135994273,-19.9894341290893,0.005555555555555556,-40.46191443363486,-13.099225123741252,-14.287123229220004,0.005376344086021505
18,rating_only,26.0,27.0,1.0,0.16666666666666666,0.0,-0.16666666666666666,1500.0,40,rating_tier_board,-39.885790071996965,-13.409270135994273,-19.9894341290893,0.005555555555555556,-36.90034722222222,-13.260069444444444,-18.077430555555555,0.0
18,rating_history,26.0,28.333333333333332,2.333333333333332,0.16666666666666666,0.16666666666666666,0.0,1500.0,40,height_management,-39.885790071996965,-13.409270135994273,-19.9894341290893,0.005555555555555556,-40.61266648421821,-13.412557015143221,-15.439154959557257,0.005555555555555556
19,control,26.833333333333332,28.166666666666668,1.3333333333333357,0.16666666666666666,0.16666666666666666,0.0,1500.0,40,ordinary_practice,-38.1475131051744,-12.995190472609828,-19.45651490086974,0.005376344086021505,-39.61073277578654,-13.23479689366786,-16.879754082039028,0.005376344086021505
19,rating_only,26.833333333333332,26.666666666666668,-0.1666666666666643,0.16666666666666666,0.16666666666666666,0.0,1500.0,40,rating_tier_board,-38.1475131051744,-12.995190472609828,-19.45651490086974,0.005376344086021505,-36.59612332112332,-13.528037240537241,-20.87516788766789,0.005555555555555556
19,rating_history,26.833333333333332,28.166666666666668,1.3333333333333357,0.16666666666666666,0.16666666666666666,0.0,1500.0,40,hole_management,-38.1475131051744,-12.995190472609828,-19.45651490086974,0.005376344086021505,-39.61073277578654,-13.23479689366786,-16.879754082039028,0.005376344086021505
20,control,27.166666666666668,26.666666666666668,-0.5,0.0,0.0,0.0,1500.0,40,ordinary_practice,-37.15494993457359,-12.96236616032315,-18.121195596518177,0.0,-36.6213654568727,-12.871476939592881,-17.418632065733515,0.0
20,rating_only,27.166666666666668,25.5,-1.6666666666666679,0.0,0.0,0.0,1500.0,40,rating_tier_board,-37.15494993457359,-12.96236616032315,-18.121195596518177,0.0,-35.36119969777016,-13.043862652007329,-21.44557382023274,0.0
20,rating_history,27.166666666666668,27.833333333333332,0.6666666666666643,0.0,0.3333333333333333,0.3333333333333333,1500.0,40,surface_management,-37.15494993457359,-12.96236616032315,-18.121195596518177,0.0,-38.81885711410168,-13.277905979219385,-18.610180152979066,0.011160714285714286
21,control,27.666666666666668,26.833333333333332,-0.8333333333333357,0.16666666666666666,0.16666666666666666,0.0,1500.0,40,ordinary_practice,-38.84080986063745,-13.535889857269169,-18.086084796429624,0.005952380952380952,-37.00178691980322,-13.02393739714392,-19.66911991691883,0.006172839506172839
21,rating_only,27.666666666666668,27.666666666666668,0.0,0.16666666666666666,0.16666666666666666,0.0,1500.0,40,rating_tier_board,-38.84080986063745,-13.535889857269169,-18.086084796429624,0.005952380952380952,-39.43135517863779,-13.081103678929766,-18.253203137442267,0.0047619047619047615
21,rating_history,27.666666666666668,27.666666666666668,0.0,0.16666666666666666,0.3333333333333333,0.16666666666666666,1500.0,40,surface_management,-38.84080986063745,-13.535889857269169,-18.086084796429624,0.005952380952380952,-36.582674369420516,-13.523870466840313,-20.436053507424475,0.01075268817204301
22,control,28.166666666666668,26.666666666666668,-1.5,0.16666666666666666,0.0,-0.16666666666666666,1500.0,40,ordinary_practice,-34.5017387718178,-12.78849537037037,-17.09026447424436,0.005208333333333333,-34.260384075952096,-12.857033044094756,-19.42611251534814,0.0
22,rating_only,28.166666666666668,29.833333333333332,1.6666666666666643,0.16666666666666666,0.16666666666666666,0.0,1500.0,40,rating_tier_board,-34.5017387718178,-12.78849537037037,-17.09026447424436,0.005208333333333333,-33.39888753222087,-12.890700933244792,-15.8227215117566,0.0043859649122807015
22,rating_history,28.166666666666668,26.666666666666668,-1.5,0.16666666666666666,0.0,-0.16666666666666666,1500.0,40,hole_management,-34.5017387718178,-12.78849537037037,-17.09026447424436,0.005208333333333333,-37.60341618364607,-12.895376101123228,-18.425131479844126,0.0
23,control,24.5,24.833333333333332,0.33333333333333215,0.0,0.0,0.0,1500.0,40,ordinary_practice,-41.44424636666016,-13.101210092589403,-18.0418035030104,0.0,-39.58006129672796,-13.225376845376847,-19.756718682552016,0.0
23,rating_only,24.5,24.833333333333332,0.33333333333333215,0.0,0.0,0.0,1500.0,40,rating_tier_board,-41.44424636666016,-13.101210092589403,-18.0418035030104,0.0,-37.297973754640424,-12.894400414400415,-19.81194595527929,0.0
23,rating_history,24.5,25.833333333333332,1.3333333333333321,0.0,0.3333333333333333,0.3333333333333333,1500.0,40,height_management,-41.44424636666016,-13.101210092589403,-18.0418035030104,0.0,-40.28994720965309,-13.70024132730015,-20.19871040723982,0.00980392156862745
24,control,26.333333333333332,25.5,-0.8333333333333321,0.16666666666666666,0.16666666666666666,0.0,1500.0,40,ordinary_practice,-37.891941391941394,-13.293727106227106,-17.958943833943835,0.006944444444444444,-42.85540184453228,-13.240219925002533,-18.669401250922988,0.005952380952380952
24,rating_only,26.333333333333332,27.166666666666668,0.8333333333333357,0.16666666666666666,0.5,0.33333333333333337,1500.0,40,rating_tier_board,-37.891941391941394,-13.293727106227106,-17.958943833943835,0.006944444444444444,-41.0285224035224,-13.488970905637572,-18.01284209617543,0.018167789001122335
24,rating_history,26.333333333333332,25.5,-0.8333333333333321,0.16666666666666666,0.16666666666666666,0.0,1500.0,40,surface_management,-37.891941391941394,-13.293727106227106,-17.958943833943835,0.006944444444444444,-42.85540184453228,-13.240219925002533,-18.669401250922988,0.005952380952380952
25,control,27.5,27.166666666666668,-0.33333333333333215,0.0,0.3333333333333333,0.3333333333333333,1500.0,40,ordinary_practice,-37.6751061390601,-13.120525767208989,-18.1602805078942,0.0,-36.62008568867904,-12.90005333683083,-18.09976085863554,0.011568627450980392
25,rating_only,27.5,26.5,-1.0,0.0,0.16666666666666666,0.16666666666666666,1500.0,40,rating_tier_board,-37.6751061390601,-13.120525767208989,-18.1602805078942,0.0,-40.86738916256158,-13.990433771209634,-21.64868363437329,0.005952380952380952
25,rating_history,27.5,27.166666666666668,-0.33333333333333215,0.0,0.3333333333333333,0.3333333333333333,1500.0,40,height_management,-37.6751061390601,-13.120525767208989,-18.1602805078942,0.0,-36.80124510896889,-12.90005333683083,-18.027297090519596,0.011568627450980392
26,control,25.833333333333332,27.166666666666668,1.3333333333333357,0.0,0.16666666666666666,0.16666666666666666,1500.0,40,ordinary_practice,-36.71727802765284,-13.04967516241879,-18.426003664834248,0.0,-40.05545095604878,-13.270155379041249,-20.43856516671734,0.005050505050505051
26,rating_only,25.833333333333332,27.166666666666668,1.3333333333333357,0.0,0.16666666666666666,0.16666666666666666,1500.0,40,rating_tier_board,-36.71727802765284,-13.04967516241879,-18.426003664834248,0.0,-40.05545095604878,-13.270155379041249,-20.43856516671734,0.005050505050505051
26,rating_history,25.833333333333332,27.166666666666668,1.3333333333333357,0.0,0.16666666666666666,0.16666666666666666,1500.0,40,surface_management,-36.71727802765284,-13.04967516241879,-18.426003664834248,0.0,-40.05545095604878,-13.270155379041249,-20.43856516671734,0.005050505050505051
27,control,26.666666666666668,28.333333333333332,1.6666666666666643,0.16666666666666666,0.0,-0.16666666666666666,1500.0,40,ordinary_practice,-39.90473429951691,-13.571739130434782,-18.004628958668814,0.005208333333333333,-35.67897338533114,-13.672661808976464,-19.56970956486043,0.0
27,rating_only,26.666666666666668,29.166666666666668,2.5,0.16666666666666666,0.16666666666666666,0.0,1500.0,40,rating_tier_board,-39.90473429951691,-13.571739130434782,-18.004628958668814,0.005208333333333333,-40.68523549432893,-13.703245194429844,-17.725179109606252,0.005376344086021505
27,rating_history,26.666666666666668,28.666666666666668,2.0,0.16666666666666666,0.0,-0.16666666666666666,1500.0,40,height_management,-39.90473429951691,-13.571739130434782,-18.004628958668814,0.005208333333333333,-36.98511904761905,-13.505957892416225,-19.086932319223987,0.0
28,control,26.833333333333332,25.0,-1.8333333333333321,0.3333333333333333,0.0,-0.3333333333333333,1500.0,40,ordinary_practice,-41.4742489866178,-13.1404287172653,-16.659157244739454,0.011494252873563218,-42.37906046976512,-13.737381309345327,-22.729385307346327,0.0
28,rating_only,26.833333333333332,25.666666666666668,-1.1666666666666643,0.3333333333333333,0.3333333333333333,0.0,1500.0,40,rating_tier_board,-41.4742489866178,-13.1404287172653,-16.659157244739454,0.011494252873563218,-44.21013770180437,-13.447256138922805,-18.610906254239588,0.012362637362637362
28,rating_history,26.833333333333332,25.666666666666668,-1.1666666666666643,0.3333333333333333,0.3333333333333333,0.0,1500.0,40,surface_management,-41.4742489866178,-13.1404287172653,-16.659157244739454,0.011494252873563218,-41.16721154583473,-13.709229913940058,-21.35137554340453,0.012362637362637362
29,control,28.666666666666668,28.0,-0.6666666666666679,0.3333333333333333,0.16666666666666666,-0.16666666666666666,1500.0,40,ordinary_practice,-34.45619539411206,-12.816489197530863,-17.298625949667617,0.010763888888888889,-38.710222531831725,-13.781988467045938,-20.40303262510159,0.005050505050505051
29,rating_only,28.666666666666668,28.5,-0.16666666666666785,0.3333333333333333,0.16666666666666666,-0.16666666666666666,1500.0,40,rating_tier_board,-34.45619539411206,-12.816489197530863,-17.298625949667617,0.010763888888888889,-38.789362591431555,-13.457105538140022,-18.07206199930338,0.005050505050505051
29,rating_history,28.666666666666668,28.5,-0.16666666666666785,0.3333333333333333,0.5,0.16666666666666669,1500.0,40,hole_management,-34.45619539411206,-12.816489197530863,-17.298625949667617,0.010763888888888889,-41.296234839569465,-13.736988968858679,-18.266859180380486,0.01616161616161616
30,control,27.333333333333332,27.0,-0.33333333333333215,0.0,0.0,0.0,1500.0,40,ordinary_practice,-38.14661401492985,-13.097971313488555,-19.003762648590236,0.0,-40.768986042692944,-13.359982211275314,-15.506089217296113,0.0
30,rating_only,27.333333333333332,27.166666666666668,-0.1666666666666643,0.0,0.16666666666666666,0.16666666666666666,1500.0,40,rating_tier_board,-38.14661401492985,-13.097971313488555,-19.003762648590236,0.0,-39.993269613699724,-13.616437674233373,-19.562873357228195,0.005376344086021505
30,rating_history,27.333333333333332,26.666666666666668,-0.6666666666666643,0.0,0.0,0.0,1500.0,40,surface_management,-38.14661401492985,-13.097971313488555,-19.003762648590236,0.0,-39.32499857768675,-13.361024350002845,-18.856221198156682,0.0
31,control,29.333333333333332,27.5,-1.8333333333333321,0.5,0.0,-0.5,1500.0,40,ordinary_practice,-36.58967631093141,-13.34193386537658,-17.90969610560823,0.01667902607835867,-37.131921930772506,-13.706908013229853,-19.05622359760291,0.0
31,rating_only,29.333333333333332,28.166666666666668,-1.1666666666666643,0.5,0.0,-0.5,1500.0,40,rating_tier_board,-36.58967631093141,-13.34193386537658,-17.90969610560823,0.01667902607835867,-32.131680058292964,-13.048184253022963,-20.581770648706133,0.0
31,rating_history,29.333333333333332,28.166666666666668,-1.1666666666666643,0.5,0.0,-0.5,1500.0,40,surface_management,-36.58967631093141,-13.34193386537658,-17.90969610560823,0.01667902607835867,-31.772499392215742,-12.959642484021423,-19.675407875676694,0.0
32,control,26.666666666666668,28.333333333333332,1.6666666666666643,0.16666666666666666,0.0,-0.16666666666666666,1500.0,40,ordinary_practice,-37.102415757933,-13.371179552673805,-20.364230932966564,0.006172839506172839,-36.79045468902347,-13.317149370356638,-18.06883148628792,0.0
32,rating_only,26.666666666666668,27.666666666666668,1.0,0.16666666666666666,0.0,-0.16666666666666666,1500.0,40,rating_tier_board,-37.102415757933,-13.371179552673805,-20.364230932966564,0.006172839506172839,-37.33242109104178,-12.998009183239068,-18.096141823268262,0.0
32,rating_history,26.666666666666668,28.833333333333332,2.1666666666666643,0.16666666666666666,0.0,-0.16666666666666666,1500.0,40,height_management,-37.102415757933,-13.371179552673805,-20.364230932966564,0.006172839506172839,-36.95764205598813,-13.380728819058213,-17.65431733132836,0.0
33,control,29.0,25.666666666666668,-3.333333333333332,0.0,0.3333333333333333,0.3333333333333333,1500.0,40,ordinary_practice,-40.305734265734266,-14.265889665889667,-18.82031857031857,0.0,-40.697497316156735,-13.98305720715141,-21.389369916181508,0.012499999999999999
33,rating_only,29.0,24.333333333333332,-4.666666666666668,0.0,0.0,0.0,1500.0,40,rating_tier_board,-40.305734265734266,-14.265889665889667,-18.82031857031857,0.0,-36.37050260549202,-12.86445693822433,-18.298619990392524,0.0
33,rating_history,29.0,27.666666666666668,-1.3333333333333321,0.0,0.0,0.0,1500.0,40,height_management,-40.305734265734266,-14.265889665889667,-18.82031857031857,0.0,-33.93899501945479,-13.012195339781547,-20.160027180142123,0.0
34,control,27.166666666666668,26.166666666666668,-1.0,0.0,0.16666666666666666,0.16666666666666666,1500.0,40,ordinary_practice,-41.4394104687583,-14.169102033232468,-19.07494160428943,0.0,-37.25861111111111,-13.03096459096459,-21.982533577533577,0.005555555555555556
34,rating_only,27.166666666666668,28.166666666666668,1.0,0.0,0.0,0.0,1500.0,40,rating_tier_board,-41.4394104687583,-14.169102033232468,-19.07494160428943,0.0,-35.80671388397681,-13.433793042047352,-18.87592338802109,0.0
34,rating_history,27.166666666666668,29.0,1.8333333333333321,0.0,0.3333333333333333,0.3333333333333333,1500.0,40,surface_management,-41.4394104687583,-14.169102033232468,-19.07494160428943,0.0,-39.02089804618541,-13.643154652924768,-19.319845225017637,0.010101010101010102
35,control,27.5,27.333333333333332,-0.16666666666666785,0.5,0.16666666666666666,-0.33333333333333337,1500.0,40,ordinary_practice,-41.87460965867829,-13.677135220725484,-18.903257995604175,0.016748366013071895,-42.59148404164533,-14.336323604710701,-22.431804062126645,0.005952380952380952
35,rating_only,27.5,28.166666666666668,0.6666666666666679,0.5,0.0,-0.5,1500.0,40,rating_tier_board,-41.87460965867829,-13.677135220725484,-18.903257995604175,0.016748366013071895,-35.98096171802054,-13.537219628592178,-20.334914928934538,0.0
35,rating_history,27.5,27.333333333333332,-0.16666666666666785,0.5,0.16666666666666666,-0.33333333333333337,1500.0,40,surface_management,-41.87460965867829,-13.677135220725484,-18.903257995604175,0.016748366013071895,-42.615293565454856,-14.336323604710701,-22.378232633555214,0.005952380952380952
36,control,28.666666666666668,27.166666666666668,-1.5,0.5,0.3333333333333333,-0.16666666666666669,1500.0,40,ordinary_practice,-41.31690476190476,-13.851883574341862,-18.2358312587178,0.017255062944718118,-41.143954395690024,-13.739975536212095,-18.82989445817286,0.011328725038402458
36,rating_only,28.666666666666668,25.666666666666668,-3.0,0.5,0.0,-0.5,1500.0,40,rating_tier_board,-41.31690476190476,-13.851883574341862,-18.2358312587178,0.017255062944718118,-35.34799689440994,-13.052063492063493,-20.628398895790202,0.0
36,rating_history,28.666666666666668,26.833333333333332,-1.8333333333333357,0.5,0.0,-0.5,1500.0,40,hole_management,-41.31690476190476,-13.851883574341862,-18.2358312587178,0.017255062944718118,-38.38449715042633,-13.83163338453661,-18.101844876332954,0.0
37,control,26.166666666666668,26.166666666666668,0.0,0.0,0.16666666666666666,0.16666666666666666,1500.0,40,ordinary_practice,-35.00754366864187,-13.281152816448918,-19.68182926393946,0.0,-43.592653642653644,-13.470322886989553,-18.346201329534665,0.007936507936507936
37,rating_only,26.166666666666668,28.0,1.8333333333333321,0.0,0.3333333333333333,0.3333333333333333,1500.0,40,rating_tier_board,-35.00754366864187,-13.281152816448918,-19.68182926393946,0.0,-40.34338624338624,-13.483241141574474,-19.105786435786435,0.009259259259259259
37,rating_history,26.166666666666668,26.5,0.33333333333333215,0.0,0.0,0.0,1500.0,40,surface_management,-35.00754366864187,-13.281152816448918,-19.68182926393946,0.0,-36.98789064380462,-13.09412486159798,-19.60386825440589,0.0
38,control,28.0,26.833333333333332,-1.1666666666666679,0.16666666666666666,0.16666666666666666,0.0,1500.0,40,ordinary_practice,-37.227326207457395,-12.52749252982617,-14.466604952696688,0.004901960784313725,-37.906896861308624,-12.909393629246571,-17.433572146807442,0.004901960784313725
38,rating_only,28.0,28.333333333333332,0.33333333333333215,0.16666666666666666,0.16666666666666666,0.0,1500.0,40,rating_tier_board,-37.227326207457395,-12.52749252982617,-14.466604952696688,0.004901960784313725,-35.52632275132275,-12.929409171075838,-17.25864197530864,0.005952380952380952
38,rating_history,28.0,27.333333333333332,-0.6666666666666679,0.16666666666666666,0.16666666666666666,0.0,1500.0,40,surface_management,-37.227326207457395,-12.52749252982617,-14.466604952696688,0.004901960784313725,-35.357471914783744,-13.00287425437963,-17.71297237211216,0.006172839506172839
39,control,26.0,28.333333333333332,2.333333333333332,0.0,0.16666666666666666,0.16666666666666666,1500.0,40,ordinary_practice,-38.050824175824175,-12.973026973026974,-18.09881784881785,0.0,-39.261746405999276,-13.35108030539065,-16.94760898956301,0.005555555555555556
39,rating_only,26.0,28.833333333333332,2.833333333333332,0.0,0.3333333333333333,0.3333333333333333,1500.0,40,rating_tier_board,-38.050824175824175,-12.973026973026974,-18.09881784881785,0.0,-37.1649232675329,-13.003470255612934,-17.166875937031485,0.010763888888888889
39,rating_history,26.0,28.333333333333332,2.333333333333332,0.0,0.16666666666666666,0.16666666666666666,1500.0,40,hole_management,-38.050824175824175,-12.973026973026974,-18.09881784881785,0.0,-38.260655925598456,-13.365800153443832,-17.869651102409723,0.005555555555555556
40,control,28.0,26.666666666666668,-1.3333333333333321,0.16666666666666666,0.0,-0.16666666666666666,1500.0,40,ordinary_practice,-32.23886485179496,-13.490795642032202,-20.036189907265175,0.005208333333333333,-36.52215955291224,-14.061148528890465,-21.143545717524212,0.0
40,rating_only,28.0,27.333333333333332,-0.6666666666666679,0.16666666666666666,0.16666666666666666,0.0,1500.0,40,rating_tier_board,-32.23886485179496,-13.490795642032202,-20.036189907265175,0.005208333333333333,-38.06821363639737,-13.271190451454594,-18.71133476059376,0.005555555555555556
40,rating_history,28.0,27.5,-0.5,0.16666666666666666,0.0,-0.16666666666666666,1500.0,40,hole_management,-32.23886485179496,-13.490795642032202,-20.036189907265175,0.005208333333333333,-36.10711841372761,-13.960065049892636,-18.985319822791087,0.0
41,control,26.666666666666668,26.0,-0.6666666666666679,0.16666666666666666,0.3333333333333333,0.16666666666666666,1500.0,40,ordinary_practice,-36.21552469135803,-12.91,-20.51848765432099,0.006172839506172839,-42.834540051744355,-13.28822983070295,-21.52848097740571,0.011786600496277916
41,rating_only,26.666666666666668,26.0,-0.6666666666666679,0.16666666666666666,0.16666666666666666,0.0,1500.0,40,rating_tier_board,-36.21552469135803,-12.91,-20.51848765432099,0.006172839506172839,-41.106366862651626,-13.235390469127955,-20.71577749527694,0.005376344086021505
41,rating_history,26.666666666666668,26.0,-0.6666666666666679,0.16666666666666666,0.16666666666666666,0.0,1500.0,40,hole_management,-36.21552469135803,-12.91,-20.51848765432099,0.006172839506172839,-41.106366862651626,-13.235390469127955,-20.71577749527694,0.005376344086021505
42,control,27.666666666666668,26.166666666666668,-1.5,0.16666666666666666,0.0,-0.16666666666666666,1500.0,40,ordinary_practice,-38.15099079161579,-13.47229005562339,-20.106511158594493,0.006410256410256411,-36.84634004884005,-13.169566544566544,-17.692240537240536,0.0
42,rating_only,27.666666666666668,25.833333333333332,-1.8333333333333357,0.16666666666666666,0.0,-0.16666666666666666,1500.0,40,rating_tier_board,-38.15099079161579,-13.47229005562339,-20.106511158594493,0.006410256410256411,-37.074062725963024,-13.379160236731451,-20.902907181940165,0.0
42,rating_history,27.666666666666668,26.333333333333332,-1.3333333333333357,0.16666666666666666,0.16666666666666666,0.0,1500.0,40,height_management,-38.15099079161579,-13.47229005562339,-20.106511158594493,0.006410256410256411,-37.87728395061728,-13.489228395061728,-21.572654320987656,0.005555555555555556
43,control,26.0,25.833333333333332,-0.16666666666666785,0.16666666666666666,0.0,-0.16666666666666666,1500.0,40,ordinary_practice,-34.9674200317024,-12.97621373016885,-19.19760423869587,0.005376344086021505,-39.95803332469999,-13.719381852715186,-20.331296943796943,0.0
43,rating_only,26.0,25.833333333333332,-0.16666666666666785,0.16666666666666666,0.0,-0.16666666666666666,1500.0,40,rating_tier_board,-34.9674200317024,-12.97621373016885,-19.19760423869587,0.005376344086021505,-39.8691444358111,-13.719381852715186,-20.553519166019168,0.0
43,rating_history,26.0,28.833333333333332,2.833333333333332,0.16666666666666666,0.3333333333333333,0.16666666666666666,1500.0,40,height_management,-34.9674200317024,-12.97621373016885,-19.19760423869587,0.005376344086021505,-36.713543066129276,-13.55301786336269,-18.300430412499377,0.009523809523809523
44,control,28.333333333333332,26.166666666666668,-2.1666666666666643,0.16666666666666666,0.0,-0.16666666666666666,1500.0,40,ordinary_practice,-36.7377793040293,-13.235547973531844,-18.09042235318445,0.005208333333333333,-34.08086089338778,-12.70772101653822,-21.105333959151164,0.0
44,rating_only,28.333333333333332,26.5,-1.8333333333333321,0.16666666666666666,0.0,-0.16666666666666666,1500.0,40,rating_tier_board,-36.7377793040293,-13.235547973531844,-18.09042235318445,0.005208333333333333,-44.57628268283441,-13.710697233800682,-17.927759252242012,0.0
44,rating_history,28.333333333333332,26.5,-1.8333333333333321,0.16666666666666666,0.0,-0.16666666666666666,1500.0,40,hole_management,-36.7377793040293,-13.235547973531844,-18.09042235318445,0.005208333333333333,-44.57628268283441,-13.710697233800682,-17.927759252242012,0.0
45,control,27.666666666666668,26.166666666666668,-1.5,0.16666666666666666,0.16666666666666666,0.0,1500.0,40,ordinary_practice,-44.242262561968715,-13.626208716131778,-15.950942370809816,0.005376344086021505,-37.72495251661918,-12.963861755528422,-19.828669787003122,0.005952380952380952
45,rating_only,27.666666666666668,27.166666666666668,-0.5,0.16666666666666666,0.16666666666666666,0.0,1500.0,40,rating_tier_board,-44.242262561968715,-13.626208716131778,-15.950942370809816,0.005376344086021505,-38.7594759168035,-13.148706896551724,-17.26296524356869,0.005747126436781609
45,rating_history,27.666666666666668,27.666666666666668,0.0,0.16666666666666666,0.16666666666666666,0.0,1500.0,40,hole_management,-44.242262561968715,-13.626208716131778,-15.950942370809816,0.005376344086021505,-39.441574682235604,-13.265990847169007,-17.164971416408196,0.005747126436781609
46,control,25.666666666666668,28.166666666666668,2.5,0.16666666666666666,0.0,-0.16666666666666666,1500.0,40,ordinary_practice,-40.469786830231605,-13.27071791739458,-19.46845594296869,0.006410256410256411,-35.1765855472752,-13.494421360621073,-19.904888434522054,0.0
46,rating_only,25.666666666666668,27.833333333333332,2.1666666666666643,0.16666666666666666,0.0,-0.16666666666666666,1500.0,40,rating_tier_board,-40.469786830231605,-13.27071791739458,-19.46845594296869,0.006410256410256411,-38.85457582009306,-13.061417088658468,-16.420509932808784,0.0
46,rating_history,25.666666666666668,27.666666666666668,2.0,0.16666666666666666,0.16666666666666666,0.0,1500.0,40,height_management,-40.469786830231605,-13.27071791739458,-19.46845594296869,0.006410256410256411,-40.82804314860766,-13.919576938394144,-18.091583570750238,0.006172839506172839
47,control,28.166666666666668,30.166666666666668,2.0,0.16666666666666666,0.16666666666666666,0.0,1500.0,40,ordinary_practice,-33.83313688999173,-13.650179211469535,-20.61254257286041,0.004901960784313725,-35.63401054590571,-13.10251929969672,-16.534063964709127,0.005208333333333333
47,rating_only,28.166666666666668,27.5,-0.6666666666666679,0.16666666666666666,0.3333333333333333,0.16666666666666666,1500.0,40,rating_tier_board,-33.83313688999173,-13.650179211469535,-20.61254257286041,0.004901960784313725,-42.45580571480182,-13.512038875103391,-16.74456021885666,0.011786600496277916
47,rating_history,28.166666666666668,29.333333333333332,1.1666666666666643,0.16666666666666666,0.16666666666666666,0.0,1500.0,40,surface_management,-33.83313688999173,-13.650179211469535,-20.61254257286041,0.004901960784313725,-39.29412037037037,-13.61792438271605,-16.758001543209875,0.005208333333333333
48,control,28.0,28.333333333333332,0.33333333333333215,0.0,0.16666666666666666,0.16666666666666666,1500.0,40,ordinary_practice,-33.536138301816834,-12.735261401557286,-17.494613768384625,0.0,-36.28497080824667,-13.037453627683513,-19.567952928297757,0.006172839506172839
48,rating_only,28.0,28.166666666666668,0.16666666666666785,0.0,0.0,0.0,1500.0,40,rating_tier_board,-33.536138301816834,-12.735261401557286,-17.494613768384625,0.0,-36.60037121244018,-13.036738570071904,-20.259899349267165,0.0
48,rating_history,28.0,28.166666666666668,0.16666666666666785,0.0,0.0,0.0,1500.0,40,hole_management,-33.536138301816834,-12.735261401557286,-17.494613768384625,0.0,-36.60037121244018,-13.036738570071904,-20.259899349267165,0.0
49,control,28.0,26.833333333333332,-1.1666666666666679,0.0,0.0,0.0,1500.0,40,ordinary_practice,-36.33689458689459,-13.506610364943699,-18.066100257766923,0.0,-37.6795465337132,-13.020714624881291,-17.764268755935422,0.0
49,rating_only,28.0,28.666666666666668,0.6666666666666679,0.0,0.3333333333333333,0.3333333333333333,1500.0,40,rating_tier_board,-36.33689458689459,-13.506610364943699,-18.066100257766923,0.0,-36.88686357942824,-13.337773541114059,-18.323663608900677,0.010763888888888889
49,rating_history,28.0,28.666666666666668,0.6666666666666679,0.0,0.3333333333333333,0.3333333333333333,1500.0,40,hole_management,-36.33689458689459,-13.506610364943699,-18.066100257766923,0.0,-36.88686357942824,-13.337773541114059,-18.323663608900677,0.010763888888888889
50,control,26.5,29.333333333333332,2.833333333333332,0.0,0.16666666666666666,0.16666666666666666,1500.0,40,ordinary_practice,-39.60092863926197,-14.091512684846018,-21.0322323972324,0.0,-36.15450564760909,-14.198977459322286,-22.376826143205456,0.005050505050505051
50,rating_only,26.5,27.666666666666668,1.1666666666666679,0.0,0.16666666666666666,0.16666666666666666,1500.0,40,rating_tier_board,-39.60092863926197,-14.091512684846018,-21.0322323972324,0.0,-38.58882433020364,-12.933598234460304,-17.153494004930785,0.005555555555555556
50,rating_history,26.5,27.666666666666668,1.1666666666666679,0.0,0.3333333333333333,0.3333333333333333,1500.0,40,hole_management,-39.60092863926197,-14.091512684846018,-21.0322323972324,0.0,-39.69594964422551,-13.526195797603844,-18.905184577023658,0.011302681992337164
51,control,28.666666666666668,27.833333333333332,-0.8333333333333357,0.5,0.16666666666666666,-0.33333333333333337,1500.0,40,ordinary_practice,-37.10587948450017,-13.354435487883764,-18.446764566850774,0.015151515151515152,-33.85577585188264,-12.787508777219568,-17.787646207765786,0.005376344086021505
51,rating_only,28.666666666666668,27.0,-1.6666666666666679,0.5,0.0,-0.5,1500.0,40,rating_tier_board,-37.10587948450017,-13.354435487883764,-18.446764566850774,0.015151515151515152,-38.84637201901695,-13.461493558776167,-17.17184265010352,0.0
51,rating_history,28.666666666666668,28.0,-0.6666666666666679,0.5,0.16666666666666666,-0.33333333333333337,1500.0,40,hole_management,-37.10587948450017,-13.354435487883764,-18.446764566850774,0.015151515151515152,-35.52676211845216,-13.58700676810775,-18.508088745466026,0.0045045045045045045
52,control,27.166666666666668,25.166666666666668,-2.0,0.16666666666666666,0.0,-0.16666666666666666,1500.0,40,ordinary_practice,-38.08270662527128,-13.414439999389712,-18.489644408645844,0.005208333333333333,-38.66208791208791,-13.219780219780219,-18.131410256410255,0.0
52,rating_only,27.166666666666668,26.0,-1.1666666666666679,0.16666666666666666,0.0,-0.16666666666666666,1500.0,40,rating_tier_board,-38.08270662527128,-13.414439999389712,-18.489644408645844,0.005208333333333333,-38.664529914529915,-12.892628205128204,-18.43009768009768,0.0
52,rating_history,27.166666666666668,27.666666666666668,0.5,0.16666666666666666,0.16666666666666666,0.0,1500.0,40,surface_management,-38.08270662527128,-13.414439999389712,-18.489644408645844,0.005208333333333333,-33.68000590807043,-12.89935070306038,-18.821022490054748,0.005376344086021505
53,control,27.0,27.666666666666668,0.6666666666666679,0.0,0.0,0.0,1500.0,40,ordinary_practice,-37.748163379830046,-13.200448132114799,-20.224298540965208,0.0,-38.8769536019536,-13.019810744810744,-16.684371184371184,0.0
53,rating_only,27.0,27.5,0.5,0.0,0.0,0.0,1500.0,40,rating_tier_board,-37.748163379830046,-13.200448132114799,-20.224298540965208,0.0,-34.5849785272199,-12.589279398762157,-17.81664393078186,0.0
53,rating_history,27.0,27.5,0.5,0.0,0.0,0.0,1500.0,40,hole_management,-37.748163379830046,-13.200448132114799,-20.224298540965208,0.0,-34.60283567007705,-12.589279398762157,-17.786882026019956,0.0
54,control,25.833333333333332,26.333333333333332,0.5,0.0,0.16666666666666666,0.16666666666666666,1500.0,40,ordinary_practice,-39.5155332885043,-13.351486141341214,-18.70517784148219,0.0,-39.84559192301128,-13.285151377893314,-19.64963293377272,0.005376344086021505
54,rating_only,25.833333333333332,27.333333333333332,1.5,0.0,0.0,0.0,1500.0,40,rating_tier_board,-39.5155332885043,-13.351486141341214,-18.70517784148219,0.0,-32.53983077905492,-12.900159642401022,-18.673770753512134,0.0
54,rating_history,25.833333333333332,26.333333333333332,0.5,0.0,0.16666666666666666,0.16666666666666666,1500.0,40,height_management,-39.5155332885043,-13.351486141341214,-18.70517784148219,0.0,-40.43533551275487,-13.368484711226646,-20.47014575428554,0.005376344086021505
55,control,27.166666666666668,29.333333333333332,2.1666666666666643,0.16666666666666666,0.0,-0.16666666666666666,1500.0,40,ordinary_practice,-40.03762723015596,-13.318114091102597,-17.40108943844576,0.006172839506172839,-34.66607005436028,-13.708750552608311,-20.058857594884895,0.0
55,rating_only,27.166666666666668,28.833333333333332,1.6666666666666643,0.16666666666666666,0.0,-0.16666666666666666,1500.0,40,rating_tier_board,-40.03762723015596,-13.318114091102597,-17.40108943844576,0.006172839506172839,-36.331558641975306,-13.311574074074073,-17.15625,0.0
55,rating_history,27.166666666666668,28.833333333333332,1.6666666666666643,0.16666666666666666,0.0,-0.16666666666666666,1500.0,40,surface_management,-40.03762723015596,-13.318114091102597,-17.40108943844576,0.006172839506172839,-36.331558641975306,-13.311574074074073,-17.15625,0.0
56,control,28.666666666666668,26.666666666666668,-2.0,0.5,0.0,-0.5,1500.0,40,ordinary_practice,-36.47280262840608,-13.244824237065616,-18.10934108994454,0.016353187042842214,-41.193873576032495,-13.459111469906073,-18.759074308999345,0.0
56,rating_only,28.666666666666668,27.333333333333332,-1.3333333333333357,0.5,0.0,-0.5,1500.0,40,rating_tier_board,-36.47280262840608,-13.244824237065616,-18.10934108994454,0.016353187042842214,-36.81999639249639,-14.034691758858425,-23.97593995510662,0.0
56,rating_history,28.666666666666668,25.166666666666668,-3.5,0.5,0.0,-0.5,1500.0,40,hole_management,-36.47280262840608,-13.244824237065616,-18.10934108994454,0.016353187042842214,-37.341873706004144,-13.375388198757765,-20.39005348516218,0.0
57,control,28.333333333333332,23.833333333333332,-4.5,0.16666666666666666,0.0,-0.16666666666666666,1500.0,40,ordinary_practice,-34.597006383957165,-13.498663362731078,-19.841897517804775,0.005376344086021505,-36.86930673191543,-12.74405500833037,-18.457541704135906,0.0
57,rating_only,28.333333333333332,24.5,-3.833333333333332,0.16666666666666666,0.16666666666666666,0.0,1500.0,40,rating_tier_board,-34.597006383957165,-13.498663362731078,-19.841897517804775,0.005376344086021505,-39.57146357677342,-13.244430243992962,-19.05469277145939,0.005747126436781609
57,rating_history,28.333333333333332,25.166666666666668,-3.1666666666666643,0.16666666666666666,0.0,-0.16666666666666666,1500.0,40,hole_management,-34.597006383957165,-13.498663362731078,-19.841897517804775,0.005376344086021505,-37.912353598841605,-13.180034854367689,-19.084020874178297,0.0
58,control,26.333333333333332,27.0,0.6666666666666679,0.16666666666666666,0.0,-0.16666666666666666,1500.0,40,ordinary_practice,-39.465179243914875,-13.510959187683326,-19.63674710772412,0.005747126436781609,-37.46795900991303,-12.915336664187238,-19.100537053410616,0.0
58,rating_only,26.333333333333332,27.666666666666668,1.3333333333333357,0.16666666666666666,0.0,-0.16666666666666666,1500.0,40,rating_tier_board,-39.465179243914875,-13.510959187683326,-19.63674710772412,0.005747126436781609,-35.9619259871948,-13.170178905125141,-19.520690500260393,0.0
58,rating_history,26.333333333333332,28.166666666666668,1.8333333333333357,0.16666666666666666,0.3333333333333333,0.16666666666666666,1500.0,40,height_management,-39.465179243914875,-13.510959187683326,-19.63674710772412,0.005747126436781609,-37.56164161508989,-12.945343353964043,-17.96386678455644,0.011111111111111112
59,control,29.666666666666668,28.5,-1.1666666666666679,0.0,0.3333333333333333,0.3333333333333333,1500.0,40,ordinary_practice,-36.24258636997212,-13.258041084744367,-17.155409903321935,0.0,-37.849782748116084,-13.499838063171397,-17.94836940836941,0.010606060606060607
59,rating_only,29.666666666666668,28.5,-1.1666666666666679,0.0,0.6666666666666666,0.6666666666666666,1500.0,40,rating_tier_board,-36.24258636997212,-13.258041084744367,-17.155409903321935,0.0,-42.10413765638089,-13.405761545750423,-17.106566280778367,0.02285186558453151
59,rating_history,29.666666666666668,27.833333333333332,-1.8333333333333357,0.0,0.6666666666666666,0.6666666666666666,1500.0,40,hole_management,-36.24258636997212,-13.258041084744367,-17.155409903321935,0.0,-38.231403288740246,-12.85967925492382,-16.542205499814195,0.022382478632478633
60,control,28.5,27.0,-1.5,0.3333333333333333,0.16666666666666666,-0.16666666666666666,1500.0,40,ordinary_practice,-36.84192908346134,-12.797043010752688,-17.437781618023553,0.011111111111111112,-39.676783771783775,-12.827360972360973,-15.250181485181486,0.005050505050505051
60,rating_only,28.5,27.0,-1.5,0.3333333333333333,0.16666666666666666,-0.16666666666666666,1500.0,40,rating_tier_board,-36.84192908346134,-12.797043010752688,-17.437781618023553,0.011111111111111112,-39.86668531414908,-13.037959826003304,-15.790338687077817,0.005050505050505051
60,rating_history,28.5,30.0,1.5,0.3333333333333333,0.6666666666666666,0.3333333333333333,1500.0,40,height_management,-36.84192908346134,-12.797043010752688,-17.437781618023553,0.011111111111111112,-41.690276951200815,-13.636111853832443,-16.57083009890173,0.021011526555881396
61,control,26.166666666666668,28.333333333333332,2.1666666666666643,0.16666666666666666,0.16666666666666666,0.0,1500.0,40,ordinary_practice,-41.76510802469136,-13.055067239858907,-16.30635582010582,0.005952380952380952,-39.726548678425765,-13.653207708741636,-19.845409140667762,0.005952380952380952
61,rating_only,26.166666666666668,29.333333333333332,3.1666666666666643,0.16666666666666666,0.16666666666666666,0.0,1500.0,40,rating_tier_board,-41.76510802469136,-13.055067239858907,-16.30635582010582,0.005952380952380952,-37.33583427442123,-13.54943299454169,-17.87554367432085,0.005050505050505051
61,rating_history,26.166666666666668,28.833333333333332,2.6666666666666643,0.16666666666666666,0.0,-0.16666666666666666,1500.0,40,height_management,-41.76510802469136,-13.055067239858907,-16.30635582010582,0.005952380952380952,-35.76727942672289,-13.515195176989078,-18.950952377593843,0.0
62,control,27.333333333333332,28.0,0.6666666666666679,0.0,0.0,0.0,1500.0,40,ordinary_practice,-34.69678884334057,-13.041134153203119,-18.304959408407683,0.0,-39.27472389617551,-13.652914683882425,-17.58824331582396,0.0
62,rating_only,27.333333333333332,28.666666666666668,1.3333333333333357,0.0,0.5,0.5,1500.0,40,rating_tier_board,-34.69678884334057,-13.041134153203119,-18.304959408407683,0.0,-38.10936806249306,-13.237789294039294,-17.022815448440447,0.016211219336219336
62,rating_history,27.333333333333332,27.333333333333332,0.0,0.0,0.3333333333333333,0.3333333333333333,1500.0,40,hole_management,-34.69678884334057,-13.041134153203119,-18.304959408407683,0.0,-36.54832238642584,-13.301735084838533,-19.75337894544791,0.009259259259259259
63,control,28.833333333333332,26.833333333333332,-2.0,0.3333333333333333,0.0,-0.3333333333333333,1500.0,40,ordinary_practice,-37.62506518173185,-13.338979866451131,-18.126247264867953,0.010101010101010102,-33.71815859746894,-13.089975424745539,-22.30859981865729,0.0
63,rating_only,28.833333333333332,28.333333333333332,-0.5,0.3333333333333333,0.0,-0.3333333333333333,1500.0,40,rating_tier_board,-37.62506518173185,-13.338979866451131,-18.126247264867953,0.010101010101010102,-36.10544988258559,-13.064792670868867,-18.818509454949943,0.0
63,rating_history,28.833333333333332,28.666666666666668,-0.1666666666666643,0.3333333333333333,0.0,-0.3333333333333333,1500.0,40,surface_management,-37.62506518173185,-13.338979866451131,-18.126247264867953,0.010101010101010102,-36.296487783044505,-12.841340525023684,-19.396734965850406,0.0
64,control,27.833333333333332,25.666666666666668,-2.1666666666666643,0.3333333333333333,0.0,-0.3333333333333333,1500.0,40,ordinary_practice,-36.16667700578991,-13.217686793493245,-20.033326440584506,0.01075268817204301,-38.89511289583129,-13.52504338998592,-19.804167894685136,0.0
64,rating_only,27.833333333333332,27.833333333333332,0.0,0.3333333333333333,0.0,-0.3333333333333333,1500.0,40,rating_tier_board,-36.16667700578991,-13.217686793493245,-20.033326440584506,0.01075268817204301,-35.67896825396826,-13.142768959435626,-17.848677248677248,0.0
64,rating_history,27.833333333333332,29.0,1.1666666666666679,0.3333333333333333,0.16666666666666666,-0.16666666666666666,1500.0,40,hole_management,-36.16667700578991,-13.217686793493245,-20.033326440584506,0.01075268817204301,-37.98278289810548,-13.826096456380105,-17.627535886434664,0.005376344086021505
65,control,28.666666666666668,26.166666666666668,-2.5,0.0,0.0,0.0,1500.0,40,ordinary_practice,-35.06433976218922,-12.928937496444217,-17.758609795471354,0.0,-33.34791196994095,-13.174259259259259,-20.44262412775094,0.0
65,rating_only,28.666666666666668,28.0,-0.6666666666666679,0.0,0.16666666666666666,0.16666666666666666,1500.0,40,rating_tier_board,-35.06433976218922,-12.928937496444217,-17.758609795471354,0.0,-38.75041371570107,-13.53888308371067,-18.31627617167847,0.005050505050505051
65,rating_history,28.666666666666668,28.0,-0.6666666666666679,0.0,0.16666666666666666,0.16666666666666666,1500.0,40,hole_management,-35.06433976218922,-12.928937496444217,-17.758609795471354,0.0,-38.37223189751926,-13.532216417044003,-18.89445798986029,0.005050505050505051
66,control,26.666666666666668,28.166666666666668,1.5,0.3333333333333333,0.3333333333333333,0.0,1500.0,40,ordinary_practice,-37.11687995894985,-12.879472628128543,-20.760360184419323,0.01232078853046595,-35.741431451612904,-12.655808759639404,-17.10018418956591,0.010426849136526556
66,rating_only,26.666666666666668,27.833333333333332,1.1666666666666643,0.3333333333333333,0.0,-0.3333333333333333,1500.0,40,rating_tier_board,-37.11687995894985,-12.879472628128543,-20.760360184419323,0.01232078853046595,-37.37252189268318,-13.232126445836123,-16.724420243237446,0.0
66,rating_history,26.666666666666668,27.333333333333332,0.6666666666666643,0.3333333333333333,0.16666666666666666,-0.16666666666666666,1500.0,40,hole_management,-37.11687995894985,-12.879472628128543,-20.760360184419323,0.01232078853046595,-35.50078491177281,-13.07304418251999,-18.129917976288944,0.005376344086021505
67,control,27.833333333333332,27.666666666666668,-0.1666666666666643,0.0,0.16666666666666666,0.16666666666666666,1500.0,40,ordinary_practice,-37.516575207020146,-13.280150354930061,-18.77879538725261,0.0,-36.62707726397937,-12.627711125236154,-16.977092271836433,0.005376344086021505
67,rating_only,27.833333333333332,26.833333333333332,-1.0,0.0,0.16666666666666666,0.16666666666666666,1500.0,40,rating_tier_board,-37.516575207020146,-13.280150354930061,-18.77879538725261,0.0,-37.88091484425051,-12.551509878274722,-17.519230169861306,0.005555555555555556
67,rating_history,27.833333333333332,26.833333333333332,-1.0,0.0,0.16666666666666666,0.16666666666666666,1500.0,40,hole_management,-37.516575207020146,-13.280150354930061,-18.77879538725261,0.0,-37.88091484425051,-12.551509878274722,-17.519230169861306,0.005555555555555556
68,control,26.666666666666668,28.5,1.8333333333333321,0.16666666666666666,0.0,-0.16666666666666666,1500.0,40,ordinary_practice,-35.121107159553866,-13.610144649257553,-22.798754702909683,0.005376344086021505,-34.75512794198139,-13.268206075533662,-17.52457580733443,0.0
68,rating_only,26.666666666666668,28.5,1.8333333333333321,0.16666666666666666,0.0,-0.16666666666666666,1500.0,40,rating_tier_board,-35.121107159553866,-13.610144649257553,-22.798754702909683,0.005376344086021505,-34.75512794198139,-13.268206075533662,-17.52457580733443,0.0
68,rating_history,26.666666666666668,29.333333333333332,2.6666666666666643,0.16666666666666666,0.0,-0.16666666666666666,1500.0,40,surface_management,-35.121107159553866,-13.610144649257553,-22.798754702909683,0.005376344086021505,-35.47256014594724,-13.069357255647578,-17.420902753160817,0.0
69,control,28.166666666666668,26.833333333333332,-1.3333333333333357,0.0,0.16666666666666666,0.16666666666666666,1500.0,40,ordinary_practice,-38.9817673992674,-14.045943223443224,-21.237827380952382,0.0,-33.4884374671731,-13.6856641315262,-21.469309358159933,0.006410256410256411
69,rating_only,28.166666666666668,27.333333333333332,-0.8333333333333357,0.0,0.3333333333333333,0.3333333333333333,1500.0,40,rating_tier_board,-38.9817673992674,-14.045943223443224,-21.237827380952382,0.0,-35.84464300918324,-13.642130132532431,-20.366635299566333,0.01103988603988604
69,rating_history,28.166666666666668,26.833333333333332,-1.3333333333333357,0.0,0.0,0.0,1500.0,40,surface_management,-38.9817673992674,-14.045943223443224,-21.237827380952382,0.0,-33.7910570632076,-13.23452068043466,-20.525825795073107,0.0
70,control,30.0,26.833333333333332,-3.166666666666668,0.5,0.5,0.0,1500.0,40,ordinary_practice,-38.763371376673085,-13.984529999482561,-18.772519120137716,0.015483971366324307,-39.35424561071113,-13.247636941602458,-21.939970948591636,0.017857142857142856
70,rating_only,30.0,26.666666666666668,-3.333333333333332,0.5,0.0,-0.5,1500.0,40,rating_tier_board,-38.763371376673085,-13.984529999482561,-18.772519120137716,0.015483971366324307,-39.09522740259065,-13.76449432772481,-20.43312696861084,0.0
70,rating_history,30.0,26.666666666666668,-3.333333333333332,0.5,0.0,-0.5,1500.0,40,hole_management,-38.763371376673085,-13.984529999482561,-18.772519120137716,0.015483971366324307,-39.09522740259065,-13.76449432772481,-20.43312696861084,0.0
71,control,25.333333333333332,28.833333333333332,3.5,0.0,0.5,0.5,1500.0,40,ordinary_practice,-39.28177780351693,-12.951764084010462,-18.77996734880793,0.0,-35.81637874690106,-13.314660525129593,-17.866218588009914,0.016396213657876944
71,rating_only,25.333333333333332,28.833333333333332,3.5,0.0,0.5,0.5,1500.0,40,rating_tier_board,-39.28177780351693,-12.951764084010462,-18.77996734880793,0.0,-35.81637874690106,-13.314660525129593,-17.866218588009914,0.016396213657876944
71,rating_history,25.333333333333332,27.166666666666668,1.8333333333333357,0.0,0.16666666666666666,0.16666666666666666,1500.0,40,surface_management,-39.28177780351693,-12.951764084010462,-18.77996734880793,0.0,-36.355256758194976,-12.728976589874579,-17.023118143563547,0.005747126436781609
72,control,27.5,27.166666666666668,-0.33333333333333215,0.5,0.0,-0.5,1500.0,40,ordinary_practice,-38.77552958296493,-14.16832409688013,-19.567202959875374,0.019288793103448276,-36.6168138123292,-12.65318254851069,-17.702334727200316,0.0
72,rating_only,27.5,27.5,0.0,0.5,0.0,-0.5,1500.0,40,rating_tier_board,-38.77552958296493,-14.16832409688013,-19.567202959875374,0.019288793103448276,-38.23056315665011,-12.909453096878135,-16.452656014650017,0.0
72,rating_history,27.5,27.5,0.0,0.5,0.16666666666666666,-0.33333333333333337,1500.0,40,surface_management,-38.77552958296493,-14.16832409688013,-19.567202959875374,0.019288793103448276,-41.83768907563025,-13.240721288515406,-16.963267973856208,0.004901960784313725
73,control,26.333333333333332,28.0,1.6666666666666679,0.16666666666666666,0.0,-0.16666666666666666,1500.0,40,ordinary_practice,-34.505294376621215,-12.393475643130815,-18.970978260869565,0.005952380952380952,-37.54915892222239,-13.459970351524575,-19.575992306876863,0.0
73,rating_only,26.333333333333332,25.666666666666668,-0.6666666666666643,0.16666666666666666,0.0,-0.16666666666666666,1500.0,40,rating_tier_board,-34.505294376621215,-12.393475643130815,-18.970978260869565,0.005952380952380952,-41.64125725070559,-13.188129058230741,-16.655470365175837,0.0
73,rating_history,26.333333333333332,27.0,0.6666666666666679,0.16666666666666666,0.0,-0.16666666666666666,1500.0,40,hole_management,-34.505294376621215,-12.393475643130815,-18.970978260869565,0.005952380952380952,-38.33179012345679,-13.186397707231041,-19.637566137566136,0.0
74,control,26.666666666666668,26.5,-0.16666666666666785,0.0,0.0,0.0,1500.0,40,ordinary_practice,-39.40149128223841,-13.422098677970741,-19.218225950110007,0.0,-41.00424026590693,-13.692431149097816,-18.11703941120608,0.0
74,rating_only,26.666666666666668,26.5,-0.16666666666666785,0.0,0.0,0.0,1500.0,40,rating_tier_board,-39.40149128223841,-13.422098677970741,-19.218225950110007,0.0,-41.00424026590693,-13.692431149097816,-18.11703941120608,0.0
74,rating_history,26.666666666666668,28.5,1.8333333333333321,0.0,0.0,0.0,1500.0,40,hole_management,-39.40149128223841,-13.422098677970741,-19.218225950110007,0.0,-39.645448144873434,-13.674226050662831,-17.756901017245845,0.0
75,control,28.333333333333332,27.5,-0.8333333333333321,0.0,0.16666666666666666,0.16666666666666666,1500.0,40,ordinary_practice,-32.38395880407375,-12.979780266561876,-19.555866653567804,0.0,-41.83601559435336,-13.71557364558888,-18.60682636792203,0.005376344086021505
75,rating_only,28.333333333333332,28.333333333333332,0.0,0.0,0.3333333333333333,0.3333333333333333,1500.0,40,rating_tier_board,-32.38395880407375,-12.979780266561876,-19.555866653567804,0.0,-35.63454509517728,-13.17659034239494,-19.83995013075473,0.013683634373289545
75,rating_history,28.333333333333332,27.166666666666668,-1.1666666666666643,0.0,0.3333333333333333,0.3333333333333333,1500.0,40,surface_management,-32.38395880407375,-12.979780266561876,-19.555866653567804,0.0,-39.12841026576659,-13.281714103265827,-19.660823754789273,0.013492063492063491
76,control,29.0,28.0,-1.0,0.5,0.16666666666666666,-0.33333333333333337,1500.0,40,ordinary_practice,-34.49681387608807,-12.941400409626215,-18.42952668970814,0.01597222222222222,-39.70331943625766,-13.05508123342175,-17.299613481186757,0.005208333333333333
76,rating_only,29.0,27.666666666666668,-1.3333333333333321,0.5,0.16666666666666666,-0.33333333333333337,1500.0,40,rating_tier_board,-34.49681387608807,-12.941400409626215,-18.42952668970814,0.01597222222222222,-39.48977148622982,-13.210954415954417,-17.208671652421653,0.005208333333333333
76,rating_history,29.0,27.333333333333332,-1.6666666666666679,0.5,0.16666666666666666,-0.33333333333333337,1500.0,40,hole_management,-34.49681387608807,-12.941400409626215,-18.42952668970814,0.01597222222222222,-43.44919278252612,-13.767912696073616,-17.69765366604447,0.005747126436781609
77,control,27.5,26.333333333333332,-1.1666666666666679,0.3333333333333333,0.0,-0.3333333333333333,1500.0,40,ordinary_practice,-41.0041294167731,-13.717421823599985,-18.68395061728395,0.011111111111111112,-39.674090038314176,-13.196710138520483,-17.82950191570881,0.0
77,rating_only,27.5,26.333333333333332,-1.1666666666666679,0.3333333333333333,0.0,-0.3333333333333333,1500.0,40,rating_tier_board,-41.0041294167731,-13.717421823599985,-18.68395061728395,0.011111111111111112,-38.8022951665193,-13.18388962569997,-18.291040377247274,0.0
77,rating_history,27.5,26.0,-1.5,0.3333333333333333,0.0,-0.3333333333333333,1500.0,40,hole_management,-41.0041294167731,-13.717421823599985,-18.68395061728395,0.011111111111111112,-39.13873650296064,-13.115270744581089,-17.946926158133053,0.0
78,control,27.166666666666668,28.666666666666668,1.5,0.5,0.16666666666666666,-0.33333333333333337,1500.0,40,ordinary_practice,-39.400589952908504,-12.912150692795855,-15.548389036292262,0.016589506172839507,-37.425,-13.05203373015873,-16.628869047619048,0.005208333333333333
78,rating_only,27.166666666666668,28.666666666666668,1.5,0.5,0.16666666666666666,-0.33333333333333337,1500.0,40,rating_tier_board,-39.400589952908504,-12.912150692795855,-15.548389036292262,0.016589506172839507,-37.425,-13.05203373015873,-16.628869047619048,0.005208333333333333
78,rating_history,27.166666666666668,27.666666666666668,0.5,0.5,0.0,-0.5,1500.0,40,height_management,-39.400589952908504,-12.912150692795855,-15.548389036292262,0.016589506172839507,-38.79591442374051,-13.1806038647343,-17.42531746031746,0.0
79,control,26.333333333333332,27.166666666666668,0.8333333333333357,0.0,0.0,0.0,1500.0,40,ordinary_practice,-35.7430152979066,-13.080562265163714,-19.726409017713365,0.0,-35.29028824948955,-13.080524014985867,-19.251031853204594,0.0
79,rating_only,26.333333333333332,28.166666666666668,1.8333333333333357,0.0,0.16666666666666666,0.16666666666666666,1500.0,40,rating_tier_board,-35.7430152979066,-13.080562265163714,-19.726409017713365,0.0,-34.72297621932031,-13.419502608104759,-19.122535807482045,0.005376344086021505
79,rating_history,26.333333333333332,27.166666666666668,0.8333333333333357,0.0,0.0,0.0,1500.0,40,hole_management,-35.7430152979066,-13.080562265163714,-19.726409017713365,0.0,-35.29028824948955,-13.080524014985867,-19.251031853204594,0.0
80,control,27.666666666666668,27.5,-0.16666666666666785,0.3333333333333333,0.16666666666666666,-0.16666666666666666,1500.0,40,ordinary_practice,-41.33909624857901,-13.26580459770115,-17.007578628268284,0.011699507389162561,-39.737573421948426,-13.340184969351636,-18.24529694842195,0.005208333333333333
80,rating_only,27.666666666666668,28.666666666666668,1.0,0.3333333333333333,0.0,-0.3333333333333333,1500.0,40,rating_tier_board,-41.33909624857901,-13.26580459770115,-17.007578628268284,0.011699507389162561,-37.79814814814815,-13.238349767516434,-17.666366041366043,0.0
80,rating_history,27.666666666666668,28.833333333333332,1.1666666666666643,0.3333333333333333,0.16666666666666666,-0.16666666666666666,1500.0,40,hole_management,-41.33909624857901,-13.26580459770115,-17.007578628268284,0.011699507389162561,-36.75846590909091,-13.338430134680134,-18.651789923039924,0.005050505050505051
81,control,28.5,27.0,-1.5,0.0,0.0,0.0,1500.0,40,ordinary_practice,-35.558570516329134,-13.892101502158974,-19.822570394696832,0.0,-36.88726548813506,-13.577272124011255,-21.11818707862186,0.0
81,rating_only,28.5,28.666666666666668,0.16666666666666785,0.0,0.0,0.0,1500.0,40,rating_tier_board,-35.558570516329134,-13.892101502158974,-19.822570394696832,0.0,-39.03502272145417,-13.957720494111623,-18.859195788530467,0.0
81,rating_history,28.5,29.333333333333332,0.8333333333333321,0.0,0.0,0.0,1500.0,40,height_management,-35.558570516329134,-13.892101502158974,-19.822570394696832,0.0,-37.74276171856817,-13.741576915468045,-20.380782188241866,0.0
82,control,26.333333333333332,26.5,0.16666666666666785,0.3333333333333333,0.0,-0.3333333333333333,1500.0,40,ordinary_practice,-42.145234857734856,-14.369048852382186,-18.701991835325167,0.010101010101010102,-40.27111770845642,-13.92933110796014,-19.91204143526724,0.0
82,rating_only,26.333333333333332,25.333333333333332,-1.0,0.3333333333333333,0.0,-0.3333333333333333,1500.0,40,rating_tier_board,-42.145234857734856,-14.369048852382186,-18.701991835325167,0.010101010101010102,-41.97177654762363,-13.481573535576533,-20.008098899268315,0.0
82,rating_history,26.333333333333332,25.333333333333332,-1.0,0.3333333333333333,0.0,-0.3333333333333333,1500.0,40,height_management,-42.145234857734856,-14.369048852382186,-18.701991835325167,0.010101010101010102,-41.97177654762363,-13.481573535576533,-20.008098899268315,0.0
83,control,30.0,28.0,-2.0,0.3333333333333333,0.3333333333333333,0.0,1500.0,40,ordinary_practice,-36.20686205542823,-13.07370554282319,-15.230069709702063,0.01011029411764706,-39.97498510004257,-13.579225202213708,-18.88497232865049,0.011728395061728394
83,rating_only,30.0,28.166666666666668,-1.8333333333333321,0.3333333333333333,0.0,-0.3333333333333333,1500.0,40,rating_tier_board,-36.20686205542823,-13.07370554282319,-15.230069709702063,0.01011029411764706,-39.455036308412744,-13.524527949700364,-18.805075707338638,0.0
83,rating_history,30.0,27.666666666666668,-2.333333333333332,0.3333333333333333,0.16666666666666666,-0.16666666666666666,1500.0,40,hole_management,-36.20686205542823,-13.07370554282319,-15.230069709702063,0.01011029411764706,-33.27601121101121,-13.051987456987456,-20.47054834054834,0.005050505050505051
84,control,26.5,25.5,-1.0,0.3333333333333333,0.16666666666666666,-0.16666666666666666,1500.0,40,ordinary_practice,-38.17329219099334,-12.769532578957866,-18.904768462699497,0.01215738284703802,-37.79966422466423,-13.1975,-20.075247252747253,0.005952380952380952
84,rating_only,26.5,26.5,0.0,0.3333333333333333,0.16666666666666666,-0.16666666666666666,1500.0,40,rating_tier_board,-38.17329219099334,-12.769532578957866,-18.904768462699497,0.01215738284703802,-38.49133089133089,-13.42388888888889,-19.86552503052503,0.005952380952380952
84,rating_history,26.5,25.5,-1.0,0.3333333333333333,0.0,-0.3333333333333333,1500.0,40,height_management,-38.17329219099334,-12.769532578957866,-18.904768462699497,0.01215738284703802,-41.001310541310545,-13.210607787274453,-19.84119658119658,0.0
85,control,28.333333333333332,27.166666666666668,-1.1666666666666643,0.16666666666666666,0.16666666666666666,0.0,1500.0,40,ordinary_practice,-37.69450946910277,-13.232577737350402,-16.230518436806673,0.005208333333333333,-43.293766603766606,-13.53592712842713,-18.048927492260827,0.005050505050505051
85,rating_only,28.333333333333332,26.166666666666668,-2.1666666666666643,0.16666666666666666,0.16666666666666666,0.0,1500.0,40,rating_tier_board,-37.69450946910277,-13.232577737350402,-16.230518436806673,0.005208333333333333,-36.956877181425234,-12.956863717264174,-17.64137658044981,0.005050505050505051
85,rating_history,28.333333333333332,28.0,-0.33333333333333215,0.16666666666666666,0.16666666666666666,0.0,1500.0,40,height_management,-37.69450946910277,-13.232577737350402,-16.230518436806673,0.005208333333333333,-41.060711387378056,-13.254131917465251,-17.224175084175084,0.005050505050505051
86,control,27.333333333333332,28.333333333333332,1.0,0.16666666666666666,0.0,-0.16666666666666666,1500.0,40,ordinary_practice,-35.23350800434134,-13.052187408370203,-17.852613336484303,0.005376344086021505,-35.39378777713038,-12.935922826263946,-17.971812203643868,0.0
86,rating_only,27.333333333333332,26.5,-0.8333333333333321,0.16666666666666666,0.16666666666666666,0.0,1500.0,40,rating_tier_board,-35.23350800434134,-13.052187408370203,-17.852613336484303,0.005376344086021505,-37.17668631647126,-13.1871228134669,-20.633026770123543,0.005376344086021505
86,rating_history,27.333333333333332,26.5,-0.8333333333333321,0.16666666666666666,0.16666666666666666,0.0,1500.0,40,height_management,-35.23350800434134,-13.052187408370203,-17.852613336484303,0.005376344086021505,-37.39273569918731,-13.1871228134669,-20.247665218095324,0.005376344086021505
87,control,27.0,28.166666666666668,1.1666666666666679,0.16666666666666666,0.16666666666666666,0.0,1500.0,40,ordinary_practice,-44.76599326599327,-13.686307519640852,-17.41105931105931,0.006172839506172839,-35.77569786535304,-13.596683999270207,-20.008423037158668,0.006172839506172839
87,rating_only,27.0,28.166666666666668,1.1666666666666679,0.16666666666666666,0.16666666666666666,0.0,1500.0,40,rating_tier_board,-44.76599326599327,-13.686307519640852,-17.41105931105931,0.006172839506172839,-35.73645624277808,-13.613659307912181,-20.272091467493766,0.006172839506172839
87,rating_history,27.0,27.666666666666668,0.6666666666666679,0.16666666666666666,0.0,-0.16666666666666666,1500.0,40,height_management,-44.76599326599327,-13.686307519640852,-17.41105931105931,0.006172839506172839,-35.0367740831965,-13.871751847290641,-22.205109469074987,0.0
88,control,25.833333333333332,26.833333333333332,1.0,0.3333333333333333,0.0,-0.3333333333333333,1500.0,40,ordinary_practice,-34.306060606060605,-12.613131313131314,-18.078030303030303,0.011994949494949494,-39.4985449678859,-13.699888476682137,-19.628542584285075,0.0
88,rating_only,25.833333333333332,27.0,1.1666666666666679,0.3333333333333333,0.16666666666666666,-0.16666666666666666,1500.0,40,rating_tier_board,-34.306060606060605,-12.613131313131314,-18.078030303030303,0.011994949494949494,-39.440603351522896,-13.523040752351097,-20.583937071868107,0.005555555555555556
88,rating_history,25.833333333333332,27.5,1.6666666666666679,0.3333333333333333,0.3333333333333333,0.0,1500.0,40,hole_management,-34.306060606060605,-12.613131313131314,-18.078030303030303,0.011994949494949494,-39.809994581833664,-13.55450094817911,-20.154924726189094,0.011111111111111112
89,control,27.0,28.0,1.0,0.16666666666666666,0.5,0.33333333333333337,1500.0,40,ordinary_practice,-38.2685758377425,-12.952504409171077,-19.336613756613758,0.006172839506172839,-35.4131880587484,-13.277422307364835,-17.327839240102172,0.016163793103448277
89,rating_only,27.0,27.0,0.0,0.16666666666666666,0.16666666666666666,0.0,1500.0,40,rating_tier_board,-38.2685758377425,-12.952504409171077,-19.336613756613758,0.006172839506172839,-37.63511461656623,-13.677677734451928,-19.239444838315805,0.006666666666666667
89,rating_history,27.0,27.0,0.0,0.16666666666666666,0.16666666666666666,0.0,1500.0,40,hole_management,-38.2685758377425,-12.952504409171077,-19.336613756613758,0.006172839506172839,-37.63511461656623,-13.677677734451928,-19.239444838315805,0.006666666666666667
90,control,26.333333333333332,26.5,0.16666666666666785,0.16666666666666666,0.16666666666666666,0.0,1500.0,40,ordinary_practice,-37.18400320480409,-13.089781238413051,-20.980636215842,0.005747126436781609,-35.781435226119136,-12.306720126404034,-17.406390198775256,0.005747126436781609
90,rating_only,26.333333333333332,27.5,1.1666666666666679,0.16666666666666666,0.0,-0.16666666666666666,1500.0,40,rating_tier_board,-37.18400320480409,-13.089781238413051,-20.980636215842,0.005747126436781609,-34.73845432022179,-12.832992046533713,-18.752162293600467,0.0
90,rating_history,26.333333333333332,27.333333333333332,1.0,0.16666666666666666,0.16666666666666666,0.0,1500.0,40,height_management,-37.18400320480409,-13.089781238413051,-20.980636215842,0.005747126436781609,-37.39392528501724,-13.038554540393621,-18.142752585856034,0.005747126436781609
91,control,28.0,28.666666666666668,0.6666666666666679,0.3333333333333333,0.0,-0.3333333333333333,1500.0,40,ordinary_practice,-38.173368226600985,-13.540777612769245,-19.431411607746547,0.01011029411764706,-36.17889767780387,-13.452795630261333,-19.292755839822025,0.0
91,rating_only,28.0,28.666666666666668,0.6666666666666679,0.3333333333333333,0.0,-0.3333333333333333,1500.0,40,rating_tier_board,-38.173368226600985,-13.540777612769245,-19.431411607746547,0.01011029411764706,-36.41545681758882,-13.479677350691441,-19.298132183908045,0.0
91,rating_history,28.0,28.666666666666668,0.6666666666666679,0.3333333333333333,0.0,-0.3333333333333333,1500.0,40,surface_management,-38.173368226600985,-13.540777612769245,-19.431411607746547,0.01011029411764706,-37.49181074888528,-13.756600591350313,-19.58151488358385,0.0
92,control,26.0,29.333333333333332,3.333333333333332,0.0,0.8333333333333334,0.8333333333333334,1500.0,40,ordinary_practice,-39.32814407814408,-13.333333333333334,-20.54433760683761,0.0,-43.62110387882658,-14.308445518402415,-18.689563571539146,0.026612025426680598
92,rating_only,26.0,28.5,2.5,0.0,0.3333333333333333,0.3333333333333333,1500.0,40,rating_tier_board,-39.32814407814408,-13.333333333333334,-20.54433760683761,0.0,-37.81634137467471,-14.14407197740531,-21.18817879651213,0.010101010101010102
92,rating_history,26.0,29.5,3.5,0.0,0.8333333333333334,0.8333333333333334,1500.0,40,surface_management,-39.32814407814408,-13.333333333333334,-20.54433760683761,0.0,-40.934005075384384,-13.692859630790664,-16.882479972135144,0.027356073045728218
93,control,26.5,28.333333333333332,1.8333333333333321,0.0,0.16666666666666666,0.16666666666666666,1500.0,40,ordinary_practice,-35.54314772392359,-12.776801168180478,-18.41979322401736,0.0,-38.062150141860286,-13.159502818035428,-17.551877156659764,0.0047619047619047615
93,rating_only,26.5,26.833333333333332,0.33333333333333215,0.0,0.0,0.0,1500.0,40,rating_tier_board,-35.54314772392359,-12.776801168180478,-18.41979322401736,0.0,-36.2232789028766,-12.464749437450587,-17.503474122726995,0.0
93,rating_history,26.5,26.666666666666668,0.16666666666666785,0.0,0.0,0.0,1500.0,40,hole_management,-35.54314772392359,-12.776801168180478,-18.41979322401736,0.0,-37.24272486772487,-12.405109550942885,-17.15995115995116,0.0
94,control,30.166666666666668,26.5,-3.666666666666668,0.16666666666666666,0.0,-0.16666666666666666,1500.0,40,ordinary_practice,-32.55185840608532,-14.041476687527854,-21.714238916166984,0.006172839506172839,-35.36064213564214,-13.133302869969537,-22.37215488215488,0.0
94,rating_only,30.166666666666668,27.166666666666668,-3.0,0.16666666666666666,0.0,-0.16666666666666666,1500.0,40,rating_tier_board,-32.55185840608532,-14.041476687527854,-21.714238916166984,0.006172839506172839,-33.83130172296839,-13.141912901912903,-22.071452991452993,0.0
94,rating_history,30.166666666666668,27.0,-3.166666666666668,0.16666666666666666,0.0,-0.16666666666666666,1500.0,40,hole_management,-32.55185840608532,-14.041476687527854,-21.714238916166984,0.006172839506172839,-33.0695219616484,-12.85789288404231,-19.379216430653212,0.0
95,control,28.0,29.5,1.5,0.3333333333333333,0.16666666666666666,-0.16666666666666666,1500.0,40,ordinary_practice,-43.82084774793108,-13.623626373626374,-18.443066578483247,0.011160714285714286,-39.08429339477726,-13.826593039885587,-19.314138725568093,0.005376344086021505
95,rating_only,28.0,29.333333333333332,1.3333333333333321,0.3333333333333333,0.0,-0.3333333333333333,1500.0,40,rating_tier_board,-43.82084774793108,-13.623626373626374,-18.443066578483247,0.011160714285714286,-38.8760496671787,-13.815302717304942,-18.939049119833324,0.0
95,rating_history,28.0,26.333333333333332,-1.6666666666666679,0.3333333333333333,0.0,-0.3333333333333333,1500.0,40,height_management,-43.82084774793108,-13.623626373626374,-18.443066578483247,0.011160714285714286,-42.9773141364808,-13.68968084384751,-18.20191934608601,0.0
96,control,25.166666666666668,26.666666666666668,1.5,0.0,0.0,0.0,1500.0,40,ordinary_practice,-39.75243854466743,-13.487754614756113,-22.046963189142097,0.0,-32.06382943143813,-13.331629771194988,-22.359951425386207,0.0
96,rating_only,25.166666666666668,26.5,1.3333333333333321,0.0,0.0,0.0,1500.0,40,rating_tier_board,-39.75243854466743,-13.487754614756113,-22.046963189142097,0.0,-34.76688034188034,-13.542002442002442,-24.125,0.0
96,rating_history,25.166666666666668,26.666666666666668,1.5,0.0,0.0,0.0,1500.0,40,surface_management,-39.75243854466743,-13.487754614756113,-22.046963189142097,0.0,-35.74402345123735,-13.364874758388002,-20.643813767719315,0.0
97,control,28.5,27.5,-1.0,0.16666666666666666,0.16666666666666666,0.0,1500.0,40,ordinary_practice,-41.23240931451443,-13.460937144057278,-17.428247765706054,0.005050505050505051,-40.52381223714557,-13.391503071215714,-18.718990568818157,0.005555555555555556
97,rating_only,28.5,27.0,-1.5,0.16666666666666666,0.16666666666666666,0.0,1500.0,40,rating_tier_board,-41.23240931451443,-13.460937144057278,-17.428247765706054,0.005050505050505051,-36.99614765266939,-13.225737202623758,-20.084003368686027,0.005555555555555556
97,rating_history,28.5,27.5,-1.0,0.16666666666666666,0.16666666666666666,0.0,1500.0,40,hole_management,-41.23240931451443,-13.460937144057278,-17.428247765706054,0.005050505050505051,-36.816856600189936,-13.528350853063497,-20.88880538363297,0.005555555555555556
98,control,27.666666666666668,25.833333333333332,-1.8333333333333357,0.0,0.0,0.0,1500.0,40,ordinary_practice,-41.56690724133253,-13.205428192497157,-17.80974263071964,0.0,-35.9527442002442,-12.928907203907205,-20.290741758241758,0.0
98,rating_only,27.666666666666668,28.333333333333332,0.6666666666666643,0.0,0.0,0.0,1500.0,40,rating_tier_board,-41.56690724133253,-13.205428192497157,-17.80974263071964,0.0,-34.993387971117855,-13.04697633145909,-17.891914146942884,0.0
98,rating_history,27.666666666666668,28.333333333333332,0.6666666666666643,0.0,0.0,0.0,1500.0,40,hole_management,-41.56690724133253,-13.205428192497157,-17.80974263071964,0.0,-34.993387971117855,-13.04697633145909,-17.891914146942884,0.0
99,control,27.333333333333332,28.833333333333332,1.5,0.5,0.16666666666666666,-0.33333333333333337,1500.0,40,ordinary_practice,-38.99537978745978,-13.256040169916188,-16.821399027581727,0.01620464277665089,-36.807904462502165,-13.314504418527408,-17.646906446044376,0.0047619047619047615
99,rating_only,27.333333333333332,28.833333333333332,1.5,0.5,0.16666666666666666,-0.33333333333333337,1500.0,40,rating_tier_board,-38.99537978745978,-13.256040169916188,-16.821399027581727,0.01620464277665089,-36.807904462502165,-13.314504418527408,-17.646906446044376,0.0047619047619047615
99,rating_history,27.333333333333332,28.333333333333332,1.0,0.5,0.16666666666666666,-0.33333333333333337,1500.0,40,hole_management,-38.99537978745978,-13.256040169916188,-16.821399027581727,0.01620464277665089,-36.54240926697823,-13.177319902319903,-17.536069007620732,0.0047619047619047615
100,control,27.333333333333332,28.166666666666668,0.8333333333333357,0.16666666666666666,0.16666666666666666,0.0,1500.0,40,ordinary_practice,-40.753799734748014,-13.326131005010316,-16.35833554376658,0.005747126436781609,-38.26296301740197,-13.650251671549846,-19.555405303884005,0.004901960784313725
100,rating_only,27.333333333333332,26.666666666666668,-0.6666666666666643,0.16666666666666666,0.0,-0.16666666666666666,1500.0,40,rating_tier_board,-40.753799734748014,-13.326131005010316,-16.35833554376658,0.005747126436781609,-38.8372947454844,-13.410714285714286,-18.0413929939792,0.0
100,rating_history,27.333333333333332,27.0,-0.33333333333333215,0.16666666666666666,0.0,-0.16666666666666666,1500.0,40,hole_management,-40.753799734748014,-13.326131005010316,-16.35833554376658,0.005747126436781609,-37.027424529493494,-13.076017430845017,-17.686815081470254,0.0
101,control,26.833333333333332,26.0,-0.8333333333333321,0.3333333333333333,0.0,-0.3333333333333333,1500.0,40,ordinary_practice,-38.07431078578358,-13.048317017961608,-15.441511009201282,0.012148337595907928,-38.53652998236332,-13.068622303622304,-16.947139804639804,0.0
101,rating_only,26.833333333333332,26.0,-0.8333333333333321,0.3333333333333333,0.0,-0.3333333333333333,1500.0,40,rating_tier_board,-38.07431078578358,-13.048317017961608,-15.441511009201282,0.012148337595907928,-38.61391093474427,-13.038860398860399,-16.691187423687424,0.0
101,rating_history,26.833333333333332,25.666666666666668,-1.1666666666666643,0.3333333333333333,0.0,-0.3333333333333333,1500.0,40,surface_management,-38.07431078578358,-13.048317017961608,-15.441511009201282,0.012148337595907928,-38.447502620835955,-12.746673141673142,-16.279040527373862,0.0
102,control,26.0,26.166666666666668,0.16666666666666785,0.0,0.16666666666666666,0.16666666666666666,1500.0,40,ordinary_practice,-40.936402970167336,-13.047415839800898,-17.678717621246356,0.0,-38.610725308641975,-12.984147352580324,-17.28386195460471,0.005208333333333333
102,rating_only,26.0,27.0,1.0,0.0,0.0,0.0,1500.0,40,rating_tier_board,-40.936402970167336,-13.047415839800898,-17.678717621246356,0.0,-33.2399565018315,-13.491549908424908,-19.4626076007326,0.0
102,rating_history,26.0,27.5,1.5,0.0,0.0,0.0,1500.0,40,hole_management,-40.936402970167336,-13.047415839800898,-17.678717621246356,0.0,-35.13876513179072,-13.514390796448637,-18.73460542238629,0.0
103,control,27.833333333333332,27.5,-0.33333333333333215,0.16666666666666666,0.16666666666666666,0.0,1500.0,40,ordinary_practice,-35.39579216344209,-12.785820675971538,-17.053160220484997,0.005208333333333333,-41.665770606520816,-13.764606127351225,-18.44022047069788,0.006410256410256411
103,rating_only,27.833333333333332,26.666666666666668,-1.1666666666666643,0.16666666666666666,0.0,-0.16666666666666666,1500.0,40,rating_tier_board,-35.39579216344209,-12.785820675971538,-17.053160220484997,0.005208333333333333,-42.6858573663921,-13.8165580925451,-18.863061651917224,0.0
103,rating_history,27.833333333333332,26.166666666666668,-1.6666666666666643,0.16666666666666666,0.0,-0.16666666666666666,1500.0,40,hole_management,-35.39579216344209,-12.785820675971538,-17.053160220484997,0.005208333333333333,-41.45539658945456,-13.814353990078628,-20.161743583845034,0.0
104,control,27.333333333333332,26.833333333333332,-0.5,0.16666666666666666,0.0,-0.16666666666666666,1500.0,40,ordinary_practice,-35.36559820288269,-13.045990315027671,-20.772475369458128,0.005747126436781609,-38.452041785375116,-13.294854836521504,-17.628205128205128,0.0
104,rating_only,27.333333333333332,27.833333333333332,0.5,0.16666666666666666,0.3333333333333333,0.16666666666666666,1500.0,40,rating_tier_board,-35.36559820288269,-13.045990315027671,-20.772475369458128,0.005747126436781609,-36.966512181565946,-13.069635362646116,-17.739473787860884,0.011328725038402458
104,rating_history,27.333333333333332,28.333333333333332,1.0,0.16666666666666666,0.3333333333333333,0.16666666666666666,1500.0,40,surface_management,-35.36559820288269,-13.045990315027671,-20.772475369458128,0.005747126436781609,-36.46173051155439,-13.108580506476317,-18.391225293060664,0.011123470522803115
105,control,27.166666666666668,26.0,-1.1666666666666679,0.16666666666666666,0.0,-0.16666666666666666,1500.0,40,ordinary_practice,-37.0543378365959,-13.377515853322304,-17.16080017155286,0.006410256410256411,-38.26761388019803,-13.094941111950229,-19.61259804685471,0.0
105,rating_only,27.166666666666668,26.833333333333332,-0.3333333333333357,0.16666666666666666,0.0,-0.16666666666666666,1500.0,40,rating_tier_board,-37.0543378365959,-13.377515853322304,-17.16080017155286,0.006410256410256411,-39.46023787169621,-13.056788504705171,-17.517062412895747,0.0
105,rating_history,27.166666666666668,26.833333333333332,-0.3333333333333357,0.16666666666666666,0.0,-0.16666666666666666,1500.0,40,hole_management,-37.0543378365959,-13.377515853322304,-17.16080017155286,0.006410256410256411,-39.46023787169621,-13.056788504705171,-17.517062412895747,0.0
106,control,28.833333333333332,29.333333333333332,0.5,0.5,0.0,-0.5,1500.0,40,ordinary_practice,-38.919285911221394,-13.221096734806412,-17.286143605498445,0.016884280593958013,-35.58073309327153,-13.6047106914983,-19.18353987012791,0.0
106,rating_only,28.833333333333332,29.333333333333332,0.5,0.5,0.0,-0.5,1500.0,40,rating_tier_board,-38.919285911221394,-13.221096734806412,-17.286143605498445,0.016884280593958013,-35.58073309327153,-13.6047106914983,-19.18353987012791,0.0
106,rating_history,28.833333333333332,28.0,-0.8333333333333321,0.5,0.0,-0.5,1500.0,40,surface_management,-38.919285911221394,-13.221096734806412,-17.286143605498445,0.016884280593958013,-41.4698242756502,-13.749441619436059,-18.16539210233593,0.0
107,control,29.0,25.5,-3.5,0.3333333333333333,0.0,-0.3333333333333333,1500.0,40,ordinary_practice,-37.90328307759134,-13.871880076186946,-18.663683765602563,0.009009009009009009,-40.07160731244065,-13.162775403608737,-18.157516619183287,0.0
107,rating_only,29.0,26.0,-3.0,0.3333333333333333,0.16666666666666666,-0.16666666666666666,1500.0,40,rating_tier_board,-37.90328307759134,-13.871880076186946,-18.663683765602563,0.009009009009009009,-39.38653406828138,-12.958424296730747,-17.633708772310925,0.005376344086021505
107,rating_history,29.0,25.5,-3.5,0.3333333333333333,0.16666666666666666,-0.16666666666666666,1500.0,40,surface_management,-37.90328307759134,-13.871880076186946,-18.663683765602563,0.009009009009009009,-39.218715327881995,-12.839760702260701,-18.016773288439957,0.005952380952380952
108,control,29.166666666666668,25.333333333333332,-3.8333333333333357,0.16666666666666666,0.0,-0.16666666666666666,1500.0,40,ordinary_practice,-37.47486172831,-14.14753723288206,-21.96377894136515,0.006410256410256411,-41.91367039393355,-13.329812761346336,-18.131956936993234,0.0
108,rating_only,29.166666666666668,25.333333333333332,-3.8333333333333357,0.16666666666666666,0.16666666666666666,0.0,1500.0,40,rating_tier_board,-37.47486172831,-14.14753723288206,-21.96377894136515,0.006410256410256411,-37.932567049808426,-13.49463191023536,-22.36426792556103,0.005747126436781609
108,rating_history,29.166666666666668,25.333333333333332,-3.8333333333333357,0.16666666666666666,0.0,-0.16666666666666666,1500.0,40,height_management,-37.47486172831,-14.14753723288206,-21.96377894136515,0.006410256410256411,-36.75830596606458,-13.476980021893816,-22.461164477285166,0.0
109,control,25.666666666666668,24.333333333333332,-1.3333333333333357,0.0,0.16666666666666666,0.16666666666666666,1500.0,40,ordinary_practice,-42.77856228580866,-13.139353400222966,-17.193267682398115,0.0,-39.86391625615764,-12.908730158730158,-20.31982074438971,0.005747126436781609
109,rating_only,25.666666666666668,28.166666666666668,2.5,0.0,0.16666666666666666,0.16666666666666666,1500.0,40,rating_tier_board,-42.77856228580866,-13.139353400222966,-17.193267682398115,0.0,-40.60964035964036,-13.312212787212786,-17.08794538794539,0.005050505050505051
109,rating_history,25.666666666666668,28.833333333333332,3.1666666666666643,0.0,0.3333333333333333,0.3333333333333333,1500.0,40,surface_management,-42.77856228580866,-13.139353400222966,-17.193267682398115,0.0,-39.55238539238539,-13.97685752306442,-17.510670096187336,0.010101010101010102
110,control,28.5,28.5,0.0,0.16666666666666666,0.16666666666666666,0.0,1500.0,40,ordinary_practice,-35.70515194681862,-12.626471984805319,-14.88158662325329,0.005555555555555556,-37.28896638562587,-13.03588546271736,-19.001594669698118,0.005208333333333333
110,rating_only,28.5,25.0,-3.5,0.16666666666666666,0.16666666666666666,0.0,1500.0,40,rating_tier_board,-35.70515194681862,-12.626471984805319,-14.88158662325329,0.005555555555555556,-40.2290380185117,-13.481603820085894,-21.866460078893336,0.005050505050505051
110,rating_history,28.5,25.0,-3.5,0.16666666666666666,0.16666666666666666,0.0,1500.0,40,height_management,-35.70515194681862,-12.626471984805319,-14.88158662325329,0.005555555555555556,-40.2290380185117,-13.481603820085894,-21.866460078893336,0.005050505050505051
111,control,26.833333333333332,28.666666666666668,1.8333333333333357,0.0,0.0,0.0,1500.0,40,ordinary_practice,-38.785547041294166,-13.382716049382715,-17.167092379736058,0.0,-37.98838601532567,-13.678996115368243,-19.099021658152406,0.0
111,rating_only,26.833333333333332,28.666666666666668,1.8333333333333357,0.0,0.0,0.0,1500.0,40,rating_tier_board,-38.785547041294166,-13.382716049382715,-17.167092379736058,0.0,-37.98838601532567,-13.678996115368243,-19.099021658152406,0.0
111,rating_history,26.833333333333332,28.5,1.6666666666666679,0.0,0.16666666666666666,0.16666666666666666,1500.0,40,surface_management,-38.785547041294166,-13.382716049382715,-17.167092379736058,0.0,-35.30392884972626,-13.759329033035929,-18.950806929075608,0.005050505050505051
112,control,27.333333333333332,27.833333333333332,0.5,0.0,0.16666666666666666,0.16666666666666666,1500.0,40,ordinary_practice,-41.61467265705772,-13.624699720245697,-18.071109286626527,0.0,-30.98297916187409,-13.506968035492836,-19.900634958645018,0.005208333333333333
112,rating_only,27.333333333333332,26.5,-0.8333333333333321,0.0,0.0,0.0,1500.0,40,rating_tier_board,-41.61467265705772,-13.624699720245697,-18.071109286626527,0.0,-30.71899954581114,-12.810813823857302,-20.259734093067426,0.0
112,rating_history,27.333333333333332,26.666666666666668,-0.6666666666666643,0.0,0.0,0.0,1500.0,40,hole_management,-41.61467265705772,-13.624699720245697,-18.071109286626527,0.0,-31.216340476485403,-12.786692266402412,-19.683380816714152,0.0
113,control,24.166666666666668,27.0,2.833333333333332,0.0,0.0,0.0,1500.0,40,ordinary_practice,-42.74507758746889,-13.55247218562436,-21.375280583613915,0.0,-40.53648208964301,-13.8646004378763,-19.331676093170348,0.0
113,rating_only,24.166666666666668,24.666666666666668,0.5,0.0,0.16666666666666666,0.16666666666666666,1500.0,40,rating_tier_board,-42.74507758746889,-13.55247218562436,-21.375280583613915,0.0,-40.213009972286585,-12.91825688586683,-20.95167630831049,0.005747126436781609
113,rating_history,24.166666666666668,24.666666666666668,0.5,0.0,0.16666666666666666,0.16666666666666666,1500.0,40,height_management,-42.74507758746889,-13.55247218562436,-21.375280583613915,0.0,-40.682706941983554,-12.91825688586683,-20.133494490128673,0.005747126436781609
114,control,27.333333333333332,26.333333333333332,-1.0,0.16666666666666666,0.16666666666666666,0.0,1500.0,40,ordinary_practice,-37.42654518196857,-12.854200613454646,-17.672982147780534,0.005208333333333333,-42.12177938808374,-14.084569818265471,-19.573494172226056,0.005952380952380952
114,rating_only,27.333333333333332,26.5,-0.8333333333333321,0.16666666666666666,0.0,-0.16666666666666666,1500.0,40,rating_tier_board,-37.42654518196857,-12.854200613454646,-17.672982147780534,0.005208333333333333,-39.67397976225563,-13.667183744310181,-18.438599731473296,0.0
114,rating_history,27.333333333333332,27.0,-0.33333333333333215,0.16666666666666666,0.16666666666666666,0.0,1500.0,40,surface_management,-37.42654518196857,-12.854200613454646,-17.672982147780534,0.005208333333333333,-39.330850970017636,-14.060802469135803,-21.70266754850088,0.005555555555555556
115,control,28.166666666666668,27.833333333333332,-0.3333333333333357,0.0,0.0,0.0,1500.0,40,ordinary_practice,-38.148461064797274,-13.263625821018064,-17.88661014273083,0.0,-34.149675849905734,-12.788340631271666,-17.969608039895398,0.0
115,rating_only,28.166666666666668,27.833333333333332,-0.3333333333333357,0.0,0.0,0.0,1500.0,40,rating_tier_board,-38.148461064797274,-13.263625821018064,-17.88661014273083,0.0,-34.46823846013501,-12.972864440795476,-17.942491637778993,0.0
115,rating_history,28.166666666666668,27.166666666666668,-1.0,0.0,0.0,0.0,1500.0,40,hole_management,-38.148461064797274,-13.263625821018064,-17.88661014273083,0.0,-40.052375642663,-13.841637662039961,-18.948835487628592,0.0
116,control,27.5,26.5,-1.0,0.0,0.0,0.0,1500.0,40,ordinary_practice,-41.70935878214739,-13.762631077623581,-18.139149015235972,0.0,-38.04161054994388,-13.837604617604617,-20.869483726150392,0.0
116,rating_only,27.5,26.5,-1.0,0.0,0.0,0.0,1500.0,40,rating_tier_board,-41.70935878214739,-13.762631077623581,-18.139149015235972,0.0,-40.89063094715269,-13.8530888596106,-20.703257209778947,0.0
116,rating_history,27.5,25.5,-2.0,0.0,0.16666666666666666,0.16666666666666666,1500.0,40,surface_management,-41.70935878214739,-13.762631077623581,-18.139149015235972,0.0,-43.0238603988604,-13.570156695156696,-19.95874881291548,0.006410256410256411
117,control,28.166666666666668,28.666666666666668,0.5,0.0,0.16666666666666666,0.16666666666666666,1500.0,40,ordinary_practice,-35.03107763883626,-13.83911414256242,-21.266157448341357,0.0,-35.76072877739544,-12.662201070534405,-16.964546564546566,0.005050505050505051
117,rating_only,28.166666666666668,29.5,1.3333333333333321,0.0,0.5,0.5,1500.0,40,rating_tier_board,-35.03107763883626,-13.83911414256242,-21.266157448341357,0.0,-33.93357022363107,-13.384908439168074,-19.75328187701413,0.014161220043572984
117,rating_history,28.166666666666668,28.666666666666668,0.5,0.0,0.16666666666666666,0.16666666666666666,1500.0,40,surface_management,-35.03107763883626,-13.83911414256242,-21.266157448341357,0.0,-35.738506555173224,-12.662201070534405,-17.00899100899101,0.005050505050505051
118,control,26.0,26.833333333333332,0.8333333333333321,0.0,0.0,0.0,1500.0,40,ordinary_practice,-38.983827160493824,-13.057725669392337,-17.450968815135482,0.0,-37.86473119260476,-12.853268985165537,-17.89707200632488,0.0
118,rating_only,26.0,27.0,1.0,0.0,0.0,0.0,1500.0,40,rating_tier_board,-38.983827160493824,-13.057725669392337,-17.450968815135482,0.0,-37.17295870583227,-13.202409535972754,-19.33753937845892,0.0
118,rating_history,26.0,26.5,0.5,0.0,0.16666666666666666,0.16666666666666666,1500.0,40,surface_management,-38.983827160493824,-13.057725669392337,-17.450968815135482,0.0,-40.61493658671078,-13.183553901295836,-18.44677074717397,0.005376344086021505
119,control,28.5,27.5,-1.0,0.0,0.0,0.0,1500.0,40,ordinary_practice,-31.589468732895458,-12.62976164161509,-19.76065349880005,0.0,-38.213865147198476,-13.619190069190068,-18.085982227648895,0.0
119,rating_only,28.5,27.666666666666668,-0.8333333333333321,0.0,0.16666666666666666,0.16666666666666666,1500.0,40,rating_tier_board,-31.589468732895458,-12.62976164161509,-19.76065349880005,0.0,-37.116187590728444,-13.437276599795341,-19.445937150472382,0.005208333333333333
119,rating_history,28.5,27.5,-1.0,0.0,0.0,0.0,1500.0,40,surface_management,-31.589468732895458,-12.62976164161509,-19.76065349880005,0.0,-38.213865147198476,-13.619190069190068,-18.085982227648895,0.0
120,control,27.833333333333332,27.5,-0.33333333333333215,0.16666666666666666,0.16666666666666666,0.0,1500.0,40,ordinary_practice,-38.24980327376634,-13.917490425072824,-20.577130983205667,0.005376344086021505,-39.05781884781885,-13.325456765456765,-18.879637584637585,0.005050505050505051
120,rating_only,27.833333333333332,28.166666666666668,0.3333333333333357,0.16666666666666666,0.3333333333333333,0.16666666666666666,1500.0,40,rating_tier_board,-38.24980327376634,-13.917490425072824,-20.577130983205667,0.005376344086021505,-36.38264369729887,-13.066667767098801,-19.254519905381976,0.01079763148728666
120,rating_history,27.833333333333332,28.333333333333332,0.5,0.16666666666666666,0.0,-0.16666666666666666,1500.0,40,surface_management,-38.24980327376634,-13.917490425072824,-20.577130983205667,0.005376344086021505,-37.07559533038955,-13.494158942034359,-18.19105953865687,0.0
121,control,28.333333333333332,30.5,2.166666666666668,0.3333333333333333,0.16666666666666666,-0.16666666666666666,1500.0,40,ordinary_practice,-37.82008821897935,-14.13150068271036,-19.763108572281958,0.010317460317460317,-35.50198874950219,-13.365562660656746,-18.856167974548352,0.005555555555555556
121,rating_only,28.333333333333332,28.166666666666668,-0.1666666666666643,0.3333333333333333,0.0,-0.3333333333333333,1500.0,40,rating_tier_board,-37.82008821897935,-14.13150068271036,-19.763108572281958,0.010317460317460317,-34.642314420000275,-12.915693277166673,-20.204409005548,0.0
121,rating_history,28.333333333333332,28.166666666666668,-0.1666666666666643,0.3333333333333333,0.5,0.16666666666666669,1500.0,40,height_management,-37.82008821897935,-14.13150068271036,-19.763108572281958,0.010317460317460317,-38.62819664902998,-13.602177028218694,-19.73136574074074,0.014732142857142857
122,control,28.5,26.5,-2.0,0.16666666666666666,0.3333333333333333,0.16666666666666666,1500.0,40,ordinary_practice,-36.54671044972653,-14.089147511919341,-22.031912141436614,0.005208333333333333,-39.40290662923903,-13.189608523175611,-19.312765081523846,0.01075268817204301
122,rating_only,28.5,25.5,-3.0,0.16666666666666666,0.16666666666666666,0.0,1500.0,40,rating_tier_board,-36.54671044972653,-14.089147511919341,-22.031912141436614,0.005208333333333333,-43.30829909628011,-14.005236250413661,-20.82339516037667,0.006410256410256411
122,rating_history,28.5,27.333333333333332,-1.1666666666666679,0.16666666666666666,0.5,0.33333333333333337,1500.0,40,hole_management,-36.54671044972653,-14.089147511919341,-22.031912141436614,0.005208333333333333,-38.23234007996002,-14.036931534232885,-22.079937114775944,0.017049808429118775
123,control,24.666666666666668,28.166666666666668,3.5,0.5,0.16666666666666666,-0.33333333333333337,1500.0,40,ordinary_practice,-45.54949675324676,-13.264283563658564,-17.068174048174047,0.015625,-39.66751971544982,-13.735107816814805,-18.49445792086249,0.005208333333333333
123,rating_only,24.666666666666668,26.666666666666668,2.0,0.5,0.0,-0.5,1500.0,40,rating_tier_board,-45.54949675324676,-13.264283563658564,-17.068174048174047,0.015625,-40.761416405179844,-13.563186244261514,-18.207907230165294,0.0
123,rating_history,24.666666666666668,27.5,2.833333333333332,0.5,0.0,-0.5,1500.0,40,surface_management,-45.54949675324676,-13.264283563658564,-17.068174048174047,0.015625,-41.12734233110577,-13.066975418050687,-16.66561853120993,0.0
124,control,28.0,27.333333333333332,-0.6666666666666679,0.0,0.0,0.0,1500.0,40,ordinary_practice,-37.1058353098583,-13.732307060755337,-19.292317399501307,0.0,-41.35114984750328,-13.56734496167175,-17.86404014881107,0.0
124,rating_only,28.0,26.666666666666668,-1.3333333333333321,0.0,0.0,0.0,1500.0,40,rating_tier_board,-37.1058353098583,-13.732307060755337,-19.292317399501307,0.0,-36.865873015873014,-13.061309523809523,-19.119295634920636,0.0
124,rating_history,28.0,28.666666666666668,0.6666666666666679,0.0,0.16666666666666666,0.16666666666666666,1500.0,40,height_management,-37.1058353098583,-13.732307060755337,-19.292317399501307,0.0,-36.703549981934025,-13.112197824212698,-16.53253143658485,0.004901960784313725
125,control,23.666666666666668,26.5,2.833333333333332,0.0,0.16666666666666666,0.16666666666666666,1500.0,40,ordinary_practice,-42.196155715558845,-13.464558982913292,-18.67234495347577,0.0,-39.05805675805676,-12.91314734648068,-19.221264229597562,0.005555555555555556
125,rating_only,23.666666666666668,27.833333333333332,4.166666666666664,0.0,0.0,0.0,1500.0,40,rating_tier_board,-42.196155715558845,-13.464558982913292,-18.67234495347577,0.0,-39.57814290860268,-13.232324720830468,-16.743687985067297,0.0
125,rating_history,23.666666666666668,27.833333333333332,4.166666666666664,0.0,0.16666666666666666,0.16666666666666666,1500.0,40,hole_management,-42.196155715558845,-13.464558982913292,-18.67234495347577,0.0,-38.85895585659978,-13.117402081515992,-18.14660802812453,0.006172839506172839
126,control,27.833333333333332,27.333333333333332,-0.5,0.3333333333333333,0.0,-0.3333333333333333,1500.0,40,ordinary_practice,-36.7003957196486,-13.407985143581408,-17.98509484209915,0.010763888888888889,-37.23287194359219,-13.289815895697432,-17.729582099089885,0.0
126,rating_only,27.833333333333332,29.333333333333332,1.5,0.3333333333333333,0.3333333333333333,0.0,1500.0,40,rating_tier_board,-36.7003957196486,-13.407985143581408,-17.98509484209915,0.010763888888888889,-38.49447446949602,-13.995887488947833,-16.575748784261716,0.010955459770114943
126,rating_history,27.833333333333332,29.333333333333332,1.5,0.3333333333333333,0.3333333333333333,0.0,1500.0,40,surface_management,-36.7003957196486,-13.407985143581408,-17.98509484209915,0.010763888888888889,-37.85729564762913,-13.528131673903665,-17.195844509777203,0.010278304870335231
127,control,27.333333333333332,26.666666666666668,-0.6666666666666643,0.16666666666666666,0.0,-0.16666666666666666,1500.0,40,ordinary_practice,-36.29467437755481,-13.966424217556463,-23.79748015504356,0.005208333333333333,-40.351836261110456,-13.293706045050131,-19.083273432063756,0.0
127,rating_only,27.333333333333332,26.5,-0.8333333333333321,0.16666666666666666,0.16666666666666666,0.0,1500.0,40,rating_tier_board,-36.29467437755481,-13.966424217556463,-23.79748015504356,0.005208333333333333,-39.876803785607194,-13.585884942144313,-18.620767741129434,0.005208333333333333
127,rating_history,27.333333333333332,28.0,0.6666666666666679,0.16666666666666666,0.0,-0.16666666666666666,1500.0,40,hole_management,-36.29467437755481,-13.966424217556463,-23.79748015504356,0.005208333333333333,-37.985513021461294,-12.944841257185528,-16.120885813296827,0.0
128,control,24.0,26.333333333333332,2.333333333333332,0.0,0.0,0.0,1500.0,40,ordinary_practice,-41.043090858416946,-13.263385624037797,-21.046703562138344,0.0,-37.34788995726496,-12.565705128205128,-16.16962377899878,0.0
128,rating_only,24.0,27.0,3.0,0.0,0.16666666666666666,0.16666666666666666,1500.0,40,rating_tier_board,-41.043090858416946,-13.263385624037797,-21.046703562138344,0.0,-36.391452991452994,-12.85173466380363,-17.718785524820007,0.005555555555555556
128,rating_history,24.0,27.833333333333332,3.833333333333332,0.0,0.0,0.0,1500.0,40,height_management,-41.043090858416946,-13.263385624037797,-21.046703562138344,0.0,-40.07751365147199,-13.968506647673314,-18.82512167616334,0.0
129,control,26.833333333333332,26.166666666666668,-0.6666666666666643,0.6666666666666666,0.0,-0.6666666666666666,1500.0,40,ordinary_practice,-45.66089640365003,-13.775369028448738,-18.903448738593667,0.024999999999999998,-38.9052442002442,-14.01113247863248,-20.745192307692307,0.0
129,rating_only,26.833333333333332,28.333333333333332,1.5,0.6666666666666666,0.16666666666666666,-0.5,1500.0,40,rating_tier_board,-45.66089640365003,-13.775369028448738,-18.903448738593667,0.024999999999999998,-40.15854866459705,-14.086336378675089,-19.731365184994218,0.005050505050505051
129,rating_history,26.833333333333332,28.333333333333332,1.5,0.6666666666666666,0.16666666666666666,-0.5,1500.0,40,hole_management,-45.66089640365003,-13.775369028448738,-18.903448738593667,0.024999999999999998,-40.14069152173991,-14.086336378675089,-19.886127089756123,0.005050505050505051
130,control,26.333333333333332,27.166666666666668,0.8333333333333357,0.16666666666666666,0.0,-0.16666666666666666,1500.0,40,ordinary_practice,-35.733882968882966,-12.467502189168856,-17.780379127045794,0.005555555555555556,-36.32835297998257,-12.786355426183013,-18.175736556732108,0.0
130,rating_only,26.333333333333332,27.166666666666668,0.8333333333333357,0.16666666666666666,0.0,-0.16666666666666666,1500.0,40,rating_tier_board,-35.733882968882966,-12.467502189168856,-17.780379127045794,0.005555555555555556,-41.02642656924915,-13.399117498391693,-18.30396509205649,0.0
130,rating_history,26.333333333333332,28.166666666666668,1.8333333333333357,0.16666666666666666,0.0,-0.16666666666666666,1500.0,40,height_management,-35.733882968882966,-12.467502189168856,-17.780379127045794,0.005555555555555556,-37.347981663929936,-13.492152435686918,-18.690510399562122,0.0
131,control,24.0,26.833333333333332,2.833333333333332,0.16666666666666666,0.0,-0.16666666666666666,1500.0,40,ordinary_practice,-42.51841892675226,-13.541123999457334,-20.182739791073125,0.005952380952380952,-36.719334618405085,-12.930753194831155,-19.895212750767474,0.0
131,rating_only,24.0,26.666666666666668,2.666666666666668,0.16666666666666666,0.0,-0.16666666666666666,1500.0,40,rating_tier_board,-42.51841892675226,-13.541123999457334,-20.182739791073125,0.005952380952380952,-34.726874300944765,-12.752578591656553,-20.440336207557596,0.0
131,rating_history,24.0,27.0,3.0,0.16666666666666666,0.3333333333333333,0.16666666666666666,1500.0,40,height_management,-42.51841892675226,-13.541123999457334,-20.182739791073125,0.005952380952380952,-38.31472811213441,-12.927802593412288,-19.109385783298826,0.011111111111111112
132,control,29.0,26.5,-2.5,0.16666666666666666,0.0,-0.16666666666666666,1500.0,40,ordinary_practice,-34.225392499602734,-12.597060137366032,-15.841661458057454,0.005747126436781609,-35.882756934423604,-12.786928811928812,-17.410156325156326,0.0
132,rating_only,29.0,29.5,0.5,0.16666666666666666,0.3333333333333333,0.16666666666666666,1500.0,40,rating_tier_board,-34.225392499602734,-12.597060137366032,-15.841661458057454,0.005747126436781609,-33.423639667728004,-13.246614066825181,-17.397981185738416,0.010763888888888889
132,rating_history,29.0,29.166666666666668,0.16666666666666785,0.16666666666666666,0.3333333333333333,0.16666666666666666,1500.0,40,height_management,-34.225392499602734,-12.597060137366032,-15.841661458057454,0.005747126436781609,-34.785770302974605,-13.143467205832797,-16.925683913855956,0.01093189964157706
133,control,26.666666666666668,26.5,-0.16666666666666785,0.16666666666666666,0.0,-0.16666666666666666,1500.0,40,ordinary_practice,-35.5670035328656,-12.684010797631487,-18.281215106732347,0.005050505050505051,-39.65816668588783,-13.392782326785325,-20.74668409385051,0.0
133,rating_only,26.666666666666668,27.166666666666668,0.5,0.16666666666666666,0.3333333333333333,0.16666666666666666,1500.0,40,rating_tier_board,-35.5670035328656,-12.684010797631487,-18.281215106732347,0.005050505050505051,-38.017030655179326,-13.38402736035976,-19.84645751241123,0.01093189964157706
133,rating_history,26.666666666666668,27.166666666666668,0.5,0.16666666666666666,0.3333333333333333,0.16666666666666666,1500.0,40,hole_management,-35.5670035328656,-12.684010797631487,-18.281215106732347,0.005050505050505051,-38.017030655179326,-13.38402736035976,-19.84645751241123,0.01093189964157706
134,control,27.666666666666668,29.333333333333332,1.6666666666666643,0.0,0.3333333333333333,0.3333333333333333,1500.0,40,ordinary_practice,-35.143958818958815,-13.356110556110556,-17.194144744144744,0.0,-33.133227338173576,-13.210819255980546,-20.928173823120062,0.009009009009009009
134,rating_only,27.666666666666668,28.5,0.8333333333333321,0.0,0.16666666666666666,0.16666666666666666,1500.0,40,rating_tier_board,-35.143958818958815,-13.356110556110556,-17.194144744144744,0.0,-33.60980470412942,-12.753852171136653,-18.74084317794806,0.005208333333333333
134,rating_history,27.666666666666668,29.333333333333332,1.6666666666666643,0.0,0.8333333333333334,0.8333333333333334,1500.0,40,hole_management,-35.143958818958815,-13.356110556110556,-17.194144744144744,0.0,-36.785727969348656,-13.009618570825467,-17.037863028811305,0.02586724655690173
135,control,26.5,26.5,0.0,0.0,0.0,0.0,1500.0,40,ordinary_practice,-41.68967406050739,-13.93080993080993,-19.989862298195632,0.0,-42.091638995317155,-13.766683695189442,-20.12569178373776,0.0
135,rating_only,26.5,27.166666666666668,0.6666666666666679,0.0,0.3333333333333333,0.3333333333333333,1500.0,40,rating_tier_board,-41.68967406050739,-13.93080993080993,-19.989862298195632,0.0,-42.283469690020254,-14.22986326109391,-21.366430455223025,0.00980392156862745
135,rating_history,26.5,25.666666666666668,-0.8333333333333321,0.0,0.0,0.0,1500.0,40,hole_management,-41.68967406050739,-13.93080993080993,-19.989862298195632,0.0,-45.49478021978022,-13.952124542124542,-19.967893772893774,0.0
136,control,27.833333333333332,26.666666666666668,-1.1666666666666643,0.0,0.3333333333333333,0.3333333333333333,1500.0,40,ordinary_practice,-35.469885712414445,-13.299385990765302,-20.336655532632545,0.0,-42.38883144931532,-13.689167662285943,-18.474767178261803,0.01093189964157706
136,rating_only,27.833333333333332,26.666666666666668,-1.1666666666666643,0.0,0.3333333333333333,0.3333333333333333,1500.0,40,rating_tier_board,-35.469885712414445,-13.299385990765302,-20.336655532632545,0.0,-42.38883144931532,-13.689167662285943,-18.474767178261803,0.01093189964157706
136,rating_history,27.833333333333332,25.5,-2.333333333333332,0.0,0.0,0.0,1500.0,40,hole_management,-35.469885712414445,-13.299385990765302,-20.336655532632545,0.0,-41.422223859580185,-13.725645528375413,-19.024683580574386,0.0
137,control,26.833333333333332,25.666666666666668,-1.1666666666666643,0.0,0.16666666666666666,0.16666666666666666,1500.0,40,ordinary_practice,-38.3598824090259,-13.02330102229991,-19.42043615481046,0.0,-36.54055941605917,-13.025948831139985,-20.34453556951683,0.005952380952380952
137,rating_only,26.833333333333332,28.166666666666668,1.3333333333333357,0.0,0.16666666666666666,0.16666666666666666,1500.0,40,rating_tier_board,-38.3598824090259,-13.02330102229991,-19.42043615481046,0.0,-41.033229127194645,-13.366038272072755,-16.932221801187318,0.005952380952380952
137,rating_history,26.833333333333332,27.166666666666668,0.3333333333333357,0.0,0.16666666666666666,0.16666666666666666,1500.0,40,surface_management,-38.3598824090259,-13.02330102229991,-19.42043615481046,0.0,-38.12113384699592,-13.583372279061935,-18.875769441286682,0.005747126436781609
138,control,26.333333333333332,25.166666666666668,-1.1666666666666643,0.0,0.0,0.0,1500.0,40,ordinary_practice,-37.18974663035439,-12.672476136057249,-18.170295420646053,0.0,-39.66728259394926,-13.340454483787816,-19.94225749559083,0.0
138,rating_only,26.333333333333332,25.166666666666668,-1.1666666666666643,0.0,0.0,0.0,1500.0,40,rating_tier_board,-37.18974663035439,-12.672476136057249,-18.170295420646053,0.0,-42.06133704210166,-13.251934895393166,-18.165366992938207,0.0
138,rating_history,26.333333333333332,26.166666666666668,-0.1666666666666643,0.0,0.0,0.0,1500.0,40,height_management,-37.18974663035439,-12.672476136057249,-18.170295420646053,0.0,-36.76473417493533,-13.747738399318859,-21.425279169532043,0.0
139,control,25.333333333333332,27.0,1.6666666666666679,0.0,0.16666666666666666,0.16666666666666666,1500.0,40,ordinary_practice,-39.20822815240472,-13.63461576351503,-20.468144637280176,0.0,-42.60337196328575,-14.118425013683634,-19.291872447475896,0.005555555555555556
139,rating_only,25.333333333333332,27.166666666666668,1.8333333333333357,0.0,0.16666666666666666,0.16666666666666666,1500.0,40,rating_tier_board,-39.20822815240472,-13.63461576351503,-20.468144637280176,0.0,-41.80853174603175,-14.23234126984127,-20.528373015873015,0.005555555555555556
139,rating_history,25.333333333333332,27.0,1.6666666666666679,0.0,0.16666666666666666,0.16666666666666666,1500.0,40,height_management,-39.20822815240472,-13.63461576351503,-20.468144637280176,0.0,-42.60337196328575,-14.118425013683634,-19.291872447475896,0.005555555555555556
140,control,27.833333333333332,29.666666666666668,1.8333333333333357,0.0,0.3333333333333333,0.3333333333333333,1500.0,40,ordinary_practice,-39.0725800271907,-13.476586639475961,-18.317350760103817,0.0,-36.8369526824564,-13.366943914273191,-18.417008191517994,0.009952465834818775
140,rating_only,27.833333333333332,25.833333333333332,-2.0,0.0,0.0,0.0,1500.0,40,rating_tier_board,-39.0725800271907,-13.476586639475961,-18.317350760103817,0.0,-37.695612103945436,-12.898081239747906,-18.225260079426747,0.0
140,rating_history,27.833333333333332,27.166666666666668,-0.6666666666666643,0.0,0.0,0.0,1500.0,40,hole_management,-39.0725800271907,-13.476586639475961,-18.317350760103817,0.0,-36.80053260406834,-13.44031641586614,-18.464337044440743,0.0
141,control,26.166666666666668,27.666666666666668,1.5,0.0,0.0,0.0,1500.0,40,ordinary_practice,-36.208380492293536,-12.384328714763498,-16.71805409566279,0.0,-40.430005689253,-13.488648517949594,-17.610964328383684,0.0
141,rating_only,26.166666666666668,27.0,0.8333333333333321,0.0,0.0,0.0,1500.0,40,rating_tier_board,-36.208380492293536,-12.384328714763498,-16.71805409566279,0.0,-38.933931372767276,-13.41027544642084,-18.232452735912297,0.0
141,rating_history,26.166666666666668,27.333333333333332,1.1666666666666643,0.0,0.3333333333333333,0.3333333333333333,1500.0,40,hole_management,-36.208380492293536,-12.384328714763498,-16.71805409566279,0.0,-36.39347030209933,-13.497675371223758,-20.07482462877624,0.011328725038402458
142,control,27.5,28.0,0.5,0.0,0.5,0.5,1500.0,40,ordinary_practice,-36.07583828278169,-12.774391650328681,-18.023722513743127,0.0,-40.12352339181287,-13.587980831708903,-19.12882228719948,0.013157894736842105
142,rating_only,27.5,28.0,0.5,0.0,0.5,0.5,1500.0,40,rating_tier_board,-36.07583828278169,-12.774391650328681,-18.023722513743127,0.0,-40.12352339181287,-13.587980831708903,-19.12882228719948,0.013157894736842105
142,rating_history,27.5,28.0,0.5,0.0,0.5,0.5,1500.0,40,surface_management,-36.07583828278169,-12.774391650328681,-18.023722513743127,0.0,-40.491578947368424,-13.657425276153347,-19.260766731643926,0.013157894736842105
143,control,26.333333333333332,28.333333333333332,2.0,0.0,0.16666666666666666,0.16666666666666666,1500.0,40,ordinary_practice,-38.14351512684846,-12.943898385565053,-18.695743454076787,0.0,-31.520214504456256,-13.160294703305457,-21.229562064845712,0.005376344086021505
143,rating_only,26.333333333333332,29.333333333333332,3.0,0.0,0.16666666666666666,0.16666666666666666,1500.0,40,rating_tier_board,-38.14351512684846,-12.943898385565053,-18.695743454076787,0.0,-33.37680602602411,-13.3029659201495,-19.81134057113904,0.005376344086021505
143,rating_history,26.333333333333332,26.833333333333332,0.5,0.0,0.0,0.0,1500.0,40,hole_management,-38.14351512684846,-12.943898385565053,-18.695743454076787,0.0,-36.18104522792023,-13.575123371998371,-21.36475927621761,0.0
144,control,28.833333333333332,28.666666666666668,-0.1666666666666643,0.16666666666666666,0.3333333333333333,0.16666666666666666,1500.0,40,ordinary_practice,-31.99320044372881,-13.003492192827565,-20.44508351461911,0.005050505050505051,-35.04314201124546,-13.396526844802708,-18.083880678708265,0.009523809523809523
144,rating_only,28.833333333333332,28.833333333333332,0.0,0.16666666666666666,0.3333333333333333,0.16666666666666666,1500.0,40,rating_tier_board,-31.99320044372881,-13.003492192827565,-20.44508351461911,0.005050505050505051,-34.69949121759467,-13.540839014114876,-18.57858967341726,0.009259259259259259
144,rating_history,28.833333333333332,28.833333333333332,0.0,0.16666666666666666,0.3333333333333333,0.16666666666666666,1500.0,40,hole_management,-31.99320044372881,-13.003492192827565,-20.44508351461911,0.005050505050505051,-34.69949121759467,-13.540839014114876,-18.57858967341726,0.009259259259259259
145,control,27.833333333333332,25.833333333333332,-2.0,0.0,0.16666666666666666,0.16666666666666666,1500.0,40,ordinary_practice,-42.223074559848754,-14.199740701353605,-18.701586273145413,0.0,-40.417795414462084,-13.379298941798941,-20.282297178130513,0.006944444444444444
145,rating_only,27.833333333333332,25.5,-2.333333333333332,0.0,0.0,0.0,1500.0,40,rating_tier_board,-42.223074559848754,-14.199740701353605,-18.701586273145413,0.0,-42.165608819521864,-13.831002518683679,-21.69836037821545,0.0
145,rating_history,27.833333333333332,25.5,-2.333333333333332,0.0,0.0,0.0,1500.0,40,surface_management,-42.223074559848754,-14.199740701353605,-18.701586273145413,0.0,-39.748556835815826,-13.709823126207072,-23.443179321330973,0.0
146,control,27.166666666666668,25.5,-1.6666666666666679,0.0,0.0,0.0,1500.0,40,ordinary_practice,-39.50550234142188,-13.290837286383264,-18.201646141215107,0.0,-43.65229264997131,-13.834297156977067,-20.196877579728653,0.0
146,rating_only,27.166666666666668,27.166666666666668,0.0,0.0,0.3333333333333333,0.3333333333333333,1500.0,40,rating_tier_board,-39.50550234142188,-13.290837286383264,-18.201646141215107,0.0,-45.14660230886735,-13.795133723987679,-17.80748034207297,0.00980392156862745
146,rating_history,27.166666666666668,26.5,-0.6666666666666679,0.0,0.3333333333333333,0.3333333333333333,1500.0,40,surface_management,-39.50550234142188,-13.290837286383264,-18.201646141215107,0.0,-39.37523698523699,-13.08627233877234,-20.208395493395493,0.010101010101010102
147,control,28.833333333333332,27.5,-1.3333333333333321,0.0,0.16666666666666666,0.16666666666666666,1500.0,40,ordinary_practice,-38.63313706302212,-13.638902211028647,-17.98164043278986,0.0,-35.598802992585135,-13.10758708981009,-19.91075644612344,0.005555555555555556
147,rating_only,28.833333333333332,27.5,-1.3333333333333321,0.0,0.16666666666666666,0.16666666666666666,1500.0,40,rating_tier_board,-38.63313706302212,-13.638902211028647,-17.98164043278986,0.0,-35.598802992585135,-13.10758708981009,-19.91075644612344,0.005555555555555556
147,rating_history,28.833333333333332,29.166666666666668,0.3333333333333357,0.0,0.16666666666666666,0.16666666666666666,1500.0,40,surface_management,-38.63313706302212,-13.638902211028647,-17.98164043278986,0.0,-35.233720202537405,-12.874726915855948,-17.81742049268931,0.005555555555555556
148,control,27.666666666666668,26.833333333333332,-0.8333333333333357,0.3333333333333333,0.0,-0.3333333333333333,1500.0,40,ordinary_practice,-40.426887536623845,-14.150984899707009,-18.75024559887812,0.010649087221095335,-41.27872095698183,-13.943560693198375,-21.343516601487615,0.0
148,rating_only,27.666666666666668,26.0,-1.6666666666666679,0.3333333333333333,0.0,-0.3333333333333333,1500.0,40,rating_tier_board,-40.426887536623845,-14.150984899707009,-18.75024559887812,0.010649087221095335,-36.805763903762404,-13.444343423526332,-21.967248042645345,0.0
148,rating_history,27.666666666666668,26.5,-1.1666666666666679,0.3333333333333333,0.16666666666666666,-0.16666666666666666,1500.0,40,hole_management,-40.426887536623845,-14.150984899707009,-18.75024559887812,0.010649087221095335,-37.9257078306085,-13.347769493229576,-17.794904184812356,0.005208333333333333
149,control,27.333333333333332,26.333333333333332,-1.0,0.5,0.0,-0.5,1500.0,40,ordinary_practice,-40.443236714975846,-13.152027427146642,-17.14091631603553,0.016487455197132617,-35.94679413498379,-13.069523283230179,-17.8666732979664,0.0
149,rating_only,27.333333333333332,26.666666666666668,-0.6666666666666643,0.5,0.0,-0.5,1500.0,40,rating_tier_board,-40.443236714975846,-13.152027427146642,-17.14091631603553,0.016487455197132617,-35.75002652519894,-13.280185676392573,-20.20477453580902,0.0
149,rating_history,27.333333333333332,26.666666666666668,-0.6666666666666643,0.5,0.0,-0.5,1500.0,40,surface_management,-40.443236714975846,-13.152027427146642,-17.14091631603553,0.016487455197132617,-35.97993696171857,-13.21808543733831,-19.20564520090382,0.0
150,control,26.166666666666668,28.666666666666668,2.5,0.0,0.6666666666666666,0.6666666666666666,1500.0,40,ordinary_practice,-39.249507529507525,-13.403928232261565,-18.279058472391807,0.0,-36.14268575188115,-13.263292475936154,-20.373741520293244,0.02180051749017266
150,rating_only,26.166666666666668,26.166666666666668,0.0,0.0,0.16666666666666666,0.16666666666666666,1500.0,40,rating_tier_board,-39.249507529507525,-13.403928232261565,-18.279058472391807,0.0,-37.04922782198644,-12.65308323860048,-20.195962906824974,0.005952380952380952
150,rating_history,26.166666666666668,26.333333333333332,0.1666666666666643,0.0,0.0,0.0,1500.0,40,surface_management,-39.249507529507525,-13.403928232261565,-18.279058472391807,0.0,-35.56520286865114,-12.742901398303697,-19.259594590169304,0.0
151,control,26.333333333333332,24.666666666666668,-1.6666666666666643,0.16666666666666666,0.0,-0.16666666666666666,1500.0,40,ordinary_practice,-37.15229352916135,-13.693571732652192,-21.258163048105576,0.006172839506172839,-35.99641525141525,-13.464195804195803,-19.166002331002332,0.0
151,rating_only,26.333333333333332,25.333333333333332,-1.0,0.16666666666666666,0.16666666666666666,0.0,1500.0,40,rating_tier_board,-37.15229352916135,-13.693571732652192,-21.258163048105576,0.006172839506172839,-38.96910519099425,-12.918587091781745,-19.10454922111594,0.005747126436781609
151,rating_history,26.333333333333332,23.833333333333332,-2.5,0.16666666666666666,0.0,-0.16666666666666666,1500.0,40,surface_management,-37.15229352916135,-13.693571732652192,-21.258163048105576,0.006172839506172839,-36.77152236652237,-13.045497835497835,-20.12469696969697,0.0
152,control,28.5,27.0,-1.5,0.8333333333333334,0.0,-0.8333333333333334,1500.0,40,ordinary_practice,-42.77908300884137,-13.658424462465486,-17.03167199356277,0.02620967741935484,-36.9935656736732,-13.468848604601293,-19.825532929834004,0.0
152,rating_only,28.5,27.0,-1.5,0.8333333333333334,0.0,-0.8333333333333334,1500.0,40,rating_tier_board,-42.77908300884137,-13.658424462465486,-17.03167199356277,0.02620967741935484,-36.9935656736732,-13.468848604601293,-19.825532929834004,0.0
152,rating_history,28.5,27.166666666666668,-1.3333333333333321,0.8333333333333334,0.0,-0.8333333333333334,1500.0,40,hole_management,-42.77908300884137,-13.658424462465486,-17.03167199356277,0.02620967741935484,-35.675138309965895,-12.90843943412909,-18.634719590754074,0.0
153,control,25.833333333333332,27.833333333333332,2.0,0.0,0.3333333333333333,0.3333333333333333,1500.0,40,ordinary_practice,-37.274095928226366,-13.32946514837819,-20.12374396135266,0.0,-34.94735806699825,-12.991696413697913,-19.031576275354386,0.011302681992337164
153,rating_only,25.833333333333332,27.5,1.6666666666666679,0.0,0.16666666666666666,0.16666666666666666,1500.0,40,rating_tier_board,-37.274095928226366,-13.32946514837819,-20.12374396135266,0.0,-36.056235790071995,-13.19911595827544,-19.097434055408193,0.005208333333333333
153,rating_history,25.833333333333332,28.0,2.166666666666668,0.0,0.3333333333333333,0.3333333333333333,1500.0,40,surface_management,-37.274095928226366,-13.32946514837819,-20.12374396135266,0.0,-33.801122900088416,-12.64322428529325,-18.61687592101385,0.01215738284703802
154,control,27.0,23.5,-3.5,0.16666666666666666,0.0,-0.16666666666666666,1500.0,40,ordinary_practice,-37.40988223246288,-13.013906344551506,-18.228748700522893,0.005376344086021505,-41.595471508884934,-13.329940249173658,-22.03468118767127,0.0
154,rating_only,27.0,23.5,-3.5,0.16666666666666666,0.0,-0.16666666666666666,1500.0,40,rating_tier_board,-37.40988223246288,-13.013906344551506,-18.228748700522893,0.005376344086021505,-41.58669957906037,-13.250992880752605,-21.15748820521513,0.0
154,rating_history,27.0,27.0,0.0,0.16666666666666666,0.3333333333333333,0.16666666666666666,1500.0,40,surface_management,-37.40988223246288,-13.013906344551506,-18.228748700522893,0.005376344086021505,-43.240383233199324,-13.968441552062242,-17.826197408381315,0.011302681992337164
155,control,28.0,30.0,2.0,0.0,0.16666666666666666,0.16666666666666666,1500.0,40,ordinary_practice,-37.136002906838556,-13.671037709278115,-17.732869588003766,0.0,-33.6103571869979,-13.009541465826226,-16.56887282165369,0.005376344086021505
155,rating_only,28.0,30.0,2.0,0.0,0.6666666666666666,0.6666666666666666,1500.0,40,rating_tier_board,-37.136002906838556,-13.671037709278115,-17.732869588003766,0.0,-34.71193424125663,-12.458506866462756,-17.473172516630154,0.020556609740670462
155,rating_history,28.0,27.833333333333332,-0.16666666666666785,0.0,0.6666666666666666,0.6666666666666666,1500.0,40,hole_management,-37.136002906838556,-13.671037709278115,-17.732869588003766,0.0,-35.85088754163088,-12.82219621192272,-20.436762376629137,0.021755574174929012
156,control,25.333333333333332,25.5,0.16666666666666785,0.16666666666666666,0.0,-0.16666666666666666,1500.0,40,ordinary_practice,-37.824412145778965,-13.654656144150147,-23.15092879486183,0.007246376811594203,-44.5094712386379,-13.90336284086284,-20.432412494912494,0.0
156,rating_only,25.333333333333332,25.833333333333332,0.5,0.16666666666666666,0.0,-0.16666666666666666,1500.0,40,rating_tier_board,-37.824412145778965,-13.654656144150147,-23.15092879486183,0.007246376811594203,-38.78673076923077,-13.394786324786324,-19.225149572649574,0.0
156,rating_history,25.333333333333332,27.0,1.6666666666666679,0.16666666666666666,0.16666666666666666,0.0,1500.0,40,surface_management,-37.824412145778965,-13.654656144150147,-23.15092879486183,0.007246376811594203,-36.24119440634167,-13.247358707211442,-18.99985037169469,0.005376344086021505
157,control,25.833333333333332,27.333333333333332,1.5,0.16666666666666666,0.0,-0.16666666666666666,1500.0,40,ordinary_practice,-35.38071356843287,-13.600762006025164,-22.67425719180105,0.005555555555555556,-35.01177008177008,-13.45335436531515,-20.315004102651162,0.0
157,rating_only,25.833333333333332,27.333333333333332,1.5,0.16666666666666666,0.0,-0.16666666666666666,1500.0,40,rating_tier_board,-35.38071356843287,-13.600762006025164,-22.67425719180105,0.005555555555555556,-34.951364438031106,-13.49568240764319,-20.318531439511833,0.0
157,rating_history,25.833333333333332,27.333333333333332,1.5,0.16666666666666666,0.0,-0.16666666666666666,1500.0,40,surface_management,-35.38071356843287,-13.600762006025164,-22.67425719180105,0.005555555555555556,-34.951364438031106,-13.49568240764319,-20.318531439511833,0.0
158,control,27.333333333333332,25.5,-1.8333333333333321,0.16666666666666666,0.0,-0.16666666666666666,1500.0,40,ordinary_practice,-38.002698412698415,-12.656984126984128,-16.9484126984127,0.005555555555555556,-41.6497255770263,-13.363580582393988,-19.161319444444445,0.0
158,rating_only,27.333333333333332,23.666666666666668,-3.6666666666666643,0.16666666666666666,0.0,-0.16666666666666666,1500.0,40,rating_tier_board,-38.002698412698415,-12.656984126984128,-16.9484126984127,0.005555555555555556,-42.843998875982884,-12.690227697599012,-18.237605944502498,0.0
158,rating_history,27.333333333333332,26.0,-1.3333333333333321,0.16666666666666666,0.0,-0.16666666666666666,1500.0,40,hole_management,-38.002698412698415,-12.656984126984128,-16.9484126984127,0.005555555555555556,-40.1541360621959,-13.11559157100064,-19.167303170398075,0.0
159,control,28.0,27.833333333333332,-0.16666666666666785,0.5,0.16666666666666666,-0.33333333333333337,1500.0,40,ordinary_practice,-37.784400671433716,-13.402287813027757,-19.296192426400758,0.016826923076923076,-39.552789968652036,-13.609333468787492,-17.801619547970123,0.005050505050505051
159,rating_only,28.0,27.0,-1.0,0.5,0.0,-0.5,1500.0,40,rating_tier_board,-37.784400671433716,-13.402287813027757,-19.296192426400758,0.016826923076923076,-40.40091406677614,-13.578038374992397,-17.81298318433376,0.0
159,rating_history,28.0,27.0,-1.0,0.5,0.0,-0.5,1500.0,40,height_management,-37.784400671433716,-13.402287813027757,-19.296192426400758,0.016826923076923076,-40.52591406677614,-13.543316152770176,-17.56298318433376,0.0
160,control,29.833333333333332,26.333333333333332,-3.5,0.5,0.3333333333333333,-0.16666666666666669,1500.0,40,ordinary_practice,-38.51187851376024,-12.808065679839874,-16.010264446823587,0.015656565656565657,-42.651098901098905,-13.512612387612387,-19.654262404262404,0.012362637362637362
160,rating_only,29.833333333333332,27.166666666666668,-2.6666666666666643,0.5,0.6666666666666666,0.16666666666666663,1500.0,40,rating_tier_board,-38.51187851376024,-12.808065679839874,-16.010264446823587,0.015656565656565657,-41.05479906566863,-13.399348356957052,-17.32730264904178,0.023015873015873014
160,rating_history,29.833333333333332,26.333333333333332,-3.5,0.5,0.16666666666666666,-0.33333333333333337,1500.0,40,height_management,-38.51187851376024,-12.808065679839874,-16.010264446823587,0.015656565656565657,-46.696319339701695,-13.622656256234688,-17.008411840519685,0.004901960784313725
161,control,28.333333333333332,25.833333333333332,-2.5,0.16666666666666666,0.16666666666666666,0.0,1500.0,40,ordinary_practice,-35.19878545270375,-13.33311224092255,-18.866170913199312,0.005208333333333333,-41.74213734294379,-13.726643428256331,-22.74078341013825,0.005952380952380952
161,rating_only,28.333333333333332,28.666666666666668,0.3333333333333357,0.16666666666666666,0.16666666666666666,0.0,1500.0,40,rating_tier_board,-35.19878545270375,-13.33311224092255,-18.866170913199312,0.005208333333333333,-38.14043483398322,-13.697137539879476,-20.49443164362519,0.005952380952380952
161,rating_history,28.333333333333332,27.833333333333332,-0.5,0.16666666666666666,0.16666666666666666,0.0,1500.0,40,surface_management,-35.19878545270375,-13.33311224092255,-18.866170913199312,0.005208333333333333,-37.44891700994593,-13.778685026504826,-21.480569415752953,0.005952380952380952
162,control,28.833333333333332,27.333333333333332,-1.5,0.0,0.0,0.0,1500.0,40,ordinary_practice,-33.85027472527472,-12.991852974611595,-17.508031410562,0.0,-35.79600774704223,-13.40237421582249,-18.350269883373333,0.0
162,rating_only,28.833333333333332,27.333333333333332,-1.5,0.0,0.0,0.0,1500.0,40,rating_tier_board,-33.85027472527472,-12.991852974611595,-17.508031410562,0.0,-35.42100774704223,-13.366659930108206,-18.630031788135238,0.0
162,rating_history,28.833333333333332,27.333333333333332,-1.5,0.0,0.0,0.0,1500.0,40,hole_management,-33.85027472527472,-12.991852974611595,-17.508031410562,0.0,-35.79600774704223,-13.40237421582249,-18.350269883373333,0.0
163,control,28.0,26.5,-1.5,0.16666666666666666,0.0,-0.16666666666666666,1500.0,40,ordinary_practice,-35.827102808624545,-13.7904695680058,-20.310808045952975,0.005050505050505051,-39.47145061728395,-12.572530864197532,-15.19675925925926,0.0
163,rating_only,28.0,27.666666666666668,-0.33333333333333215,0.16666666666666666,0.0,-0.16666666666666666,1500.0,40,rating_tier_board,-35.827102808624545,-13.7904695680058,-20.310808045952975,0.005050505050505051,-35.313070774307334,-12.867277976901633,-16.70609375888946,0.0
163,rating_history,28.0,27.666666666666668,-0.33333333333333215,0.16666666666666666,0.0,-0.16666666666666666,1500.0,40,height_management,-35.827102808624545,-13.7904695680058,-20.310808045952975,0.005050505050505051,-37.90599838920195,-13.394800694300137,-17.43193393554906,0.0
164,control,29.166666666666668,27.833333333333332,-1.3333333333333357,0.6666666666666666,0.16666666666666666,-0.5,1500.0,40,ordinary_practice,-37.34015405491699,-13.438833014048532,-17.48274664750958,0.021527777777777778,-38.944807162618616,-14.021145968726614,-21.411007057767346,0.005747126436781609
164,rating_only,29.166666666666668,28.166666666666668,-1.0,0.6666666666666666,0.3333333333333333,-0.3333333333333333,1500.0,40,rating_tier_board,-37.34015405491699,-13.438833014048532,-17.48274664750958,0.021527777777777778,-40.85111521620142,-14.127846195949644,-21.164839901477833,0.011302681992337164
164,rating_history,29.166666666666668,31.166666666666668,2.0,0.6666666666666666,0.6666666666666666,0.0,1500.0,40,hole_management,-37.34015405491699,-13.438833014048532,-17.48274664750958,0.021527777777777778,-40.1943105324258,-13.94152977514699,-17.15694312022176,0.02124935995903738
165,control,27.0,28.333333333333332,1.3333333333333321,0.0,0.3333333333333333,0.3333333333333333,1500.0,40,ordinary_practice,-42.80994708994709,-13.37842151675485,-17.02121693121693,0.0,-36.39925925925926,-13.193209876543209,-19.386234567901234,0.009259259259259259
165,rating_only,27.0,25.666666666666668,-1.3333333333333321,0.0,0.0,0.0,1500.0,40,rating_tier_board,-42.80994708994709,-13.37842151675485,-17.02121693121693,0.0,-38.78291630538008,-13.044611668524713,-18.136974276394568,0.0
165,rating_history,27.0,25.666666666666668,-1.3333333333333321,0.0,0.0,0.0,1500.0,40,hole_management,-42.80994708994709,-13.37842151675485,-17.02121693121693,0.0,-38.78291630538008,-13.044611668524713,-18.136974276394568,0.0
166,control,27.333333333333332,27.833333333333332,0.5,0.16666666666666666,0.3333333333333333,0.16666666666666666,1500.0,40,ordinary_practice,-36.511223344556676,-13.167191067765781,-19.708409768179884,0.005555555555555556,-40.563844086021504,-13.829627054752194,-18.69263997033741,0.011123470522803115
166,rating_only,27.333333333333332,26.5,-0.8333333333333321,0.16666666666666666,0.16666666666666666,0.0,1500.0,40,rating_tier_board,-36.511223344556676,-13.167191067765781,-19.708409768179884,0.005555555555555556,-36.327431478833034,-13.339991289557474,-20.38185814926638,0.006666666666666667
166,rating_history,27.333333333333332,27.833333333333332,0.5,0.16666666666666666,0.3333333333333333,0.16666666666666666,1500.0,40,height_management,-36.511223344556676,-13.167191067765781,-19.708409768179884,0.005555555555555556,-37.52635367117602,-13.1504183456147,-17.653582250520074,0.011328725038402458
167,control,26.666666666666668,28.666666666666668,2.0,0.0,0.16666666666666666,0.16666666666666666,1500.0,40,ordinary_practice,-39.36812826518982,-13.632439679204603,-18.905463742782988,0.0,-34.32586161490827,-12.646246061053365,-17.267907089154555,0.004901960784313725
167,rating_only,26.666666666666668,28.0,1.3333333333333321,0.0,0.0,0.0,1500.0,40,rating_tier_board,-39.36812826518982,-13.632439679204603,-18.905463742782988,0.0,-35.820786058583614,-13.601245828698554,-20.28798665183537,0.0
167,rating_history,26.666666666666668,27.5,0.8333333333333321,0.0,0.0,0.0,1500.0,40,hole_management,-39.36812826518982,-13.632439679204603,-18.905463742782988,0.0,-35.593878168737916,-13.21776936852907,-20.807159610946428,0.0
168,control,27.0,27.166666666666668,0.16666666666666785,0.0,0.0,0.0,1500.0,40,ordinary_practice,-39.280719074986315,-13.30575362616311,-16.561108716475097,0.0,-38.87516280414987,-12.862040665273424,-17.108046443499028,0.0
168,rating_only,27.0,28.666666666666668,1.6666666666666679,0.0,0.16666666666666666,0.16666666666666666,1500.0,40,rating_tier_board,-39.280719074986315,-13.30575362616311,-16.561108716475097,0.0,-39.98228385290399,-13.408134513181787,-16.975799915385565,0.004629629629629629
168,rating_history,27.0,28.666666666666668,1.6666666666666679,0.0,0.0,0.0,1500.0,40,hole_management,-39.280719074986315,-13.30575362616311,-16.561108716475097,0.0,-37.888503352490424,-13.215193623426382,-18.41460488505747,0.0
169,control,24.833333333333332,28.833333333333332,4.0,0.0,0.3333333333333333,0.3333333333333333,1500.0,40,ordinary_practice,-44.87393622212463,-13.727089737959304,-20.050310471868443,0.0,-38.43265533132052,-13.743396395760133,-17.180483802304344,0.009523809523809523
169,rating_only,24.833333333333332,28.333333333333332,3.5,0.0,0.16666666666666666,0.16666666666666666,1500.0,40,rating_tier_board,-44.87393622212463,-13.727089737959304,-20.050310471868443,0.0,-36.80863913068214,-13.494672014564488,-17.517165898617513,0.006172839506172839
169,rating_history,24.833333333333332,28.333333333333332,3.5,0.0,0.16666666666666666,0.16666666666666666,1500.0,40,hole_management,-44.87393622212463,-13.727089737959304,-20.050310471868443,0.0,-36.80863913068214,-13.494672014564488,-17.517165898617513,0.006172839506172839
170,control,27.666666666666668,25.166666666666668,-2.5,0.0,0.0,0.0,1500.0,40,ordinary_practice,-34.52580643306099,-12.686703705558894,-16.832239068904276,0.0,-38.66057184370778,-13.408430830880857,-18.864409832120977,0.0
170,rating_only,27.666666666666668,28.333333333333332,0.6666666666666643,0.0,0.16666666666666666,0.16666666666666666,1500.0,40,rating_tier_board,-34.52580643306099,-12.686703705558894,-16.832239068904276,0.0,-33.580335097001765,-13.128896905563572,-20.102134840468175,0.005050505050505051
170,rating_history,27.666666666666668,26.166666666666668,-1.5,0.0,0.0,0.0,1500.0,40,height_management,-34.52580643306099,-12.686703705558894,-16.832239068904276,0.0,-37.05903680994261,-13.108576943721872,-19.16471249329039,0.0
171,control,26.333333333333332,27.666666666666668,1.3333333333333357,0.0,0.16666666666666666,0.16666666666666666,1500.0,40,ordinary_practice,-38.620381188628315,-12.910116942444528,-18.03197496947497,0.0,-36.90098392348392,-13.376005121421787,-18.09549179215846,0.005208333333333333
171,rating_only,26.333333333333332,27.0,0.6666666666666679,0.0,0.0,0.0,1500.0,40,rating_tier_board,-38.620381188628315,-12.910116942444528,-18.03197496947497,0.0,-39.779756683429845,-13.67476925872728,-19.624654164759114,0.0
171,rating_history,26.333333333333332,26.833333333333332,0.5,0.0,0.16666666666666666,0.16666666666666666,1500.0,40,height_management,-38.620381188628315,-12.910116942444528,-18.03197496947497,0.0,-37.13236467236467,-13.33340930674264,-21.539610636277303,0.006172839506172839
172,control,26.0,26.0,0.0,0.16666666666666666,0.0,-0.16666666666666666,1500.0,40,ordinary_practice,-43.115744738353435,-14.410656058916928,-20.266993006993008,0.005555555555555556,-39.702526591062586,-13.4268347673142,-19.36696666634658,0.0
172,rating_only,26.0,25.5,-0.5,0.16666666666666666,0.0,-0.16666666666666666,1500.0,40,rating_tier_board,-43.115744738353435,-14.410656058916928,-20.266993006993008,0.005555555555555556,-38.52306172793439,-13.57041641013203,-19.04944537729767,0.0
172,rating_history,26.0,26.5,0.5,0.16666666666666666,0.3333333333333333,0.16666666666666666,1500.0,40,hole_management,-43.115744738353435,-14.410656058916928,-20.266993006993008,0.005555555555555556,-36.09685537586146,-13.394205625341527,-20.227241436724196,0.00980392156862745
173,control,25.333333333333332,27.0,1.6666666666666679,0.0,0.16666666666666666,0.16666666666666666,1500.0,40,ordinary_practice,-37.85076354679803,-12.817528735632184,-16.538809523809523,0.0,-41.59626907483799,-13.464855986896522,-18.39099619985619,0.005208333333333333
173,rating_only,25.333333333333332,26.333333333333332,1.0,0.0,0.16666666666666666,0.16666666666666666,1500.0,40,rating_tier_board,-37.85076354679803,-12.817528735632184,-16.538809523809523,0.0,-40.99369804635921,-12.95231136235634,-17.04702642065211,0.005747126436781609
173,rating_history,25.333333333333332,26.833333333333332,1.5,0.0,0.16666666666666666,0.16666666666666666,1500.0,40,surface_management,-37.85076354679803,-12.817528735632184,-16.538809523809523,0.0,-43.41168986935104,-13.129796807945233,-15.603369849466802,0.005747126436781609
174,control,27.5,26.5,-1.0,0.3333333333333333,0.0,-0.3333333333333333,1500.0,40,ordinary_practice,-37.577390238916934,-13.12020787579742,-19.786965574284817,0.011302681992337164,-39.462625707625705,-13.504458874458875,-18.9946558996559,0.0
174,rating_only,27.5,27.333333333333332,-0.16666666666666785,0.3333333333333333,0.0,-0.3333333333333333,1500.0,40,rating_tier_board,-37.577390238916934,-13.12020787579742,-19.786965574284817,0.011302681992337164,-38.4165982484948,-13.26231527093596,-19.779187952320136,0.0
174,rating_history,27.5,26.5,-1.0,0.3333333333333333,0.0,-0.3333333333333333,1500.0,40,hole_management,-37.577390238916934,-13.12020787579742,-19.786965574284817,0.011302681992337164,-39.32626207126207,-13.481731601731601,-19.08556499056499,0.0
175,control,28.833333333333332,28.166666666666668,-0.6666666666666643,0.0,0.5,0.5,1500.0,40,ordinary_practice,-34.90606013957307,-13.162270799124247,-18.193715790914066,0.0,-37.46001221001221,-13.334609957943291,-19.370523673857008,0.014719848053181385
175,rating_only,28.833333333333332,26.5,-2.333333333333332,0.0,0.16666666666666666,0.16666666666666666,1500.0,40,rating_tier_board,-34.90606013957307,-13.162270799124247,-18.193715790914066,0.0,-42.78178461199295,-13.715748936047849,-19.846698249750787,0.006172839506172839
175,rating_history,28.833333333333332,26.666666666666668,-2.1666666666666643,0.0,0.3333333333333333,0.3333333333333333,1500.0,40,hole_management,-34.90606013957307,-13.162270799124247,-18.193715790914066,0.0,-42.86223945807279,-13.682131511805425,-19.64400915643669,0.01122334455667789
176,control,27.166666666666668,26.333333333333332,-0.8333333333333357,0.16666666666666666,0.0,-0.16666666666666666,1500.0,40,ordinary_practice,-39.94349206349206,-13.36884479717813,-17.082830687830686,0.005952380952380952,-39.67357659794441,-13.422439639968376,-19.90147737639117,0.0
176,rating_only,27.166666666666668,27.666666666666668,0.5,0.16666666666666666,0.16666666666666666,0.0,1500.0,40,rating_tier_board,-39.94349206349206,-13.36884479717813,-17.082830687830686,0.005952380952380952,-39.625008157551264,-13.356345522293799,-19.08890901962023,0.005208333333333333
176,rating_history,27.166666666666668,27.0,-0.16666666666666785,0.16666666666666666,0.16666666666666666,0.0,1500.0,40,surface_management,-39.94349206349206,-13.36884479717813,-17.082830687830686,0.005952380952380952,-37.26808389074694,-13.389289297658863,-19.438548169825346,0.005555555555555556
177,control,26.0,27.666666666666668,1.6666666666666679,0.3333333333333333,0.5,0.16666666666666669,1500.0,40,ordinary_practice,-38.12425929892197,-13.619373442649305,-20.574959211203588,0.011904761904761904,-37.57681299153055,-13.580376620757747,-21.714758341451855,0.015309343434343434
177,rating_only,26.0,28.166666666666668,2.166666666666668,0.3333333333333333,0.0,-0.3333333333333333,1500.0,40,rating_tier_board,-38.12425929892197,-13.619373442649305,-20.574959211203588,0.011904761904761904,-33.296929660169916,-13.501344235289762,-20.84643442167805,0.0
177,rating_history,26.0,29.0,3.0,0.3333333333333333,0.3333333333333333,0.0,1500.0,40,hole_management,-38.12425929892197,-13.619373442649305,-20.574959211203588,0.011904761904761904,-35.40867329562732,-13.250922885118287,-17.19434044882321,0.009523809523809523
178,control,27.333333333333332,28.333333333333332,1.0,0.16666666666666666,0.0,-0.16666666666666666,1500.0,40,ordinary_practice,-35.33315330430023,-12.788057042907118,-19.013138549772734,0.005747126436781609,-34.59065113500597,-13.851652727996814,-22.482612220515446,0.0
178,rating_only,27.333333333333332,27.166666666666668,-0.1666666666666643,0.16666666666666666,0.0,-0.16666666666666666,1500.0,40,rating_tier_board,-35.33315330430023,-12.788057042907118,-19.013138549772734,0.005747126436781609,-34.851067019400354,-13.330220458553791,-21.250352733686068,0.0
178,rating_history,27.333333333333332,27.166666666666668,-0.1666666666666643,0.16666666666666666,0.0,-0.16666666666666666,1500.0,40,hole_management,-35.33315330430023,-12.788057042907118,-19.013138549772734,0.005747126436781609,-34.851067019400354,-13.330220458553791,-21.250352733686068,0.0
179,control,29.5,28.666666666666668,-0.8333333333333321,0.16666666666666666,0.0,-0.16666666666666666,1500.0,40,ordinary_practice,-38.340274667860875,-13.764031945066428,-17.911475593372145,0.005952380952380952,-34.700863304357924,-13.188837198245801,-17.166765233969535,0.0
179,rating_only,29.5,28.166666666666668,-1.3333333333333321,0.16666666666666666,0.3333333333333333,0.16666666666666666,1500.0,40,rating_tier_board,-38.340274667860875,-13.764031945066428,-17.911475593372145,0.005952380952380952,-38.457631778265814,-13.151187559882406,-18.51000953893056,0.011123470522803115
179,rating_history,29.5,28.666666666666668,-0.8333333333333321,0.16666666666666666,0.0,-0.16666666666666666,1500.0,40,hole_management,-38.340274667860875,-13.764031945066428,-17.911475593372145,0.005952380952380952,-34.700863304357924,-13.188837198245801,-17.166765233969535,0.0
180,control,26.833333333333332,25.5,-1.3333333333333321,0.3333333333333333,0.0,-0.3333333333333333,1500.0,40,ordinary_practice,-39.42289292497626,-13.281180123888458,-19.885950854700855,0.010763888888888889,-33.92963272637186,-13.210241442668979,-21.841337895866882,0.0
180,rating_only,26.833333333333332,26.5,-0.33333333333333215,0.3333333333333333,0.0,-0.3333333333333333,1500.0,40,rating_tier_board,-39.42289292497626,-13.281180123888458,-19.885950854700855,0.010763888888888889,-38.28703703703704,-13.740062406729074,-22.57877153710487,0.0
180,rating_history,26.833333333333332,25.166666666666668,-1.6666666666666643,0.3333333333333333,0.0,-0.3333333333333333,1500.0,40,surface_management,-39.42289292497626,-13.281180123888458,-19.885950854700855,0.010763888888888889,-41.08407139023081,-13.895830752714811,-20.98162599611875,0.0
181,control,25.833333333333332,27.333333333333332,1.5,0.0,0.16666666666666666,0.16666666666666666,1500.0,40,ordinary_practice,-37.80358413191746,-13.131281187947854,-18.478570133570134,0.0,-37.12468270379561,-13.139897834145145,-18.947904068253532,0.005376344086021505
181,rating_only,25.833333333333332,27.5,1.6666666666666679,0.0,0.16666666666666666,0.16666666666666666,1500.0,40,rating_tier_board,-37.80358413191746,-13.131281187947854,-18.478570133570134,0.0,-37.73110111038803,-13.211886034623102,-17.900453756002545,0.005208333333333333
181,rating_history,25.833333333333332,26.666666666666668,0.8333333333333357,0.0,0.16666666666666666,0.16666666666666666,1500.0,40,surface_management,-37.80358413191746,-13.131281187947854,-18.478570133570134,0.0,-40.48604513765804,-13.894768403639372,-18.44792213163181,0.005952380952380952
182,control,28.333333333333332,27.5,-0.8333333333333321,0.16666666666666666,0.16666666666666666,0.0,1500.0,40,ordinary_practice,-31.41369114944827,-13.314989618213007,-20.183763965997848,0.0045045045045045045,-34.95963023779116,-13.415603904397008,-19.244190537006627,0.006172839506172839
182,rating_only,28.333333333333332,30.333333333333332,2.0,0.16666666666666666,0.5,0.33333333333333337,1500.0,40,rating_tier_board,-31.41369114944827,-13.314989618213007,-20.183763965997848,0.0045045045045045045,-35.34689789377289,-13.348428750368406,-18.926262315270936,0.014957264957264958
182,rating_history,28.333333333333332,30.333333333333332,2.0,0.16666666666666666,0.5,0.33333333333333337,1500.0,40,hole_management,-31.41369114944827,-13.314989618213007,-20.183763965997848,0.0045045045045045045,-35.72613660848955,-13.40432322354229,-18.858826687173543,0.014957264957264958
183,control,28.333333333333332,26.666666666666668,-1.6666666666666643,0.0,0.3333333333333333,0.3333333333333333,1500.0,40,ordinary_practice,-35.832574388209125,-13.20903511617847,-19.05447619268323,0.0,-42.559504868038104,-13.757415858615259,-18.1126189042231,0.011919965942954448
183,rating_only,28.333333333333332,28.666666666666668,0.3333333333333357,0.0,0.16666666666666666,0.16666666666666666,1500.0,40,rating_tier_board,-35.832574388209125,-13.20903511617847,-19.05447619268323,0.0,-37.82676827217057,-14.147217140033232,-21.745801080571194,0.006172839506172839
183,rating_history,28.333333333333332,28.333333333333332,0.0,0.0,0.5,0.5,1500.0,40,surface_management,-35.832574388209125,-13.20903511617847,-19.05447619268323,0.0,-39.93008259311205,-13.822780115318686,-20.52126071372916,0.016308243727598565
184,control,26.333333333333332,26.666666666666668,0.3333333333333357,0.0,0.16666666666666666,0.16666666666666666,1500.0,40,ordinary_practice,-38.64087158052675,-13.012810837523482,-17.18842864245163,0.0,-37.26362753147236,-12.87465410813112,-18.298012376087087,0.006666666666666667
184,rating_only,26.333333333333332,27.333333333333332,1.0,0.0,0.16666666666666666,0.16666666666666666,1500.0,40,rating_tier_board,-38.64087158052675,-13.012810837523482,-17.18842864245163,0.0,-36.460080656102164,-13.090116782858718,-19.093863921820912,0.006172839506172839
184,rating_history,26.333333333333332,27.833333333333332,1.5,0.0,0.16666666666666666,0.16666666666666666,1500.0,40,surface_management,-38.64087158052675,-13.012810837523482,-17.18842864245163,0.0,-37.76438656723603,-13.291448352523622,-16.932086314720724,0.005555555555555556
185,control,27.333333333333332,30.0,2.666666666666668,0.0,0.0,0.0,1500.0,40,ordinary_practice,-32.991584564860425,-12.746115953012506,-17.6135846911709,0.0,-32.078809899005954,-13.150399529018133,-17.985696684587815,0.0
185,rating_only,27.333333333333332,29.333333333333332,2.0,0.0,0.0,0.0,1500.0,40,rating_tier_board,-32.991584564860425,-12.746115953012506,-17.6135846911709,0.0,-34.162859342538155,-13.043034692917665,-16.883803781832842,0.0
185,rating_history,27.333333333333332,30.0,2.666666666666668,0.0,0.3333333333333333,0.3333333333333333,1500.0,40,height_management,-32.991584564860425,-12.746115953012506,-17.6135846911709,0.0,-34.33655693274714,-13.558665271818775,-18.3409490483253,0.010763888888888889
186,control,26.833333333333332,28.0,1.1666666666666679,0.3333333333333333,0.16666666666666666,-0.16666666666666666,1500.0,40,ordinary_practice,-36.41159762970108,-12.819059665324033,-19.1912913395672,0.01079763148728666,-37.64861152195969,-13.318012301010077,-16.320648604269294,0.005376344086021505
186,rating_only,26.833333333333332,26.833333333333332,0.0,0.3333333333333333,0.0,-0.3333333333333333,1500.0,40,rating_tier_board,-36.41159762970108,-12.819059665324033,-19.1912913395672,0.01079763148728666,-38.131190476190476,-12.645326617826617,-15.734838217338217,0.0
186,rating_history,26.833333333333332,26.5,-0.33333333333333215,0.3333333333333333,0.0,-0.3333333333333333,1500.0,40,surface_management,-36.41159762970108,-12.819059665324033,-19.1912913395672,0.01079763148728666,-39.80315628815629,-12.860375457875458,-16.207982295482296,0.0
187,control,28.5,27.166666666666668,-1.3333333333333321,0.0,0.0,0.0,1500.0,40,ordinary_practice,-36.5368342249766,-13.129638045800448,-18.922094567155746,0.0,-35.1595032051282,-13.569893162393162,-24.648108974358976,0.0
187,rating_only,28.5,29.666666666666668,1.1666666666666679,0.0,0.5,0.5,1500.0,40,rating_tier_board,-36.5368342249766,-13.129638045800448,-18.922094567155746,0.0,-37.508873996374,-13.700826334159668,-19.952450173283506,0.013383838383838385
187,rating_history,28.5,27.166666666666668,-1.3333333333333321,0.0,0.16666666666666666,0.16666666666666666,1500.0,40,surface_management,-36.5368342249766,-13.129638045800448,-18.922094567155746,0.0,-38.437112077737076,-13.494261718220052,-18.680375373083706,0.005208333333333333
188,control,26.0,29.333333333333332,3.333333333333332,0.0,0.16666666666666666,0.16666666666666666,1500.0,40,ordinary_practice,-36.16622901086919,-13.86003551670718,-22.379155077805752,0.0,-32.90277668930686,-13.344386444494203,-19.06384270662288,0.005208333333333333
188,rating_only,26.0,29.333333333333332,3.333333333333332,0.0,0.3333333333333333,0.3333333333333333,1500.0,40,rating_tier_board,-36.16622901086919,-13.86003551670718,-22.379155077805752,0.0,-35.61995418374729,-13.909632716421509,-20.088762793719688,0.010258838383838384
188,rating_history,26.0,29.333333333333332,3.333333333333332,0.0,0.3333333333333333,0.3333333333333333,1500.0,40,hole_management,-36.16622901086919,-13.86003551670718,-22.379155077805752,0.0,-35.61995418374729,-13.909632716421509,-20.088762793719688,0.010258838383838384
189,control,25.833333333333332,25.666666666666668,-0.1666666666666643,0.0,0.0,0.0,1500.0,40,ordinary_practice,-40.00346915217605,-12.808564378779272,-16.55363940180907,0.0,-37.74123531640773,-13.415249837433745,-18.88430054407066,0.0
189,rating_only,25.833333333333332,25.5,-0.33333333333333215,0.0,0.0,0.0,1500.0,40,rating_tier_board,-40.00346915217605,-12.808564378779272,-16.55363940180907,0.0,-40.992740018602085,-13.74137739654981,-19.69003219003219,0.0
189,rating_history,25.833333333333332,25.333333333333332,-0.5,0.0,0.0,0.0,1500.0,40,height_management,-40.00346915217605,-12.808564378779272,-16.55363940180907,0.0,-36.482179487179486,-13.32894993894994,-20.011550671550673,0.0
190,control,25.833333333333332,26.833333333333332,1.0,0.5,0.0,-0.5,1500.0,40,ordinary_practice,-42.02606445600397,-14.119773241245015,-17.76385155316607,0.016537058371735792,-39.17848144405615,-12.927707581902984,-17.960056816321185,0.0
190,rating_only,25.833333333333332,26.5,0.6666666666666679,0.5,0.0,-0.5,1500.0,40,rating_tier_board,-42.02606445600397,-14.119773241245015,-17.76385155316607,0.016537058371735792,-39.79020155164583,-12.954673233183977,-17.50787862479017,0.0
190,rating_history,25.833333333333332,26.5,0.6666666666666679,0.5,0.0,-0.5,1500.0,40,hole_management,-42.02606445600397,-14.119773241245015,-17.76385155316607,0.016537058371735792,-39.79020155164583,-12.954673233183977,-17.50787862479017,0.0
191,control,27.833333333333332,26.0,-1.8333333333333321,0.0,0.16666666666666666,0.16666666666666666,1500.0,40,ordinary_practice,-34.56593915343915,-12.61137566137566,-17.228725749559082,0.0,-39.64023172546723,-13.58707397038013,-21.47933379690626,0.006666666666666667
191,rating_only,27.833333333333332,25.333333333333332,-2.5,0.0,0.0,0.0,1500.0,40,rating_tier_board,-34.56593915343915,-12.61137566137566,-17.228725749559082,0.0,-38.254517439752945,-13.455962859269018,-22.06980998738245,0.0
191,rating_history,27.833333333333332,25.333333333333332,-2.5,0.0,0.0,0.0,1500.0,40,hole_management,-34.56593915343915,-12.61137566137566,-17.228725749559082,0.0,-38.254517439752945,-13.455962859269018,-22.06980998738245,0.0
192,control,29.166666666666668,27.666666666666668,-1.5,0.16666666666666666,0.3333333333333333,0.16666666666666666,1500.0,40,ordinary_practice,-35.43349467204097,-12.94333014501257,-16.00010332756787,0.005376344086021505,-41.123308042948224,-13.525773274978672,-17.746221266471142,0.011494252873563218
192,rating_only,29.166666666666668,27.666666666666668,-1.5,0.16666666666666666,0.0,-0.16666666666666666,1500.0,40,rating_tier_board,-35.43349467204097,-12.94333014501257,-16.00010332756787,0.005376344086021505,-38.03613994907817,-13.144494956937486,-17.0508336812719,0.0
192,rating_history,29.166666666666668,27.666666666666668,-1.5,0.16666666666666666,0.0,-0.16666666666666666,1500.0,40,hole_management,-35.43349467204097,-12.94333014501257,-16.00010332756787,0.005376344086021505,-38.03613994907817,-13.144494956937486,-17.0508336812719,0.0
193,control,24.833333333333332,28.5,3.666666666666668,0.16666666666666666,0.0,-0.16666666666666666,1500.0,40,ordinary_practice,-38.15604330993012,-13.6958793709206,-21.938837498500167,0.006410256410256411,-33.31136898037042,-12.960488359554452,-20.00725532316768,0.0
193,rating_only,24.833333333333332,27.833333333333332,3.0,0.16666666666666666,0.0,-0.16666666666666666,1500.0,40,rating_tier_board,-38.15604330993012,-13.6958793709206,-21.938837498500167,0.006410256410256411,-34.92223417418078,-13.621802681313248,-20.531614373452527,0.0
193,rating_history,24.833333333333332,27.0,2.166666666666668,0.16666666666666666,0.0,-0.16666666666666666,1500.0,40,height_management,-38.15604330993012,-13.6958793709206,-21.938837498500167,0.006410256410256411,-33.917453567937436,-13.066533615727163,-21.114569439918903,0.0
194,control,25.833333333333332,25.333333333333332,-0.5,0.0,0.0,0.0,1500.0,40,ordinary_practice,-39.368380610264666,-14.066316528345514,-22.378966100995086,0.0,-38.087514029180696,-13.517758136924805,-21.347558922558925,0.0
194,rating_only,25.833333333333332,25.333333333333332,-0.5,0.0,0.16666666666666666,0.16666666666666666,1500.0,40,rating_tier_board,-39.368380610264666,-14.066316528345514,-22.378966100995086,0.0,-38.214878701545366,-13.317259777259778,-19.533918673918674,0.006172839506172839
194,rating_history,25.833333333333332,27.333333333333332,1.5,0.0,0.0,0.0,1500.0,40,hole_management,-39.368380610264666,-14.066316528345514,-22.378966100995086,0.0,-38.217241730172766,-13.54314789084904,-19.657674062846475,0.0
195,control,28.666666666666668,26.333333333333332,-2.3333333333333357,0.0,0.0,0.0,1500.0,40,ordinary_practice,-33.77627774661516,-12.589088329651918,-15.413210468104795,0.0,-39.33855500821018,-13.580088335461898,-17.362224502827953,0.0
195,rating_only,28.666666666666668,25.666666666666668,-3.0,0.0,0.0,0.0,1500.0,40,rating_tier_board,-33.77627774661516,-12.589088329651918,-15.413210468104795,0.0,-40.75605806071323,-13.55952328323018,-18.637208222811672,0.0
195,rating_history,28.666666666666668,27.0,-1.6666666666666679,0.0,0.0,0.0,1500.0,40,surface_management,-33.77627774661516,-12.589088329651918,-15.413210468104795,0.0,-41.240077160493826,-13.623486323967645,-17.45833226905066,0.0
196,control,25.0,26.5,1.5,0.0,0.0,0.0,1500.0,40,ordinary_practice,-34.82642857142857,-12.902619047619048,-20.646587301587303,0.0,-33.819579694661215,-12.675008387010198,-21.650038038317025,0.0
196,rating_only,25.0,27.166666666666668,2.166666666666668,0.0,0.0,0.0,1500.0,40,rating_tier_board,-34.82642857142857,-12.902619047619048,-20.646587301587303,0.0,-35.60864615959725,-13.15693358741366,-20.418986089728843,0.0
196,rating_history,25.0,28.666666666666668,3.666666666666668,0.0,0.16666666666666666,0.16666666666666666,1500.0,40,hole_management,-34.82642857142857,-12.902619047619048,-20.646587301587303,0.0,-35.89270133053221,-13.054613095238095,-16.6543662464986,0.004901960784313725
197,control,27.666666666666668,26.0,-1.6666666666666679,0.16666666666666666,0.16666666666666666,0.0,1500.0,40,ordinary_practice,-42.47852254174093,-13.507693243325427,-17.278173082770785,0.005747126436781609,-39.173280423280424,-13.361413740580407,-19.10074074074074,0.005952380952380952
197,rating_only,27.666666666666668,26.0,-1.6666666666666679,0.16666666666666666,0.16666666666666666,0.0,1500.0,40,rating_tier_board,-42.47852254174093,-13.507693243325427,-17.278173082770785,0.005747126436781609,-39.173280423280424,-13.361413740580407,-18.9279012345679,0.005952380952380952
197,rating_history,27.666666666666668,26.666666666666668,-1.0,0.16666666666666666,0.3333333333333333,0.16666666666666666,1500.0,40,height_management,-42.47852254174093,-13.507693243325427,-17.278173082770785,0.005747126436781609,-42.24230887201902,-14.072629029400643,-18.312177218269174,0.011494252873563218
198,control,28.666666666666668,25.833333333333332,-2.8333333333333357,0.0,0.0,0.0,1500.0,40,ordinary_practice,-38.275789403294475,-13.868271478352614,-20.09248022993459,0.0,-34.52184423813734,-13.243122605363984,-20.461041850869435,0.0
198,rating_only,28.666666666666668,27.666666666666668,-1.0,0.0,0.0,0.0,1500.0,40,rating_tier_board,-38.275789403294475,-13.868271478352614,-20.09248022993459,0.0,-39.33218280282936,-13.911723769525494,-20.128242889773063,0.0
198,rating_history,28.666666666666668,27.666666666666668,-1.0,0.0,0.0,0.0,1500.0,40,hole_management,-38.275789403294475,-13.868271478352614,-20.09248022993459,0.0,-39.33218280282936,-13.911723769525494,-20.128242889773063,0.0
199,control,30.166666666666668,27.833333333333332,-2.3333333333333357,0.6666666666666666,0.3333333333333333,-0.3333333333333333,1500.0,40,ordinary_practice,-38.59815607681699,-13.866923802532286,-16.715223286083432,0.01991421568627451,-36.82761773197929,-12.84230620981965,-18.479976425157876,0.01075268817204301
199,rating_only,30.166666666666668,26.5,-3.666666666666668,0.6666666666666666,0.16666666666666666,-0.5,1500.0,40,rating_tier_board,-38.59815607681699,-13.866923802532286,-16.715223286083432,0.01991421568627451,-37.04845463178797,-13.097693972693973,-19.931815098481763,0.006172839506172839
199,rating_history,30.166666666666668,27.833333333333332,-2.3333333333333357,0.6666666666666666,0.0,-0.6666666666666666,1500.0,40,hole_management,-38.59815607681699,-13.866923802532286,-16.715223286083432,0.01991421568627451,-34.52116071809124,-12.914117437741211,-19.889106323837797,0.0
200,control,28.166666666666668,27.666666666666668,-0.5,0.0,0.0,0.0,1500.0,40,ordinary_practice,-37.34345104122876,-12.940005514199063,-16.99276346111477,0.0,-37.50637342043264,-13.135274594845434,-17.182136877989578,0.0
200,rating_only,28.166666666666668,27.666666666666668,-0.5,0.0,0.0,0.0,1500.0,40,rating_tier_board,-37.34345104122876,-12.940005514199063,-16.99276346111477,0.0,-37.50637342043264,-13.135274594845434,-17.182136877989578,0.0
200,rating_history,28.166666666666668,28.0,-0.16666666666666785,0.0,0.0,0.0,1500.0,40,surface_management,-37.34345104122876,-12.940005514199063,-16.99276346111477,0.0,-39.12456588669951,-13.237747331691297,-16.553821154898742,0.0
201,control,28.666666666666668,26.166666666666668,-2.5,0.0,0.0,0.0,1500.0,40,ordinary_practice,-35.473672307364836,-13.456234035759898,-20.773572530864197,0.0,-42.257138265883896,-13.531225548841741,-18.515204939617732,0.0
201,rating_only,28.666666666666668,27.833333333333332,-0.8333333333333357,0.0,0.0,0.0,1500.0,40,rating_tier_board,-35.473672307364836,-13.456234035759898,-20.773572530864197,0.0,-36.524758489701014,-13.436634246979075,-18.171357697219765,0.0
201,rating_history,28.666666666666668,25.5,-3.166666666666668,0.0,0.0,0.0,1500.0,40,surface_management,-35.473672307364836,-13.456234035759898,-20.773572530864197,0.0,-38.51559670825038,-13.100912992092402,-20.778904415960888,0.0
202,control,27.666666666666668,27.666666666666668,0.0,0.3333333333333333,0.0,-0.3333333333333333,1500.0,40,ordinary_practice,-38.434369556293284,-13.120958493967303,-17.3733908045977,0.010416666666666666,-38.99991516146689,-13.374732713008575,-18.09265553731071,0.0
202,rating_only,27.666666666666668,27.5,-0.16666666666666785,0.3333333333333333,0.0,-0.3333333333333333,1500.0,40,rating_tier_board,-38.434369556293284,-13.120958493967303,-17.3733908045977,0.010416666666666666,-37.76000683648618,-13.225199120869673,-17.356204776942473,0.0
202,rating_history,27.666666666666668,29.333333333333332,1.6666666666666643,0.3333333333333333,0.0,-0.3333333333333333,1500.0,40,hole_management,-38.434369556293284,-13.120958493967303,-17.3733908045977,0.010416666666666666,-34.27480158730159,-12.880059523809525,-17.912152777777777,0.0
203,control,26.166666666666668,26.333333333333332,0.1666666666666643,0.0,0.0,0.0,1500.0,40,ordinary_practice,-36.10203431833867,-13.438232392942538,-19.92338289729594,0.0,-39.06517094017094,-13.873990978157645,-20.21806742640076,0.0
203,rating_only,26.166666666666668,28.5,2.333333333333332,0.0,0.0,0.0,1500.0,40,rating_tier_board,-36.10203431833867,-13.438232392942538,-19.92338289729594,0.0,-36.3201804368471,-13.527312134301381,-19.862236926753056,0.0
203,rating_history,26.166666666666668,28.333333333333332,2.1666666666666643,0.0,0.16666666666666666,0.16666666666666666,1500.0,40,height_management,-36.10203431833867,-13.438232392942538,-19.92338289729594,0.0,-33.80554458250537,-13.636922518295068,-19.723953570032002,0.004901960784313725
204,control,28.166666666666668,27.833333333333332,-0.3333333333333357,0.0,0.16666666666666666,0.16666666666666666,1500.0,40,ordinary_practice,-38.76025641025641,-13.973809523809525,-19.73360805860806,0.0,-38.0006081615277,-13.56920878185246,-19.915663200145957,0.005952380952380952
204,rating_only,28.166666666666668,26.833333333333332,-1.3333333333333357,0.0,0.16666666666666666,0.16666666666666666,1500.0,40,rating_tier_board,-38.76025641025641,-13.973809523809525,-19.73360805860806,0.0,-37.12772961606295,-13.20423483923484,-19.388279744946413,0.005952380952380952
204,rating_history,28.166666666666668,27.666666666666668,-0.5,0.0,0.16666666666666666,0.16666666666666666,1500.0,40,hole_management,-38.76025641025641,-13.973809523809525,-19.73360805860806,0.0,-38.77138447971781,-13.612654320987655,-19.857142857142858,0.005952380952380952
205,control,26.666666666666668,27.0,0.33333333333333215,0.0,0.6666666666666666,0.6666666666666666,1500.0,40,ordinary_practice,-35.75291464807594,-13.010138248847927,-17.65580566387018,0.0,-44.54055008210181,-14.250615763546797,-21.109252873563218,0.023921729611384782
205,rating_only,26.666666666666668,27.0,0.33333333333333215,0.0,0.6666666666666666,0.6666666666666666,1500.0,40,rating_tier_board,-35.75291464807594,-13.010138248847927,-17.65580566387018,0.0,-44.54055008210181,-14.250615763546797,-21.109252873563218,0.023921729611384782
205,rating_history,26.666666666666668,28.5,1.8333333333333321,0.0,0.16666666666666666,0.16666666666666666,1500.0,40,height_management,-35.75291464807594,-13.010138248847927,-17.65580566387018,0.0,-34.502417359141496,-13.460350688051838,-18.516076971134442,0.005747126436781609
206,control,26.833333333333332,26.5,-0.33333333333333215,0.16666666666666666,0.0,-0.16666666666666666,1500.0,40,ordinary_practice,-35.31638982159816,-12.740032729616063,-17.162535188576854,0.005208333333333333,-39.271934807423314,-13.448069648529419,-21.200952334170726,0.0
206,rating_only,26.833333333333332,28.166666666666668,1.3333333333333357,0.16666666666666666,0.0,-0.16666666666666666,1500.0,40,rating_tier_board,-35.31638982159816,-12.740032729616063,-17.162535188576854,0.005208333333333333,-36.00145043626226,-13.08828880199848,-17.71144916911046,0.0
206,rating_history,26.833333333333332,28.666666666666668,1.8333333333333357,0.16666666666666666,0.5,0.33333333333333337,1500.0,40,hole_management,-35.31638982159816,-12.740032729616063,-17.162535188576854,0.005208333333333333,-38.34712301587302,-13.323256257631257,-19.31676968864469,0.01597222222222222
207,control,28.333333333333332,28.333333333333332,0.0,0.3333333333333333,0.16666666666666666,-0.16666666666666666,1500.0,40,ordinary_practice,-39.57563365753021,-14.293180638008224,-21.117856207224023,0.011728395061728394,-36.46996163310008,-13.309290016783295,-18.33467030778859,0.005208333333333333
207,rating_only,28.333333333333332,27.166666666666668,-1.1666666666666643,0.3333333333333333,0.0,-0.3333333333333333,1500.0,40,rating_tier_board,-39.57563365753021,-14.293180638008224,-21.117856207224023,0.011728395061728394,-34.48350970017637,-12.614197530864198,-18.526565255731924,0.0
207,rating_history,28.333333333333332,27.833333333333332,-0.5,0.3333333333333333,0.16666666666666666,-0.16666666666666666,1500.0,40,surface_management,-39.57563365753021,-14.293180638008224,-21.117856207224023,0.011728395061728394,-36.19036951698242,-12.69100955794504,-17.664234511008704,0.005376344086021505
208,control,28.5,29.666666666666668,1.1666666666666679,0.3333333333333333,0.16666666666666666,-0.16666666666666666,1500.0,40,ordinary_practice,-38.546292672844395,-13.760384825902067,-18.495984762364074,0.01079763148728666,-32.18232398137849,-13.56151965833093,-20.82916889822711,0.005555555555555556
208,rating_only,28.5,27.5,-1.0,0.3333333333333333,0.3333333333333333,0.0,1500.0,40,rating_tier_board,-38.546292672844395,-13.760384825902067,-18.495984762364074,0.01079763148728666,-38.08138447971781,-13.156807760141094,-20.68994708994709,0.011728395061728394
208,rating_history,28.5,25.333333333333332,-3.166666666666668,0.3333333333333333,0.0,-0.3333333333333333,1500.0,40,hole_management,-38.546292672844395,-13.760384825902067,-18.495984762364074,0.01079763148728666,-36.10547183673121,-13.830722103335797,-24.56379502556414,0.0
209,control,26.833333333333332,26.5,-0.33333333333333215,0.16666666666666666,0.0,-0.16666666666666666,1500.0,40,ordinary_practice,-40.5904356658667,-13.63079186139531,-17.584922740095152,0.005747126436781609,-39.08849462173675,-13.485172056828727,-19.44988065491064,0.0
209,rating_only,26.833333333333332,26.5,-0.33333333333333215,0.16666666666666666,0.0,-0.16666666666666666,1500.0,40,rating_tier_board,-40.5904356658667,-13.63079186139531,-17.584922740095152,0.005747126436781609,-40.03576263150476,-13.220871743615373,-18.4745196632453,0.0
209,rating_history,26.833333333333332,27.0,0.16666666666666785,0.16666666666666666,0.16666666666666666,0.0,1500.0,40,hole_management,-40.5904356658667,-13.63079186139531,-17.584922740095152,0.005747126436781609,-38.85158148604269,-13.439747536945813,-19.67338088396278,0.005208333333333333
210,control,28.166666666666668,28.833333333333332,0.6666666666666643,0.16666666666666666,0.0,-0.16666666666666666,1500.0,40,ordinary_practice,-37.12201213005811,-13.188751223233982,-16.723252226700502,0.006172839506172839,-38.13163703048761,-13.022809406430095,-15.461842712417425,0.0
210,rating_only,28.166666666666668,30.0,1.8333333333333321,0.16666666666666666,0.16666666666666666,0.0,1500.0,40,rating_tier_board,-37.12201213005811,-13.188751223233982,-16.723252226700502,0.006172839506172839,-37.60061728395062,-13.168386243386244,-16.032451499118167,0.0047619047619047615
210,rating_history,28.166666666666668,28.833333333333332,0.6666666666666643,0.16666666666666666,0.3333333333333333,0.16666666666666666,1500.0,40,surface_management,-37.12201213005811,-13.188751223233982,-16.723252226700502,0.006172839506172839,-37.19221161927777,-13.058844798172009,-17.385184887888222,0.010606060606060607
211,control,27.5,27.833333333333332,0.33333333333333215,0.0,0.16666666666666666,0.16666666666666666,1500.0,40,ordinary_practice,-37.457324560867384,-13.45424867679595,-19.504758278429023,0.0,-36.28032597457885,-13.122631210849601,-17.79322964179286,0.005952380952380952
211,rating_only,27.5,28.5,1.0,0.0,0.16666666666666666,0.16666666666666666,1500.0,40,rating_tier_board,-37.457324560867384,-13.45424867679595,-19.504758278429023,0.0,-38.5364569789012,-13.497845911131915,-16.720050796622804,0.004901960784313725
211,rating_history,27.5,28.333333333333332,0.8333333333333321,0.0,0.16666666666666666,0.16666666666666666,1500.0,40,hole_management,-37.457324560867384,-13.45424867679595,-19.504758278429023,0.0,-38.74004895700298,-13.288975551906587,-17.40828163960348,0.005747126436781609
212,control,26.166666666666668,27.166666666666668,1.0,0.16666666666666666,0.16666666666666666,0.0,1500.0,40,ordinary_practice,-40.021388888888886,-13.957252415458937,-20.324233091787438,0.005208333333333333,-34.01805753743091,-13.33287789525461,-21.527530489669903,0.005376344086021505
212,rating_only,26.166666666666668,27.833333333333332,1.6666666666666643,0.16666666666666666,0.0,-0.16666666666666666,1500.0,40,rating_tier_board,-40.021388888888886,-13.957252415458937,-20.324233091787438,0.005208333333333333,-36.08467128869428,-13.21294775892477,-18.592341725962417,0.0
212,rating_history,26.166666666666668,27.333333333333332,1.1666666666666643,0.16666666666666666,0.0,-0.16666666666666666,1500.0,40,hole_management,-40.021388888888886,-13.957252415458937,-20.324233091787438,0.005208333333333333,-36.413493700850026,-13.42467334708714,-20.4059975252504,0.0
213,control,29.5,27.833333333333332,-1.6666666666666679,0.0,0.3333333333333333,0.3333333333333333,1500.0,40,ordinary_practice,-33.767797467007235,-13.020796083439762,-18.221272349936143,0.0,-39.37524917064559,-14.427491452806002,-20.599313345793046,0.010649087221095335
213,rating_only,29.5,28.0,-1.5,0.0,0.16666666666666666,0.16666666666666666,1500.0,40,rating_tier_board,-33.767797467007235,-13.020796083439762,-18.221272349936143,0.0,-39.47754878534448,-13.8781575354156,-18.811230585424134,0.005376344086021505
213,rating_history,29.5,27.333333333333332,-2.166666666666668,0.0,0.0,0.0,1500.0,40,surface_management,-33.767797467007235,-13.020796083439762,-18.221272349936143,0.0,-37.305250305250304,-13.649640482973815,-20.22454551621218,0.0
214,control,26.0,28.166666666666668,2.166666666666668,0.0,0.16666666666666666,0.16666666666666666,1500.0,40,ordinary_practice,-39.366115578759256,-13.112036218358057,-17.054070237978284,0.0,-35.92347258327097,-12.943536844477705,-18.197620439844904,0.005208333333333333
214,rating_only,26.0,26.666666666666668,0.6666666666666679,0.0,0.0,0.0,1500.0,40,rating_tier_board,-39.366115578759256,-13.112036218358057,-17.054070237978284,0.0,-38.681907194550874,-13.140519369944657,-17.48345679012346,0.0
214,rating_history,26.0,26.333333333333332,0.33333333333333215,0.0,0.16666666666666666,0.16666666666666666,1500.0,40,surface_management,-39.366115578759256,-13.112036218358057,-17.054070237978284,0.0,-44.155457406589655,-13.797193597465336,-19.423687708560898,0.006410256410256411
215,control,27.333333333333332,27.666666666666668,0.3333333333333357,0.16666666666666666,0.0,-0.16666666666666666,1500.0,40,ordinary_practice,-33.83788744317109,-13.347687302192307,-20.112631639772907,0.0047619047619047615,-36.17016441412993,-13.28503273546377,-19.919540229885058,0.0
215,rating_only,27.333333333333332,28.5,1.1666666666666679,0.16666666666666666,0.3333333333333333,0.16666666666666666,1500.0,40,rating_tier_board,-33.83788744317109,-13.347687302192307,-20.112631639772907,0.0047619047619047615,-37.46337556585054,-13.173952947312236,-18.3986195487864,0.01075268817204301
215,rating_history,27.333333333333332,28.5,1.1666666666666679,0.16666666666666666,0.3333333333333333,0.16666666666666666,1500.0,40,surface_management,-33.83788744317109,-13.347687302192307,-20.112631639772907,0.0047619047619047615,-37.46337556585054,-13.173952947312236,-18.3986195487864,0.01075268817204301
216,control,27.833333333333332,28.5,0.6666666666666679,0.6666666666666666,0.3333333333333333,-0.3333333333333333,1500.0,40,ordinary_practice,-37.11901612648739,-13.31221038433682,-19.495007365984378,0.022666414045724392,-33.40944559722187,-13.696285770423701,-21.740552639772385,0.009523809523809523
216,rating_only,27.833333333333332,26.166666666666668,-1.6666666666666643,0.6666666666666666,0.16666666666666666,-0.5,1500.0,40,rating_tier_board,-37.11901612648739,-13.31221038433682,-19.495007365984378,0.022666414045724392,-39.19219114219114,-13.593659673659674,-19.28675213675214,0.005050505050505051
216,rating_history,27.833333333333332,28.0,0.16666666666666785,0.6666666666666666,0.16666666666666666,-0.5,1500.0,40,hole_management,-37.11901612648739,-13.31221038433682,-19.495007365984378,0.022666414045724392,-32.90031665864999,-13.903655603655604,-21.810555555555556,0.005050505050505051
217,control,27.833333333333332,25.166666666666668,-2.6666666666666643,0.16666666666666666,0.0,-0.16666666666666666,1500.0,40,ordinary_practice,-40.60675044091711,-13.717936507936509,-18.355665784832453,0.0047619047619047615,-38.47184991679245,-13.178126802954388,-22.482854956877944,0.0
217,rating_only,27.833333333333332,25.5,-2.333333333333332,0.16666666666666666,0.0,-0.16666666666666666,1500.0,40,rating_tier_board,-40.60675044091711,-13.717936507936509,-18.355665784832453,0.0047619047619047615,-39.32328904991949,-13.68652576489533,-22.767238325281802,0.0
217,rating_history,27.833333333333332,25.5,-2.333333333333332,0.16666666666666666,0.3333333333333333,0.16666666666666666,1500.0,40,height_management,-40.60675044091711,-13.717936507936509,-18.355665784832453,0.0047619047619047615,-39.31002331002331,-13.048700466200465,-19.9089763014763,0.011965811965811967
218,control,28.333333333333332,27.833333333333332,-0.5,0.5,0.0,-0.5,1500.0,40,ordinary_practice,-42.977141150366954,-14.242447516641064,-19.194715821812597,0.014900153609831029,-39.22396049772306,-13.899869379079874,-19.281270561702424,0.0
218,rating_only,28.333333333333332,24.833333333333332,-3.5,0.5,0.0,-0.5,1500.0,40,rating_tier_board,-42.977141150366954,-14.242447516641064,-19.194715821812597,0.014900153609831029,-33.68267759525626,-12.910427109440267,-21.063538601939634,0.0
218,rating_history,28.333333333333332,24.833333333333332,-3.5,0.5,0.0,-0.5,1500.0,40,height_management,-42.977141150366954,-14.242447516641064,-19.194715821812597,0.014900153609831029,-33.68267759525626,-12.910427109440267,-21.063538601939634,0.0
219,control,26.666666666666668,28.666666666666668,2.0,0.0,0.16666666666666666,0.16666666666666666,1500.0,40,ordinary_practice,-38.70902941144877,-13.150341862438637,-17.82413183590603,0.0,-38.95140485312899,-13.545040442741591,-18.584206045125587,0.005555555555555556
219,rating_only,26.666666666666668,28.666666666666668,2.0,0.0,0.16666666666666666,0.16666666666666666,1500.0,40,rating_tier_board,-38.70902941144877,-13.150341862438637,-17.82413183590603,0.0,-38.95140485312899,-13.545040442741591,-18.584206045125587,0.005555555555555556
219,rating_history,26.666666666666668,28.0,1.3333333333333321,0.0,0.0,0.0,1500.0,40,surface_management,-38.70902941144877,-13.150341862438637,-17.82413183590603,0.0,-37.432767158341875,-13.661932947852488,-18.61833419879397,0.0
220,control,29.666666666666668,27.333333333333332,-2.3333333333333357,0.16666666666666666,0.0,-0.16666666666666666,1500.0,40,ordinary_practice,-36.89818407381904,-13.917339813196321,-19.502005706909305,0.005747126436781609,-35.08989832007074,-13.203194076038903,-17.47999926318892,0.0
220,rating_only,29.666666666666668,27.0,-2.666666666666668,0.16666666666666666,0.0,-0.16666666666666666,1500.0,40,rating_tier_board,-36.89818407381904,-13.917339813196321,-19.502005706909305,0.005747126436781609,-39.17989070069715,-13.214143822127692,-17.30963891842924,0.0
220,rating_history,29.666666666666668,27.333333333333332,-2.3333333333333357,0.16666666666666666,0.0,-0.16666666666666666,1500.0,40,surface_management,-36.89818407381904,-13.917339813196321,-19.502005706909305,0.005747126436781609,-38.741408483989126,-13.2851908306747,-17.057691716885266,0.0
221,control,27.166666666666668,28.0,0.8333333333333321,0.16666666666666666,0.3333333333333333,0.16666666666666666,1500.0,40,ordinary_practice,-41.65004307471823,-13.50507034333871,-19.134539181365767,0.005952380952380952,-40.939262052165276,-13.860562615401324,-17.486812440844698,0.011111111111111112
221,rating_only,27.166666666666668,28.0,0.8333333333333321,0.16666666666666666,0.3333333333333333,0.16666666666666666,1500.0,40,rating_tier_board,-41.65004307471823,-13.50507034333871,-19.134539181365767,0.005952380952380952,-40.939262052165276,-13.860562615401324,-17.486812440844698,0.011111111111111112
221,rating_history,27.166666666666668,28.0,0.8333333333333321,0.16666666666666666,0.3333333333333333,0.16666666666666666,1500.0,40,surface_management,-41.65004307471823,-13.50507034333871,-19.134539181365767,0.005952380952380952,-40.939262052165276,-13.860562615401324,-17.486812440844698,0.011111111111111112
222,control,28.333333333333332,25.833333333333332,-2.5,0.3333333333333333,0.0,-0.3333333333333333,1500.0,40,ordinary_practice,-39.97611645125086,-13.49102875917392,-17.849529278964763,0.01232078853046595,-39.93923382374469,-13.727339060898844,-21.8632902088518,0.0
222,rating_only,28.333333333333332,25.833333333333332,-2.5,0.3333333333333333,0.0,-0.3333333333333333,1500.0,40,rating_tier_board,-39.97611645125086,-13.49102875917392,-17.849529278964763,0.01232078853046595,-39.06561868686869,-12.868646284271284,-18.845247113997114,0.0
222,rating_history,28.333333333333332,28.333333333333332,0.0,0.3333333333333333,0.0,-0.3333333333333333,1500.0,40,height_management,-39.97611645125086,-13.49102875917392,-17.849529278964763,0.01232078853046595,-35.819074986316366,-12.380069786535303,-14.571284893267652,0.0
223,control,26.166666666666668,27.166666666666668,1.0,0.3333333333333333,0.0,-0.3333333333333333,1500.0,40,ordinary_practice,-42.17036608154888,-14.240095349692123,-22.056783154121863,0.01075268817204301,-38.72069070775967,-13.264586227948296,-19.448928466169846,0.0
223,rating_only,26.166666666666668,27.166666666666668,1.0,0.3333333333333333,0.0,-0.3333333333333333,1500.0,40,rating_tier_board,-42.17036608154888,-14.240095349692123,-22.056783154121863,0.01075268817204301,-38.72069070775967,-13.264586227948296,-19.448928466169846,0.0
223,rating_history,26.166666666666668,26.166666666666668,0.0,0.3333333333333333,0.0,-0.3333333333333333,1500.0,40,surface_management,-42.17036608154888,-14.240095349692123,-22.056783154121863,0.01075268817204301,-42.53634459225414,-13.54661981432971,-19.3455016996996,0.0
224,control,27.5,28.833333333333332,1.3333333333333321,0.0,0.5,0.5,1500.0,40,ordinary_practice,-35.14630062944718,-13.070181650246306,-18.930505610290094,0.0,-37.514137806637805,-13.412354797979798,-18.613943001443,0.015656565656565657
224,rating_only,27.5,30.333333333333332,2.833333333333332,0.0,0.16666666666666666,0.16666666666666666,1500.0,40,rating_tier_board,-35.14630062944718,-13.070181650246306,-18.930505610290094,0.0,-29.841188769414575,-12.966008313420948,-20.140847769812822,0.005555555555555556
224,rating_history,27.5,30.333333333333332,2.833333333333332,0.0,0.0,0.0,1500.0,40,surface_management,-35.14630062944718,-13.070181650246306,-18.930505610290094,0.0,-29.157855436081242,-12.993786091198725,-20.52973665870171,0.0
225,control,26.333333333333332,27.166666666666668,0.8333333333333357,0.0,0.0,0.0,1500.0,40,ordinary_practice,-41.18340930674264,-13.437426400759733,-18.84022792022792,0.0,-40.160179974595295,-13.213201214108473,-16.90136254874158,0.0
225,rating_only,26.333333333333332,27.166666666666668,0.8333333333333357,0.0,0.0,0.0,1500.0,40,rating_tier_board,-41.18340930674264,-13.437426400759733,-18.84022792022792,0.0,-40.160179974595295,-13.213201214108473,-16.90136254874158,0.0
225,rating_history,26.333333333333332,29.166666666666668,2.8333333333333357,0.0,0.16666666666666666,0.16666666666666666,1500.0,40,height_management,-41.18340930674264,-13.437426400759733,-18.84022792022792,0.0,-35.89904249871992,-13.433353814644137,-18.89268817204301,0.005555555555555556
226,control,26.5,26.666666666666668,0.16666666666666785,0.16666666666666666,0.0,-0.16666666666666666,1500.0,40,ordinary_practice,-41.116839333506,-13.719351636018303,-19.40361737028404,0.005555555555555556,-38.99918826301135,-12.818671817937185,-16.893872349539517,0.0
226,rating_only,26.5,26.666666666666668,0.16666666666666785,0.16666666666666666,0.0,-0.16666666666666666,1500.0,40,rating_tier_board,-41.116839333506,-13.719351636018303,-19.40361737028404,0.005555555555555556,-39.00250391287872,-12.818671817937185,-17.02296165104261,0.0
226,rating_history,26.5,26.0,-0.5,0.16666666666666666,0.0,-0.16666666666666666,1500.0,40,surface_management,-41.116839333506,-13.719351636018303,-19.40361737028404,0.005555555555555556,-36.548467329771675,-13.273387147273016,-18.13354206481924,0.0
227,control,28.833333333333332,27.5,-1.3333333333333321,0.16666666666666666,0.16666666666666666,0.0,1500.0,40,ordinary_practice,-33.97082848524025,-12.927021475256769,-16.826561804208865,0.004901960784313725,-38.1977145289789,-13.808856820063717,-19.316168863065414,0.005555555555555556
227,rating_only,28.833333333333332,27.5,-1.3333333333333321,0.16666666666666666,0.16666666666666666,0.0,1500.0,40,rating_tier_board,-33.97082848524025,-12.927021475256769,-16.826561804208865,0.004901960784313725,-38.1977145289789,-13.808856820063717,-19.316168863065414,0.005555555555555556
227,rating_history,28.833333333333332,27.5,-1.3333333333333321,0.16666666666666666,0.0,-0.16666666666666666,1500.0,40,hole_management,-33.97082848524025,-12.927021475256769,-16.826561804208865,0.004901960784313725,-38.66806290253918,-13.341533185020392,-17.320544603743528,0.0
228,control,26.666666666666668,28.0,1.3333333333333321,0.0,0.0,0.0,1500.0,40,ordinary_practice,-40.41648351648352,-13.426404151404151,-19.816880341880342,0.0,-36.92004816171483,-13.090584723918058,-18.542236467236467,0.0
228,rating_only,26.666666666666668,29.166666666666668,2.5,0.0,0.16666666666666666,0.16666666666666666,1500.0,40,rating_tier_board,-40.41648351648352,-13.426404151404151,-19.816880341880342,0.0,-33.0416432696832,-12.583538175431702,-18.03412679700036,0.0043859649122807015
228,rating_history,26.666666666666668,28.5,1.8333333333333321,0.0,0.3333333333333333,0.3333333333333333,1500.0,40,surface_management,-40.41648351648352,-13.426404151404151,-19.816880341880342,0.0,-36.58091217968669,-13.16466049382716,-17.947708527855585,0.00980392156862745
229,control,27.166666666666668,28.166666666666668,1.0,0.16666666666666666,0.16666666666666666,0.0,1500.0,40,ordinary_practice,-37.72233715393386,-13.731600379463949,-20.918036652669336,0.005050505050505051,-38.318631144084044,-14.408388927229508,-20.509051261406334,0.005208333333333333
229,rating_only,27.166666666666668,29.166666666666668,2.0,0.16666666666666666,0.3333333333333333,0.16666666666666666,1500.0,40,rating_tier_board,-37.72233715393386,-13.731600379463949,-20.918036652669336,0.005050505050505051,-37.574947195205816,-14.388384173297966,-21.48609391885254,0.009259259259259259
229,rating_history,27.166666666666668,29.166666666666668,2.0,0.16666666666666666,0.3333333333333333,0.16666666666666666,1500.0,40,hole_management,-37.72233715393386,-13.731600379463949,-20.918036652669336,0.005050505050505051,-37.574947195205816,-14.388384173297966,-21.48609391885254,0.009259259259259259
230,control,27.0,27.0,0.0,0.0,0.0,0.0,1500.0,40,ordinary_practice,-38.75449127288208,-13.418348233290763,-20.31694338016177,0.0,-34.368376109137785,-12.31170623992066,-16.231696151625503,0.0
230,rating_only,27.0,28.666666666666668,1.6666666666666679,0.0,0.16666666666666666,0.16666666666666666,1500.0,40,rating_tier_board,-38.75449127288208,-13.418348233290763,-20.31694338016177,0.0,-37.00589096399488,-13.212912478199371,-18.781285713550034,0.005952380952380952
230,rating_history,27.0,29.666666666666668,2.666666666666668,0.0,0.16666666666666666,0.16666666666666666,1500.0,40,hole_management,-38.75449127288208,-13.418348233290763,-20.31694338016177,0.0,-34.71174851432916,-13.592001841249154,-20.497223437653545,0.0047619047619047615
231,control,26.166666666666668,27.166666666666668,1.0,0.3333333333333333,0.16666666666666666,-0.16666666666666666,1500.0,40,ordinary_practice,-37.584981684981685,-13.156959706959707,-19.771504884004884,0.011507936507936507,-36.55309133182696,-12.97394144807938,-17.850763008808986,0.005747126436781609
231,rating_only,26.166666666666668,27.166666666666668,1.0,0.3333333333333333,0.0,-0.3333333333333333,1500.0,40,rating_tier_board,-37.584981684981685,-13.156959706959707,-19.771504884004884,0.011507936507936507,-34.23365135050341,-12.922114315050912,-19.972618293830752,0.0
231,rating_history,26.166666666666668,24.833333333333332,-1.3333333333333357,0.3333333333333333,0.0,-0.3333333333333333,1500.0,40,surface_management,-37.584981684981685,-13.156959706959707,-19.771504884004884,0.011507936507936507,-37.71196581196581,-12.993418803418804,-22.014159544159543,0.0
232,control,25.666666666666668,27.5,1.8333333333333321,0.16666666666666666,0.16666666666666666,0.0,1500.0,40,ordinary_practice,-35.626969914513644,-12.667077506220435,-18.45976014841582,0.007246376811594203,-38.669152159071515,-13.867756869772998,-20.291303976787848,0.005376344086021505
232,rating_only,25.666666666666668,25.833333333333332,0.1666666666666643,0.16666666666666666,0.0,-0.16666666666666666,1500.0,40,rating_tier_board,-35.626969914513644,-12.667077506220435,-18.45976014841582,0.007246376811594203,-36.04168731161485,-13.85598747736429,-22.047489279373337,0.0
232,rating_history,25.666666666666668,27.5,1.8333333333333321,0.16666666666666666,0.16666666666666666,0.0,1500.0,40,height_management,-35.626969914513644,-12.667077506220435,-18.45976014841582,0.007246376811594203,-38.669152159071515,-13.867756869772998,-20.291303976787848,0.005376344086021505
233,control,27.0,25.166666666666668,-1.8333333333333321,0.0,0.0,0.0,1500.0,40,ordinary_practice,-38.9214341493701,-13.50183697321846,-20.124675576531583,0.0,-39.29529982363316,-13.337566137566137,-19.227610229276895,0.0
233,rating_only,27.0,26.833333333333332,-0.16666666666666785,0.0,0.16666666666666666,0.16666666666666666,1500.0,40,rating_tier_board,-38.9214341493701,-13.50183697321846,-20.124675576531583,0.0,-40.42753049981895,-13.085456195320617,-15.89306846816197,0.005376344086021505
233,rating_history,27.0,24.666666666666668,-2.333333333333332,0.0,0.0,0.0,1500.0,40,height_management,-38.9214341493701,-13.50183697321846,-20.124675576531583,0.0,-39.60805857235682,-13.187049336303723,-18.32926714935487,0.0
234,control,28.0,27.5,-0.5,0.16666666666666666,0.3333333333333333,0.16666666666666666,1500.0,40,ordinary_practice,-35.64826892216121,-13.450745414756353,-17.582606604830374,0.005376344086021505,-38.601854063810585,-13.472580559537082,-19.78726044486914,0.008547008547008546
234,rating_only,28.0,27.5,-0.5,0.16666666666666666,0.3333333333333333,0.16666666666666666,1500.0,40,rating_tier_board,-35.64826892216121,-13.450745414756353,-17.582606604830374,0.005376344086021505,-38.601854063810585,-13.472580559537082,-19.78726044486914,0.008547008547008546
234,rating_history,28.0,27.5,-0.5,0.16666666666666666,0.16666666666666666,0.0,1500.0,40,height_management,-35.64826892216121,-13.450745414756353,-17.582606604830374,0.005376344086021505,-36.95904314644164,-13.043749235348749,-17.572711157902937,0.005208333333333333
235,control,25.333333333333332,27.166666666666668,1.8333333333333357,0.0,0.16666666666666666,0.16666666666666666,1500.0,40,ordinary_practice,-37.966462703962705,-13.032575757575758,-19.486635586635586,0.0,-38.94675824175824,-13.798608058608059,-19.16897435897436,0.006410256410256411
235,rating_only,25.333333333333332,27.666666666666668,2.3333333333333357,0.0,0.0,0.0,1500.0,40,rating_tier_board,-37.966462703962705,-13.032575757575758,-19.486635586635586,0.0,-36.24565311127281,-13.189073490177055,-16.284889643463497,0.0
235,rating_history,25.333333333333332,27.666666666666668,2.3333333333333357,0.0,0.0,0.0,1500.0,40,hole_management,-37.966462703962705,-13.032575757575758,-19.486635586635586,0.0,-36.29009755571725,-13.189073490177055,-16.340445199019054,0.0
236,control,24.166666666666668,25.666666666666668,1.5,0.0,0.5,0.5,1500.0,40,ordinary_practice,-39.162948717948716,-13.22891330891331,-19.918846153846154,0.0,-48.358738956617636,-14.193096612363794,-21.07105809688208,0.016308243727598565
236,rating_only,24.166666666666668,26.333333333333332,2.1666666666666643,0.0,0.0,0.0,1500.0,40,rating_tier_board,-39.162948717948716,-13.22891330891331,-19.918846153846154,0.0,-32.63376984126984,-13.395476190476192,-21.95265873015873,0.0
236,rating_history,24.166666666666668,24.666666666666668,0.5,0.0,0.0,0.0,1500.0,40,hole_management,-39.162948717948716,-13.22891330891331,-19.918846153846154,0.0,-40.489598264054784,-13.493374077613208,-21.56808077188512,0.0
237,control,28.166666666666668,27.5,-0.6666666666666679,0.16666666666666666,0.3333333333333333,0.16666666666666666,1500.0,40,ordinary_practice,-36.55599854275142,-12.999151746242264,-17.293860112322758,0.005208333333333333,-38.44274767378216,-13.544043057836161,-18.391433436720792,0.012345679012345678
237,rating_only,28.166666666666668,26.0,-2.166666666666668,0.16666666666666666,0.16666666666666666,0.0,1500.0,40,rating_tier_board,-36.55599854275142,-12.999151746242264,-17.293860112322758,0.005208333333333333,-36.054563492063494,-13.054811507936508,-17.127728174603174,0.005208333333333333
237,rating_history,28.166666666666668,28.5,0.33333333333333215,0.16666666666666666,0.3333333333333333,0.16666666666666666,1500.0,40,hole_management,-36.55599854275142,-12.999151746242264,-17.293860112322758,0.005208333333333333,-36.47247023809524,-13.101488095238095,-16.566369047619048,0.009523809523809523
238,control,27.0,26.0,-1.0,0.0,0.0,0.0,1500.0,40,ordinary_practice,-38.54574456553628,-13.197355737250305,-18.151670303655603,0.0,-38.06300687619154,-13.611143879118641,-21.14748013559358,0.0
238,rating_only,27.0,27.333333333333332,0.33333333333333215,0.0,0.0,0.0,1500.0,40,rating_tier_board,-38.54574456553628,-13.197355737250305,-18.151670303655603,0.0,-36.54221001221001,-13.292572242572243,-18.051459096459098,0.0
238,rating_history,27.0,27.0,0.0,0.0,0.0,0.0,1500.0,40,height_management,-38.54574456553628,-13.197355737250305,-18.151670303655603,0.0,-36.23865858279652,-13.325748389541493,-17.814043829733485,0.0
239,control,28.5,29.666666666666668,1.1666666666666679,0.5,0.6666666666666666,0.16666666666666663,1500.0,40,ordinary_practice,-42.60218259815961,-13.929908448299253,-18.120374112902848,0.015696649029982364,-34.23886942585219,-13.846776761087106,-21.13622579476028,0.019806640496295668
239,rating_only,28.5,26.5,-2.0,0.5,0.0,-0.5,1500.0,40,rating_tier_board,-42.60218259815961,-13.929908448299253,-18.120374112902848,0.015696649029982364,-38.35865731155586,-13.372473353270454,-18.610897362165478,0.0
239,rating_history,28.5,26.833333333333332,-1.6666666666666679,0.5,0.0,-0.5,1500.0,40,surface_management,-42.60218259815961,-13.929908448299253,-18.120374112902848,0.015696649029982364,-37.457863660762214,-13.493505099302201,-20.374235104669886,0.0
240,control,26.5,26.666666666666668,0.16666666666666785,0.16666666666666666,0.0,-0.16666666666666666,1500.0,40,ordinary_practice,-43.64362874779542,-14.071731701940035,-21.059358465608465,0.006172839506172839,-37.138085223261385,-13.713107236064507,-20.147076924500713,0.0
240,rating_only,26.5,25.5,-1.0,0.16666666666666666,0.0,-0.16666666666666666,1500.0,40,rating_tier_board,-43.64362874779542,-14.071731701940035,-21.059358465608465,0.006172839506172839,-41.20875006247813,-13.881337156995052,-20.378377567851253,0.0
240,rating_history,26.5,27.166666666666668,0.6666666666666679,0.16666666666666666,0.16666666666666666,0.0,1500.0,40,surface_management,-43.64362874779542,-14.071731701940035,-21.059358465608465,0.006172839506172839,-41.02036629961176,-13.484688062181574,-17.57940922012112,0.006172839506172839
241,control,27.333333333333332,29.166666666666668,1.8333333333333357,0.0,0.16666666666666666,0.16666666666666666,1500.0,40,ordinary_practice,-36.598888084021326,-13.835498769580116,-21.383143461649773,0.0,-36.880674128661475,-13.130310684711407,-16.409369978988998,0.005376344086021505
241,rating_only,27.333333333333332,28.0,0.6666666666666679,0.0,0.16666666666666666,0.16666666666666666,1500.0,40,rating_tier_board,-36.598888084021326,-13.835498769580116,-21.383143461649773,0.0,-40.55490452498405,-13.940025741737426,-20.0593682162375,0.005208333333333333
241,rating_history,27.333333333333332,28.666666666666668,1.3333333333333357,0.0,0.0,0.0,1500.0,40,height_management,-36.598888084021326,-13.835498769580116,-21.383143461649773,0.0,-34.731661168313,-13.14374312705792,-17.485633028996023,0.0
242,control,24.666666666666668,26.833333333333332,2.1666666666666643,0.0,0.16666666666666666,0.16666666666666666,1500.0,40,ordinary_practice,-34.80956620539954,-12.854912834079501,-20.65279473612807,0.0,-39.764367816091955,-13.356100201553483,-18.34960794520027,0.005376344086021505
242,rating_only,24.666666666666668,26.833333333333332,2.1666666666666643,0.0,0.0,0.0,1500.0,40,rating_tier_board,-34.80956620539954,-12.854912834079501,-20.65279473612807,0.0,-40.29317855622453,-13.46442741592167,-19.28107462141945,0.0
242,rating_history,24.666666666666668,25.5,0.8333333333333321,0.0,0.0,0.0,1500.0,40,height_management,-34.80956620539954,-12.854912834079501,-20.65279473612807,0.0,-39.726128747795414,-13.505546737213404,-21.115502645502644,0.0
243,control,26.666666666666668,28.5,1.8333333333333321,0.16666666666666666,0.0,-0.16666666666666666,1500.0,40,ordinary_practice,-40.83253598071971,-13.90113712850272,-20.006955445728238,0.006172839506172839,-35.62342911877395,-13.307088122605364,-18.744956896551724,0.0
243,rating_only,26.666666666666668,27.0,0.33333333333333215,0.16666666666666666,0.16666666666666666,0.0,1500.0,40,rating_tier_board,-40.83253598071971,-13.90113712850272,-20.006955445728238,0.006172839506172839,-39.623773148148146,-13.366319444444445,-19.03741512345679,0.005208333333333333
243,rating_history,26.666666666666668,29.0,2.333333333333332,0.16666666666666666,0.16666666666666666,0.0,1500.0,40,hole_management,-40.83253598071971,-13.90113712850272,-20.006955445728238,0.006172839506172839,-36.12649683136282,-13.688045358341848,-19.910141311487376,0.004901960784313725
244,control,26.0,25.5,-0.5,0.0,0.0,0.0,1500.0,40,ordinary_practice,-42.73809172947104,-13.554891256040682,-19.421278168404605,0.0,-44.00659780406907,-13.722872955056863,-18.210349739660085,0.0
244,rating_only,26.0,26.666666666666668,0.6666666666666679,0.0,0.16666666666666666,0.16666666666666666,1500.0,40,rating_tier_board,-42.73809172947104,-13.554891256040682,-19.421278168404605,0.0,-43.33235419327373,-13.824120902511707,-17.252515964240104,0.005747126436781609
244,rating_history,26.0,26.666666666666668,0.6666666666666679,0.0,0.16666666666666666,0.16666666666666666,1500.0,40,height_management,-42.73809172947104,-13.554891256040682,-19.421278168404605,0.0,-42.555257252326214,-13.907185276409415,-18.947107279693487,0.005747126436781609
245,control,27.833333333333332,26.5,-1.3333333333333321,0.16666666666666666,0.0,-0.16666666666666666,1500.0,40,ordinary_practice,-35.09857503607503,-13.269931457431458,-20.25434704184704,0.005050505050505051,-40.08617896790311,-14.005215078663355,-20.63523068034562,0.0
245,rating_only,27.833333333333332,26.5,-1.3333333333333321,0.16666666666666666,0.0,-0.16666666666666666,1500.0,40,rating_tier_board,-35.09857503607503,-13.269931457431458,-20.25434704184704,0.005050505050505051,-39.96812341234755,-14.005215078663355,-20.843564013678957,0.0
245,rating_history,27.833333333333332,26.5,-1.3333333333333321,0.16666666666666666,0.0,-0.16666666666666666,1500.0,40,hole_management,-35.09857503607503,-13.269931457431458,-20.25434704184704,0.005050505050505051,-39.96812341234755,-14.005215078663355,-20.843564013678957,0.0
246,control,28.333333333333332,26.5,-1.8333333333333321,0.16666666666666666,0.0,-0.16666666666666666,1500.0,40,ordinary_practice,-36.609561702665154,-13.07821974747262,-16.21568729269879,0.006172839506172839,-34.75420936490829,-13.089433998896364,-20.926447972577005,0.0
246,rating_only,28.333333333333332,24.5,-3.833333333333332,0.16666666666666666,0.0,-0.16666666666666666,1500.0,40,rating_tier_board,-36.609561702665154,-13.07821974747262,-16.21568729269879,0.006172839506172839,-35.81122877520727,-13.10670576735093,-22.716102422070165,0.0
246,rating_history,28.333333333333332,24.5,-3.833333333333332,0.16666666666666666,0.0,-0.16666666666666666,1500.0,40,hole_management,-36.609561702665154,-13.07821974747262,-16.21568729269879,0.006172839506172839,-35.81122877520727,-13.10670576735093,-22.716102422070165,0.0
247,control,27.0,27.166666666666668,0.16666666666666785,0.0,0.16666666666666666,0.16666666666666666,1500.0,40,ordinary_practice,-38.34842599928807,-13.680481874447391,-18.356456761629175,0.0,-38.554814193432385,-13.495114876424221,-17.110326450531346,0.005952380952380952
247,rating_only,27.0,27.333333333333332,0.33333333333333215,0.0,0.0,0.0,1500.0,40,rating_tier_board,-38.34842599928807,-13.680481874447391,-18.356456761629175,0.0,-39.699646412925986,-13.671977225672878,-16.953061955965183,0.0
247,rating_history,27.0,25.0,-2.0,0.0,0.0,0.0,1500.0,40,surface_management,-38.34842599928807,-13.680481874447391,-18.356456761629175,0.0,-39.00163981080648,-13.520357944524612,-20.400064935064936,0.0
248,control,26.333333333333332,27.0,0.6666666666666679,0.5,0.0,-0.5,1500.0,40,ordinary_practice,-41.11915841021288,-13.632744011592088,-18.83746519597344,0.017651888341543513,-38.63045041378375,-14.110392077058744,-21.829482091982094,0.0
248,rating_only,26.333333333333332,27.166666666666668,0.8333333333333357,0.5,0.16666666666666666,-0.33333333333333337,1500.0,40,rating_tier_board,-41.11915841021288,-13.632744011592088,-18.83746519597344,0.017651888341543513,-40.561917275997736,-13.977087514443836,-19.529746115953014,0.005952380952380952
248,rating_history,26.333333333333332,26.0,-0.33333333333333215,0.5,0.3333333333333333,-0.16666666666666669,1500.0,40,hole_management,-41.11915841021288,-13.632744011592088,-18.83746519597344,0.017651888341543513,-42.44763555722139,-13.609671726636682,-19.01651257704481,0.012152777777777778
249,control,26.0,25.333333333333332,-0.6666666666666679,0.0,0.0,0.0,1500.0,40,ordinary_practice,-35.815376347235414,-13.189217784270259,-20.791945561610728,0.0,-37.94468356882545,-12.693133296203472,-19.686032210155016,0.0
249,rating_only,26.0,23.5,-2.5,0.0,0.0,0.0,1500.0,40,rating_tier_board,-35.815376347235414,-13.189217784270259,-20.791945561610728,0.0,-40.05865782767957,-12.779094999203695,-22.30721452460583,0.0
249,rating_history,26.0,23.5,-2.5,0.0,0.0,0.0,1500.0,40,hole_management,-35.815376347235414,-13.189217784270259,-20.791945561610728,0.0,-40.05865782767957,-12.779094999203695,-22.30721452460583,0.0
250,control,29.166666666666668,25.666666666666668,-3.5,0.3333333333333333,0.0,-0.3333333333333333,1500.0,40,ordinary_practice,-40.500462949758465,-14.034738925914306,-18.195736108602254,0.01075268817204301,-36.21712182878849,-13.319458011124677,-19.63363451363451,0.0
250,rating_only,29.166666666666668,28.333333333333332,-0.8333333333333357,0.3333333333333333,0.16666666666666666,-0.16666666666666666,1500.0,40,rating_tier_board,-40.500462949758465,-14.034738925914306,-18.195736108602254,0.01075268817204301,-36.043084215167546,-12.95043540564374,-17.189637345679014,0.005952380952380952
250,rating_history,29.166666666666668,27.166666666666668,-2.0,0.3333333333333333,0.0,-0.3333333333333333,1500.0,40,height_management,-40.500462949758465,-14.034738925914306,-18.195736108602254,0.01075268817204301,-35.83441781436405,-13.264594465669735,-19.582821278681493,0.0
251,control,27.166666666666668,25.5,-1.6666666666666679,0.0,0.16666666666666666,0.16666666666666666,1500.0,40,ordinary_practice,-43.652270624636216,-14.119076371657016,-19.79700732163098,0.0,-41.2888468013468,-13.325242003367004,-18.272306397306398,0.005555555555555556
251,rating_only,27.166666666666668,27.166666666666668,0.0,0.0,0.16666666666666666,0.16666666666666666,1500.0,40,rating_tier_board,-43.652270624636216,-14.119076371657016,-19.79700732163098,0.0,-38.5278330386089,-13.840498821102269,-19.811424255820807,0.005555555555555556
251,rating_history,27.166666666666668,29.333333333333332,2.1666666666666643,0.0,0.3333333333333333,0.3333333333333333,1500.0,40,height_management,-43.652270624636216,-14.119076371657016,-19.79700732163098,0.0,-36.60201246178258,-13.35089980262394,-18.26921901002361,0.010101010101010102
252,control,28.166666666666668,26.333333333333332,-1.8333333333333357,0.16666666666666666,0.3333333333333333,0.16666666666666666,1500.0,40,ordinary_practice,-37.41812701187701,-13.259676087801088,-19.095317876567876,0.005208333333333333,-43.11997123428496,-13.958275471804884,-19.024303869696027,0.00980392156862745
252,rating_only,28.166666666666668,26.333333333333332,-1.8333333333333357,0.16666666666666666,0.3333333333333333,0.16666666666666666,1500.0,40,rating_tier_board,-37.41812701187701,-13.259676087801088,-19.095317876567876,0.005208333333333333,-43.11997123428496,-13.958275471804884,-19.024303869696027,0.00980392156862745
252,rating_history,28.166666666666668,27.333333333333332,-0.8333333333333357,0.16666666666666666,0.5,0.33333333333333337,1500.0,40,surface_management,-37.41812701187701,-13.259676087801088,-19.095317876567876,0.005208333333333333,-41.68183714934053,-13.419095494568788,-17.038515595352987,0.016396213657876944
253,control,29.833333333333332,28.833333333333332,-1.0,0.16666666666666666,0.3333333333333333,0.16666666666666666,1500.0,40,ordinary_practice,-38.617864031490285,-13.883229277074289,-16.693823227953743,0.005555555555555556,-36.12444225183727,-14.287026373083103,-18.685235339836286,0.01215738284703802
253,rating_only,29.833333333333332,29.166666666666668,-0.6666666666666643,0.16666666666666666,0.3333333333333333,0.16666666666666666,1500.0,40,rating_tier_board,-38.617864031490285,-13.883229277074289,-16.693823227953743,0.005555555555555556,-35.94789411976912,-13.753210678210678,-17.82832792207792,0.010101010101010102
253,rating_history,29.833333333333332,29.0,-0.8333333333333321,0.16666666666666666,0.3333333333333333,0.16666666666666666,1500.0,40,hole_management,-38.617864031490285,-13.883229277074289,-16.693823227953743,0.005555555555555556,-35.96356188112654,-13.712214509628303,-17.965027429467085,0.010101010101010102
254,control,27.666666666666668,25.0,-2.666666666666668,0.3333333333333333,0.16666666666666666,-0.16666666666666666,1500.0,40,ordinary_practice,-37.51761189681657,-13.346813699525045,-19.330415276232852,0.011123470522803115,-41.29242063492063,-13.163492063492063,-19.408055555555556,0.005952380952380952
254,rating_only,27.666666666666668,25.0,-2.666666666666668,0.3333333333333333,0.16666666666666666,-0.16666666666666666,1500.0,40,rating_tier_board,-37.51761189681657,-13.346813699525045,-19.330415276232852,0.011123470522803115,-40.828739316239314,-13.121581196581197,-20.601151471984807,0.006172839506172839
254,rating_history,27.666666666666668,26.0,-1.6666666666666679,0.3333333333333333,0.0,-0.3333333333333333,1500.0,40,height_management,-37.51761189681657,-13.346813699525045,-19.330415276232852,0.011123470522803115,-41.847973691725564,-13.760941724904743,-19.60231956111891,0.0
255,control,29.333333333333332,26.833333333333332,-2.5,0.16666666666666666,0.0,-0.16666666666666666,1500.0,40,ordinary_practice,-38.44272511872133,-13.234301632609665,-14.323540384814894,0.005376344086021505,-37.2881295793902,-13.137985735967995,-18.653251978508102,0.0
255,rating_only,29.333333333333332,28.666666666666668,-0.6666666666666643,0.16666666666666666,0.5,0.33333333333333337,1500.0,40,rating_tier_board,-38.44272511872133,-13.234301632609665,-14.323540384814894,0.005376344086021505,-40.67166545577836,-13.058508912137945,-14.448817446478737,0.013513513513513514
255,rating_history,29.333333333333332,28.333333333333332,-1.0,0.16666666666666666,0.16666666666666666,0.0,1500.0,40,hole_management,-38.44272511872133,-13.234301632609665,-14.323540384814894,0.005376344086021505,-35.64222013618565,-12.787256086825053,-17.326966759294347,0.006410256410256411
256,control,26.833333333333332,26.333333333333332,-0.5,0.3333333333333333,0.0,-0.3333333333333333,1500.0,40,ordinary_practice,-36.17928087238432,-12.757808092290851,-19.316584564860428,0.011302681992337164,-38.09830607844226,-14.412000296148221,-21.235548013030524,0.0
256,rating_only,26.833333333333332,26.833333333333332,0.0,0.3333333333333333,0.0,-0.3333333333333333,1500.0,40,rating_tier_board,-36.17928087238432,-12.757808092290851,-19.316584564860428,0.011302681992337164,-38.80184506851174,-13.143804775471441,-17.647758106091437,0.0
256,rating_history,26.833333333333332,26.833333333333332,0.0,0.3333333333333333,0.0,-0.3333333333333333,1500.0,40,surface_management,-36.17928087238432,-12.757808092290851,-19.316584564860428,0.011302681992337164,-39.24727716727717,-13.46232329398996,-18.21960995794329,0.0
257,control,28.0,27.833333333333332,-0.16666666666666785,0.16666666666666666,0.3333333333333333,0.16666666666666666,1500.0,40,ordinary_practice,-38.31126373626373,-13.601892551892552,-19.181471306471305,0.005952380952380952,-37.64694750550992,-13.774119748881319,-22.187715888599477,0.009523809523809523
257,rating_only,28.0,28.0,0.0,0.16666666666666666,0.0,-0.16666666666666666,1500.0,40,rating_tier_board,-38.31126373626373,-13.601892551892552,-19.181471306471305,0.005952380952380952,-35.74732690202518,-13.244802271483305,-18.836718322386425,0.0
257,rating_history,28.0,28.0,0.0,0.16666666666666666,0.3333333333333333,0.16666666666666666,1500.0,40,surface_management,-38.31126373626373,-13.601892551892552,-19.181471306471305,0.005952380952380952,-39.36125753769432,-13.485147292043845,-18.984659183940792,0.009523809523809523
258,control,27.333333333333332,25.666666666666668,-1.6666666666666643,0.0,0.0,0.0,1500.0,40,ordinary_practice,-37.51178065761399,-13.178424199257533,-18.449783241449907,0.0,-38.459421248370525,-12.896418027758607,-18.233863392377884,0.0
258,rating_only,27.333333333333332,25.333333333333332,-2.0,0.0,0.0,0.0,1500.0,40,rating_tier_board,-37.51178065761399,-13.178424199257533,-18.449783241449907,0.0,-37.11900463521153,-13.065242276880207,-18.485507059989818,0.0
258,rating_history,27.333333333333332,27.333333333333332,0.0,0.0,0.3333333333333333,0.3333333333333333,1500.0,40,height_management,-37.51178065761399,-13.178424199257533,-18.449783241449907,0.0,-34.966458333333335,-13.450677681992337,-21.51448275862069,0.012152777777777778
259,control,27.333333333333332,30.166666666666668,2.8333333333333357,0.3333333333333333,0.5,0.16666666666666669,1500.0,40,ordinary_practice,-37.48888888888889,-13.126041666666666,-19.26388888888889,0.010763888888888889,-35.39348230003402,-13.124624436348574,-19.424393300600197,0.01405951405951406
259,rating_only,27.333333333333332,30.666666666666668,3.3333333333333357,0.3333333333333333,1.0,0.6666666666666667,1500.0,40,rating_tier_board,-37.48888888888889,-13.126041666666666,-19.26388888888889,0.010763888888888889,-36.52704975579976,-13.422581307581307,-17.999564602064602,0.026131854256854256
259,rating_history,27.333333333333332,29.0,1.6666666666666679,0.3333333333333333,0.0,-0.3333333333333333,1500.0,40,height_management,-37.48888888888889,-13.126041666666666,-19.26388888888889,0.010763888888888889,-33.682018298059965,-13.305415564373897,-19.51680004409171,0.0
260,control,28.666666666666668,26.833333333333332,-1.8333333333333357,0.3333333333333333,0.0,-0.3333333333333333,1500.0,40,ordinary_practice,-32.96383753501401,-12.891974789915967,-18.668216619981326,0.01045751633986928,-36.39334764852006,-12.76191107742832,-18.060980590290935,0.0
260,rating_only,28.666666666666668,29.5,0.8333333333333321,0.3333333333333333,0.16666666666666666,-0.16666666666666666,1500.0,40,rating_tier_board,-32.96383753501401,-12.891974789915967,-18.668216619981326,0.01045751633986928,-32.61390331890332,-12.701414141414142,-17.147886002886004,0.005050505050505051
260,rating_history,28.666666666666668,28.5,-0.16666666666666785,0.3333333333333333,0.3333333333333333,0.0,1500.0,40,surface_management,-32.96383753501401,-12.891974789915967,-18.668216619981326,0.01045751633986928,-33.9708729605149,-13.102365636636737,-18.868584087126287,0.009952465834818775
261,control,28.0,28.0,0.0,0.16666666666666666,0.0,-0.16666666666666666,1500.0,40,ordinary_practice,-39.20727479310813,-13.604810236060237,-19.611438492063492,0.005208333333333333,-35.645452491368246,-13.54747553258701,-20.725424704442453,0.0
261,rating_only,28.0,28.5,0.5,0.16666666666666666,0.0,-0.16666666666666666,1500.0,40,rating_tier_board,-39.20727479310813,-13.604810236060237,-19.611438492063492,0.005208333333333333,-34.61215117767537,-13.256520417306708,-18.336485535074246,0.0
261,rating_history,28.0,26.833333333333332,-1.1666666666666679,0.16666666666666666,0.0,-0.16666666666666666,1500.0,40,hole_management,-39.20727479310813,-13.604810236060237,-19.611438492063492,0.005208333333333333,-38.6430114638448,-13.37991622574956,-19.629078483245152,0.0
262,control,27.5,27.666666666666668,0.16666666666666785,0.3333333333333333,0.0,-0.3333333333333333,1500.0,40,ordinary_practice,-42.54754782254782,-13.327682811016144,-17.369753086419752,0.012125220458553791,-36.10546015712682,-13.087210998877666,-18.982892817059483,0.0
262,rating_only,27.5,27.666666666666668,0.16666666666666785,0.3333333333333333,0.16666666666666666,-0.16666666666666666,1500.0,40,rating_tier_board,-42.54754782254782,-13.327682811016144,-17.369753086419752,0.012125220458553791,-37.93203916560238,-13.184095359727543,-20.08633461047254,0.005555555555555556
262,rating_history,27.5,27.666666666666668,0.16666666666666785,0.3333333333333333,0.0,-0.3333333333333333,1500.0,40,height_management,-42.54754782254782,-13.327682811016144,-17.369753086419752,0.012125220458553791,-35.475830527497195,-13.013136924803591,-19.291534792368125,0.0
263,control,26.666666666666668,29.166666666666668,2.5,0.16666666666666666,0.3333333333333333,0.16666666666666666,1500.0,40,ordinary_practice,-40.467263338027955,-13.882211458373378,-21.438051487076976,0.005555555555555556,-40.71254535217457,-13.699948571114682,-19.043541834646767,0.009523809523809523
263,rating_only,26.666666666666668,27.666666666666668,1.0,0.16666666666666666,0.0,-0.16666666666666666,1500.0,40,rating_tier_board,-40.467263338027955,-13.882211458373378,-21.438051487076976,0.005555555555555556,-38.449794013249786,-13.615607077413674,-20.64551268321883,0.0
263,rating_history,26.666666666666668,27.333333333333332,0.6666666666666643,0.16666666666666666,0.0,-0.16666666666666666,1500.0,40,surface_management,-40.467263338027955,-13.882211458373378,-21.438051487076976,0.005555555555555556,-38.895173010259214,-14.01920726144864,-19.93804488933799,0.0
264,control,27.166666666666668,28.666666666666668,1.5,0.0,0.16666666666666666,0.16666666666666666,1500.0,40,ordinary_practice,-37.97065985525756,-13.206611019886882,-16.829049747612967,0.0,-36.422950191570884,-13.296513409961687,-19.32823754789272,0.005555555555555556
264,rating_only,27.166666666666668,26.833333333333332,-0.3333333333333357,0.0,0.3333333333333333,0.3333333333333333,1500.0,40,rating_tier_board,-37.97065985525756,-13.206611019886882,-16.829049747612967,0.0,-38.24071146245059,-13.177676767676768,-20.961963109354414,0.010101010101010102
264,rating_history,27.166666666666668,28.5,1.3333333333333321,0.0,0.3333333333333333,0.3333333333333333,1500.0,40,hole_management,-37.97065985525756,-13.206611019886882,-16.829049747612967,0.0,-37.599931935845916,-13.354697874805401,-20.47110930089425,0.010101010101010102
265,control,27.666666666666668,25.5,-2.166666666666668,0.16666666666666666,0.0,-0.16666666666666666,1500.0,40,ordinary_practice,-35.53807132628972,-13.053840540047437,-19.022540263057504,0.0047619047619047615,-43.191211564305824,-13.681654539299265,-17.439368277737962,0.0
265,rating_only,27.666666666666668,28.0,0.33333333333333215,0.16666666666666666,0.6666666666666666,0.5,1500.0,40,rating_tier_board,-35.53807132628972,-13.053840540047437,-19.022540263057504,0.0047619047619047615,-43.87047909652076,-13.80038229517396,-18.71365039281706,0.021527777777777778
265,rating_history,27.666666666666668,26.0,-1.6666666666666679,0.16666666666666666,0.0,-0.16666666666666666,1500.0,40,surface_management,-35.53807132628972,-13.053840540047437,-19.022540263057504,0.0047619047619047615,-43.798858363858365,-13.795241147741148,-18.738089133089133,0.0
266,control,28.0,25.5,-2.5,0.0,0.0,0.0,1500.0,40,ordinary_practice,-35.90515066032307,-12.949729017257752,-18.03835721536871,0.0,-37.318367409997,-13.246833903952925,-20.901245290983887,0.0
266,rating_only,28.0,25.5,-2.5,0.0,0.0,0.0,1500.0,40,rating_tier_board,-35.90515066032307,-12.949729017257752,-18.03835721536871,0.0,-35.940954045954044,-12.976998310331643,-21.93948946115613,0.0
266,rating_history,28.0,25.333333333333332,-2.666666666666668,0.0,0.0,0.0,1500.0,40,surface_management,-35.90515066032307,-12.949729017257752,-18.03835721536871,0.0,-37.734649276278866,-13.468254458706813,-21.394599467671398,0.0
267,control,27.333333333333332,27.5,0.16666666666666785,0.16666666666666666,0.5,0.33333333333333337,1500.0,40,ordinary_practice,-36.461617756907614,-12.971243195880877,-17.93623291630538,0.005050505050505051,-40.28567019400353,-13.403692680776015,-19.040531305114637,0.016319444444444445
267,rating_only,27.333333333333332,28.5,1.1666666666666679,0.16666666666666666,0.0,-0.16666666666666666,1500.0,40,rating_tier_board,-36.461617756907614,-12.971243195880877,-17.93623291630538,0.005050505050505051,-33.48212746305419,-12.949293582375478,-16.26888854679803,0.0
267,rating_history,27.333333333333332,28.5,1.1666666666666679,0.16666666666666666,0.0,-0.16666666666666666,1500.0,40,hole_management,-36.461617756907614,-12.971243195880877,-17.93623291630538,0.005050505050505051,-33.48212746305419,-12.949293582375478,-16.26888854679803,0.0
268,control,25.5,26.333333333333332,0.8333333333333321,0.0,0.3333333333333333,0.3333333333333333,1500.0,40,ordinary_practice,-39.280518863852194,-13.198566865233532,-18.678008719675386,0.0,-42.79050061517103,-13.92064189200234,-17.226923496481703,0.011786600496277916
268,rating_only,25.5,26.666666666666668,1.1666666666666679,0.0,0.16666666666666666,0.16666666666666666,1500.0,40,rating_tier_board,-39.280518863852194,-13.198566865233532,-18.678008719675386,0.0,-38.66015640546146,-13.713310827009986,-18.435894858608744,0.005376344086021505
268,rating_history,25.5,26.333333333333332,0.8333333333333321,0.0,0.3333333333333333,0.3333333333333333,1500.0,40,height_management,-39.280518863852194,-13.198566865233532,-18.678008719675386,0.0,-40.19420289855073,-13.436859903381642,-19.26256038647343,0.011111111111111112
269,control,28.5,26.666666666666668,-1.8333333333333321,0.3333333333333333,0.16666666666666666,-0.16666666666666666,1500.0,40,ordinary_practice,-38.06011936339523,-13.651201984477847,-18.10753119166912,0.011296296296296296,-42.70481118720249,-13.62946276612242,-16.988310172936167,0.005376344086021505
269,rating_only,28.5,26.333333333333332,-2.166666666666668,0.3333333333333333,0.16666666666666666,-0.16666666666666666,1500.0,40,rating_tier_board,-38.06011936339523,-13.651201984477847,-18.10753119166912,0.011296296296296296,-42.23575498575499,-13.318489415801244,-18.652001194743132,0.005376344086021505
269,rating_history,28.5,26.666666666666668,-1.8333333333333321,0.3333333333333333,0.16666666666666666,-0.16666666666666666,1500.0,40,height_management,-38.06011936339523,-13.651201984477847,-18.10753119166912,0.011296296296296296,-42.70481118720249,-13.62946276612242,-16.988310172936167,0.005376344086021505
270,control,26.166666666666668,27.666666666666668,1.5,0.0,0.0,0.0,1500.0,40,ordinary_practice,-36.639504692446316,-13.221525437156108,-19.66269041057305,0.0,-34.65686258186258,-12.83035587600805,-18.424791512834993,0.0
270,rating_only,26.166666666666668,25.0,-1.1666666666666679,0.0,0.0,0.0,1500.0,40,rating_tier_board,-36.639504692446316,-13.221525437156108,-19.66269041057305,0.0,-37.00065058130275,-12.877691644104686,-19.20237989064076,0.0
270,rating_history,26.166666666666668,27.333333333333332,1.1666666666666643,0.0,0.0,0.0,1500.0,40,hole_management,-36.639504692446316,-13.221525437156108,-19.66269041057305,0.0,-34.876471837341406,-12.71550258651708,-18.235106291990352,0.0
271,control,27.166666666666668,26.833333333333332,-0.3333333333333357,0.16666666666666666,0.16666666666666666,0.0,1500.0,40,ordinary_practice,-40.818877509251074,-13.409828650489569,-20.049822756000918,0.005555555555555556,-38.177480386790734,-13.335551906586389,-19.213916864319163,0.006172839506172839
271,rating_only,27.166666666666668,26.5,-0.6666666666666679,0.16666666666666666,0.0,-0.16666666666666666,1500.0,40,rating_tier_board,-40.818877509251074,-13.409828650489569,-20.049822756000918,0.005555555555555556,-36.55487124671283,-13.319510803206455,-18.151941047180927,0.0
271,rating_history,27.166666666666668,26.5,-0.6666666666666679,0.16666666666666666,0.0,-0.16666666666666666,1500.0,40,hole_management,-40.818877509251074,-13.409828650489569,-20.049822756000918,0.005555555555555556,-36.901025092866675,-13.319510803206455,-18.14553079077067,0.0
272,control,27.5,26.166666666666668,-1.3333333333333321,0.0,0.0,0.0,1500.0,40,ordinary_practice,-35.73992624758754,-13.3411075881506,-19.096026713231016,0.0,-37.98209976208477,-13.191432773641669,-19.05351348542253,0.0
272,rating_only,27.5,30.833333333333332,3.333333333333332,0.0,0.3333333333333333,0.3333333333333333,1500.0,40,rating_tier_board,-35.73992624758754,-13.3411075881506,-19.096026713231016,0.0,-33.88866714650265,-12.502628971499613,-14.360116905494122,0.010278304870335231
272,rating_history,27.5,28.5,1.0,0.0,0.0,0.0,1500.0,40,height_management,-35.73992624758754,-13.3411075881506,-19.096026713231016,0.0,-39.5246216217608,-13.275131133886232,-17.148234720149116,0.0
273,control,27.5,26.666666666666668,-0.8333333333333321,0.5,0.16666666666666666,-0.33333333333333337,1500.0,40,ordinary_practice,-41.59888473475329,-13.691810859803073,-22.87403167442563,0.017876344086021505,-39.38663686489774,-13.571009288400592,-19.974666442057746,0.0045045045045045045
273,rating_only,27.5,24.833333333333332,-2.666666666666668,0.5,0.0,-0.5,1500.0,40,rating_tier_board,-41.59888473475329,-13.691810859803073,-22.87403167442563,0.017876344086021505,-44.104956335934595,-13.845112013590274,-20.735500610500612,0.0
273,rating_history,27.5,27.5,0.0,0.5,0.16666666666666666,-0.33333333333333337,1500.0,40,height_management,-41.59888473475329,-13.691810859803073,-22.87403167442563,0.017876344086021505,-39.18316139867083,-13.218328135611682,-18.679000259358517,0.005208333333333333
274,control,27.833333333333332,26.166666666666668,-1.6666666666666643,0.16666666666666666,0.0,-0.16666666666666666,1500.0,40,ordinary_practice,-35.5740724329434,-13.296888897641587,-19.57357552045724,0.005376344086021505,-38.060565894301526,-12.881489083500577,-17.74485100042571,0.0
274,rating_only,27.833333333333332,26.166666666666668,-1.6666666666666643,0.16666666666666666,0.0,-0.16666666666666666,1500.0,40,rating_tier_board,-35.5740724329434,-13.296888897641587,-19.57357552045724,0.005376344086021505,-37.61612144985708,-12.874544639056133,-17.74485100042571,0.0
274,rating_history,27.833333333333332,28.0,0.16666666666666785,0.16666666666666666,0.16666666666666666,0.0,1500.0,40,surface_management,-35.5740724329434,-13.296888897641587,-19.57357552045724,0.005376344086021505,-36.041987322870824,-12.475679224170905,-15.232492418563446,0.005376344086021505
275,control,28.666666666666668,28.166666666666668,-0.5,0.5,0.3333333333333333,-0.16666666666666669,1500.0,40,ordinary_practice,-37.911533289241625,-13.54209766313933,-19.538638668430337,0.01728395061728395,-37.05932466001431,-13.27779230348196,-18.713255591275612,0.011328725038402458
275,rating_only,28.666666666666668,28.0,-0.6666666666666679,0.5,0.16666666666666666,-0.33333333333333337,1500.0,40,rating_tier_board,-37.911533289241625,-13.54209766313933,-19.538638668430337,0.01728395061728395,-36.53118646277712,-13.577849523483561,-22.797867594029995,0.005376344086021505
275,rating_history,28.666666666666668,28.166666666666668,-0.5,0.5,0.3333333333333333,-0.16666666666666669,1500.0,40,hole_management,-37.911533289241625,-13.54209766313933,-19.538638668430337,0.01728395061728395,-37.843666933322105,-13.284782512081364,-18.450808153107005,0.011699507389162561
276,control,25.333333333333332,24.166666666666668,-1.1666666666666643,0.0,0.0,0.0,1500.0,40,ordinary_practice,-38.21272927689594,-14.073492063492063,-21.558500881834213,0.0,-41.92778631727907,-13.14688247206363,-18.08840213731518,0.0
276,rating_only,25.333333333333332,26.5,1.1666666666666679,0.0,0.16666666666666666,0.16666666666666666,1500.0,40,rating_tier_board,-38.21272927689594,-14.073492063492063,-21.558500881834213,0.0,-39.78739309832263,-13.152091518343392,-16.96089275874883,0.006410256410256411
276,rating_history,25.333333333333332,26.833333333333332,1.5,0.0,0.16666666666666666,0.16666666666666666,1500.0,40,height_management,-38.21272927689594,-14.073492063492063,-21.558500881834213,0.0,-41.09795320898769,-13.248728451199716,-16.687930707011166,0.006410256410256411
277,control,27.5,26.833333333333332,-0.6666666666666679,0.3333333333333333,0.0,-0.3333333333333333,1500.0,40,ordinary_practice,-41.996309246309245,-13.93970473970474,-17.888257575757574,0.010101010101010102,-40.1542214257268,-13.235415271705595,-18.908404120769713,0.0
277,rating_only,27.5,25.833333333333332,-1.6666666666666679,0.3333333333333333,0.16666666666666666,-0.16666666666666666,1500.0,40,rating_tier_board,-41.996309246309245,-13.93970473970474,-17.888257575757574,0.010101010101010102,-39.94427087155723,-13.434645439518004,-18.781443194486673,0.005747126436781609
277,rating_history,27.5,25.5,-2.0,0.3333333333333333,0.0,-0.3333333333333333,1500.0,40,surface_management,-41.996309246309245,-13.93970473970474,-17.888257575757574,0.010101010101010102,-39.3474397314977,-13.46909230061404,-20.353945839453086,0.0
278,control,27.166666666666668,27.833333333333332,0.6666666666666643,0.16666666666666666,0.16666666666666666,0.0,1500.0,40,ordinary_practice,-36.800166410650284,-13.56992447516641,-20.125755248335892,0.005376344086021505,-38.57255951796182,-13.666771340621915,-19.539262089549446,0.006410256410256411
278,rating_only,27.166666666666668,28.833333333333332,1.6666666666666643,0.16666666666666666,0.16666666666666666,0.0,1500.0,40,rating_tier_board,-36.800166410650284,-13.56992447516641,-20.125755248335892,0.005376344086021505,-34.87015325670498,-12.969272030651341,-17.384291187739464,0.005555555555555556
278,rating_history,27.166666666666668,27.833333333333332,0.6666666666666643,0.16666666666666666,0.16666666666666666,0.0,1500.0,40,height_management,-36.800166410650284,-13.56992447516641,-20.125755248335892,0.005376344086021505,-38.57255951796182,-13.666771340621915,-19.539262089549446,0.006410256410256411
279,control,27.5,27.5,0.0,0.3333333333333333,0.0,-0.3333333333333333,1500.0,40,ordinary_practice,-41.41433302808303,-13.475170177045177,-18.548782814407815,0.011618589743589744,-37.23759143155695,-13.130821764442455,-18.101395730706077,0.0
279,rating_only,27.5,27.666666666666668,0.16666666666666785,0.3333333333333333,0.0,-0.3333333333333333,1500.0,40,rating_tier_board,-41.41433302808303,-13.475170177045177,-18.548782814407815,0.011618589743589744,-38.41739543980923,-13.244291723602068,-16.81613214371835,0.0
279,rating_history,27.5,27.5,0.0,0.3333333333333333,0.0,-0.3333333333333333,1500.0,40,height_management,-41.41433302808303,-13.475170177045177,-18.548782814407815,0.011618589743589744,-37.75270557029178,-13.492337164750957,-18.19053934571176,0.0
280,control,26.5,27.166666666666668,0.6666666666666679,0.5,0.0,-0.5,1500.0,40,ordinary_practice,-45.2293622658206,-14.442526031067697,-20.673106214772883,0.01755401234567901,-39.462412401349184,-13.598791220486623,-19.25627435569964,0.0
280,rating_only,26.5,28.166666666666668,1.6666666666666679,0.5,0.16666666666666666,-0.33333333333333337,1500.0,40,rating_tier_board,-45.2293622658206,-14.442526031067697,-20.673106214772883,0.01755401234567901,-37.77738743645607,-13.557249694749695,-20.771378294907706,0.004901960784313725
280,rating_history,26.5,27.166666666666668,0.6666666666666679,0.5,0.0,-0.5,1500.0,40,hole_management,-45.2293622658206,-14.442526031067697,-20.673106214772883,0.01755401234567901,-39.445937305563746,-13.598791220486623,-19.25627435569964,0.0
281,control,29.5,27.166666666666668,-2.333333333333332,0.0,0.16666666666666666,0.16666666666666666,1500.0,40,ordinary_practice,-36.25400141955574,-13.192072772254456,-16.892075398749483,0.0,-40.50092197287599,-13.830148999574288,-18.20629660037706,0.006172839506172839
281,rating_only,29.5,27.166666666666668,-2.333333333333332,0.0,0.0,0.0,1500.0,40,rating_tier_board,-36.25400141955574,-13.192072772254456,-16.892075398749483,0.0,-40.65894666423402,-13.83632183908046,-18.4870373411178,0.0
281,rating_history,29.5,28.0,-1.5,0.0,0.0,0.0,1500.0,40,height_management,-36.25400141955574,-13.192072772254456,-16.892075398749483,0.0,-37.1067398558129,-13.690398680063122,-19.950813106680737,0.0
282,control,28.0,27.5,-0.5,0.0,0.0,0.0,1500.0,40,ordinary_practice,-36.37766756570002,-13.841088684810794,-23.023501623461055,0.0,-34.00780651340996,-12.894456022904299,-20.741713506799712,0.0
282,rating_only,28.0,27.666666666666668,-0.33333333333333215,0.0,0.0,0.0,1500.0,40,rating_tier_board,-36.37766756570002,-13.841088684810794,-23.023501623461055,0.0,-35.96251187428986,-12.85517545886555,-19.274150559129037,0.0
282,rating_history,28.0,29.833333333333332,1.8333333333333321,0.0,0.16666666666666666,0.16666666666666666,1500.0,40,hole_management,-36.37766756570002,-13.841088684810794,-23.023501623461055,0.0,-33.486612654320986,-13.237814153439153,-19.08279320987654,0.005555555555555556
283,control,28.166666666666668,27.833333333333332,-0.3333333333333357,0.0,0.0,0.0,1500.0,40,ordinary_practice,-38.53296873068842,-13.840682857495983,-19.781898405635893,0.0,-37.63361145027812,-13.012518654185321,-16.71739248405915,0.0
283,rating_only,28.166666666666668,26.333333333333332,-1.8333333333333357,0.0,0.16666666666666666,0.16666666666666666,1500.0,40,rating_tier_board,-38.53296873068842,-13.840682857495983,-19.781898405635893,0.0,-40.8080467372134,-13.81876503126503,-19.406158810325476,0.005555555555555556
283,rating_history,28.166666666666668,29.666666666666668,1.5,0.0,0.16666666666666666,0.16666666666666666,1500.0,40,height_management,-38.53296873068842,-13.840682857495983,-19.781898405635893,0.0,-36.52587737568156,-13.481053366093457,-16.73699379290082,0.005208333333333333
284,control,28.166666666666668,29.333333333333332,1.1666666666666643,0.0,0.16666666666666666,0.16666666666666666,1500.0,40,ordinary_practice,-37.76655499055388,-13.893374693221746,-19.08024237689143,0.0,-35.397503840245776,-13.23297589507267,-17.413204537398087,0.0047619047619047615
284,rating_only,28.166666666666668,27.666666666666668,-0.5,0.0,0.0,0.0,1500.0,40,rating_tier_board,-37.76655499055388,-13.893374693221746,-19.08024237689143,0.0,-32.90635305630152,-12.906154752294183,-18.7574094992339,0.0
284,rating_history,28.166666666666668,29.666666666666668,1.5,0.0,0.5,0.5,1500.0,40,surface_management,-37.76655499055388,-13.893374693221746,-19.08024237689143,0.0,-38.392489373592774,-13.565271844364556,-18.577880459411872,0.014635603345280765
285,control,27.5,27.333333333333332,-0.16666666666666785,0.0,0.16666666666666666,0.16666666666666666,1500.0,40,ordinary_practice,-37.58046386350984,-13.484711754826698,-17.66331534578661,0.0,-34.69720706696704,-13.243701788157502,-20.359218269334903,0.005747126436781609
285,rating_only,27.5,29.5,2.0,0.0,1.0,1.0,1500.0,40,rating_tier_board,-37.58046386350984,-13.484711754826698,-17.66331534578661,0.0,-42.39013476890493,-13.799224095796676,-17.09620562009675,0.031291748126425545
285,rating_history,27.5,27.0,-0.5,0.0,0.16666666666666666,0.16666666666666666,1500.0,40,hole_management,-37.58046386350984,-13.484711754826698,-17.66331534578661,0.0,-36.010208653353814,-13.158973374295956,-18.636936763952892,0.005376344086021505
286,control,28.0,28.0,0.0,0.0,0.16666666666666666,0.16666666666666666,1500.0,40,ordinary_practice,-38.33017026560964,-12.863193338473279,-17.054496000847504,0.0,-38.84847874826323,-14.072612732095491,-19.34031659193297,0.005208333333333333
286,rating_only,28.0,28.166666666666668,0.16666666666666785,0.0,0.0,0.0,1500.0,40,rating_tier_board,-38.33017026560964,-12.863193338473279,-17.054496000847504,0.0,-34.894814476711026,-13.179321636218187,-17.82174219458702,0.0
286,rating_history,28.0,28.333333333333332,0.33333333333333215,0.0,0.0,0.0,1500.0,40,surface_management,-38.33017026560964,-12.863193338473279,-17.054496000847504,0.0,-35.50580243511278,-13.23419301005508,-17.598288445271205,0.0
287,control,26.333333333333332,29.5,3.166666666666668,0.0,0.8333333333333334,0.8333333333333334,1500.0,40,ordinary_practice,-41.053492063492065,-12.977698412698413,-17.48531746031746,0.0,-36.54676446498973,-12.753014153535768,-16.237456218471962,0.022916666666666665
287,rating_only,26.333333333333332,25.333333333333332,-1.0,0.0,0.3333333333333333,0.3333333333333333,1500.0,40,rating_tier_board,-41.053492063492065,-12.977698412698413,-17.48531746031746,0.0,-37.303943079023725,-12.555587273141036,-18.519391107697558,0.01075268817204301
287,rating_history,26.333333333333332,26.666666666666668,0.3333333333333357,0.0,0.3333333333333333,0.3333333333333333,1500.0,40,hole_management,-41.053492063492065,-12.977698412698413,-17.48531746031746,0.0,-38.23995956254021,-12.693752718806483,-17.508911864718318,0.01075268817204301
288,control,27.666666666666668,27.333333333333332,-0.3333333333333357,0.0,0.3333333333333333,0.3333333333333333,1500.0,40,ordinary_practice,-34.89140139430462,-13.438822521564457,-21.24756882902044,0.0,-38.85873389063045,-13.158202716823407,-17.404743245260487,0.009523809523809523
288,rating_only,27.666666666666668,27.0,-0.6666666666666679,0.0,0.0,0.0,1500.0,40,rating_tier_board,-34.89140139430462,-13.438822521564457,-21.24756882902044,0.0,-36.8194051783632,-12.92948585231194,-17.964525772827873,0.0
288,rating_history,27.666666666666668,27.0,-0.6666666666666679,0.0,0.0,0.0,1500.0,40,hole_management,-34.89140139430462,-13.438822521564457,-21.24756882902044,0.0,-36.8194051783632,-12.92948585231194,-17.964525772827873,0.0
289,control,27.166666666666668,26.833333333333332,-0.3333333333333357,0.0,0.16666666666666666,0.16666666666666666,1500.0,40,ordinary_practice,-35.90013417563705,-13.857793780027976,-22.80915150063857,0.0,-39.34434078336368,-13.624106347161936,-18.612147129503402,0.006944444444444444
289,rating_only,27.166666666666668,27.166666666666668,0.0,0.0,0.5,0.5,1500.0,40,rating_tier_board,-35.90013417563705,-13.857793780027976,-22.80915150063857,0.0,-41.205014851944675,-13.976451545530493,-18.14893599740091,0.01646825396825397
289,rating_history,27.166666666666668,27.0,-0.16666666666666785,0.0,0.3333333333333333,0.3333333333333333,1500.0,40,surface_management,-35.90013417563705,-13.857793780027976,-22.80915150063857,0.0,-39.78222898623948,-13.849119579404437,-19.60481929364988,0.011965811965811967
290,control,27.5,28.5,1.0,0.3333333333333333,0.0,-0.3333333333333333,1500.0,40,ordinary_practice,-43.22931488642093,-14.0173647380099,-17.643558755269915,0.012043010752688172,-39.078682151979564,-13.358172626649639,-17.700674126320678,0.0
290,rating_only,27.5,28.833333333333332,1.3333333333333321,0.3333333333333333,0.3333333333333333,0.0,1500.0,40,rating_tier_board,-43.22931488642093,-14.0173647380099,-17.643558755269915,0.012043010752688172,-38.882793209876546,-13.521766975308642,-17.345463664422,0.010416666666666666
290,rating_history,27.5,29.166666666666668,1.6666666666666679,0.3333333333333333,0.3333333333333333,0.0,1500.0,40,hole_management,-43.22931488642093,-14.0173647380099,-17.643558755269915,0.012043010752688172,-39.78690645773979,-13.665463556505223,-17.207643151601484,0.010416666666666666
291,control,26.0,27.0,1.0,0.0,0.16666666666666666,0.16666666666666666,1500.0,40,ordinary_practice,-44.458258164873605,-13.94020377631697,-20.1189937311564,0.0,-38.28044164222325,-13.298454240523206,-19.272156236696468,0.005747126436781609
291,rating_only,26.0,26.666666666666668,0.6666666666666679,0.0,0.0,0.0,1500.0,40,rating_tier_board,-44.458258164873605,-13.94020377631697,-20.1189937311564,0.0,-34.76605061605062,-12.807549395049396,-17.278879453879455,0.0
291,rating_history,26.0,27.0,1.0,0.0,0.16666666666666666,0.16666666666666666,1500.0,40,surface_management,-44.458258164873605,-13.94020377631697,-20.1189937311564,0.0,-37.61627771972599,-13.41914934788498,-18.329277448817678,0.005747126436781609
292,control,26.333333333333332,26.833333333333332,0.5,0.3333333333333333,0.16666666666666666,-0.16666666666666666,1500.0,40,ordinary_practice,-41.276534946812305,-13.38338241593489,-21.24688965041289,0.012993503248375811,-37.27106376948593,-13.233978568831304,-19.886721169329864,0.006410256410256411
292,rating_only,26.333333333333332,25.833333333333332,-0.5,0.3333333333333333,0.0,-0.3333333333333333,1500.0,40,rating_tier_board,-41.276534946812305,-13.38338241593489,-21.24688965041289,0.012993503248375811,-42.66499498086455,-14.172069556852165,-20.497287192142267,0.0
292,rating_history,26.333333333333332,25.666666666666668,-0.6666666666666643,0.3333333333333333,0.0,-0.3333333333333333,1500.0,40,surface_management,-41.276534946812305,-13.38338241593489,-21.24688965041289,0.012993503248375811,-47.41827237896204,-14.450423778009984,-20.730501180386238,0.0
293,control,27.666666666666668,25.166666666666668,-2.5,0.16666666666666666,0.16666666666666666,0.0,1500.0,40,ordinary_practice,-39.38616772856105,-13.283618047607021,-17.475543888748575,0.006172839506172839,-38.63739994573328,-13.544139194139195,-21.89686270519604,0.006172839506172839
293,rating_only,27.666666666666668,25.5,-2.166666666666668,0.16666666666666666,0.0,-0.16666666666666666,1500.0,40,rating_tier_board,-39.38616772856105,-13.283618047607021,-17.475543888748575,0.006172839506172839,-36.18764856989495,-13.137125220458554,-21.3021911663216,0.0
293,rating_history,27.666666666666668,25.5,-2.166666666666668,0.16666666666666666,0.0,-0.16666666666666666,1500.0,40,surface_management,-39.38616772856105,-13.283618047607021,-17.475543888748575,0.006172839506172839,-36.18764856989495,-13.137125220458554,-21.3021911663216,0.0
294,control,25.0,26.166666666666668,1.1666666666666679,0.0,0.16666666666666666,0.16666666666666666,1500.0,40,ordinary_practice,-39.34395061728395,-13.612592592592593,-24.12003086419753,0.0,-43.446117774101644,-13.608389164598842,-17.719450801090588,0.005376344086021505
294,rating_only,25.0,26.5,1.5,0.0,0.16666666666666666,0.16666666666666666,1500.0,40,rating_tier_board,-39.34395061728395,-13.612592592592593,-24.12003086419753,0.0,-43.65706968223452,-13.63008889361036,-18.967515621841684,0.006172839506172839
294,rating_history,25.0,26.5,1.5,0.0,0.16666666666666666,0.16666666666666666,1500.0,40,hole_management,-39.34395061728395,-13.612592592592593,-24.12003086419753,0.0,-43.65706968223452,-13.63008889361036,-18.967515621841684,0.006172839506172839
295,control,26.5,28.0,1.5,0.16666666666666666,0.0,-0.16666666666666666,1500.0,40,ordinary_practice,-31.367071265741085,-12.43307584558975,-20.391562641618258,0.005555555555555556,-37.59401129535538,-12.739276852180078,-17.095534921072556,0.0
295,rating_only,26.5,26.5,0.0,0.16666666666666666,0.0,-0.16666666666666666,1500.0,40,rating_tier_board,-31.367071265741085,-12.43307584558975,-20.391562641618258,0.005555555555555556,-40.652559504419756,-13.340013015149133,-19.43616458377499,0.0
295,rating_history,26.5,28.833333333333332,2.333333333333332,0.16666666666666666,0.0,-0.16666666666666666,1500.0,40,height_management,-31.367071265741085,-12.43307584558975,-20.391562641618258,0.005555555555555556,-33.961668891984985,-13.34717239444251,-18.55888627655869,0.0
296,control,26.666666666666668,27.833333333333332,1.1666666666666643,0.0,0.0,0.0,1500.0,40,ordinary_practice,-42.11071388807021,-13.830545567672004,-19.856178733994827,0.0,-36.60554970891178,-13.52815868040006,-20.902730755834206,0.0
296,rating_only,26.666666666666668,29.0,2.333333333333332,0.0,0.16666666666666666,0.16666666666666666,1500.0,40,rating_tier_board,-42.11071388807021,-13.830545567672004,-19.856178733994827,0.0,-35.39360639360639,-13.563308604975271,-19.46262379595713,0.005050505050505051
296,rating_history,26.666666666666668,29.0,2.333333333333332,0.0,0.16666666666666666,0.16666666666666666,1500.0,40,surface_management,-42.11071388807021,-13.830545567672004,-19.856178733994827,0.0,-35.39360639360639,-13.563308604975271,-19.46262379595713,0.005050505050505051
297,control,29.5,26.0,-3.5,0.3333333333333333,0.0,-0.3333333333333333,1500.0,40,ordinary_practice,-40.033681722689074,-13.98640873015873,-19.55556722689076,0.01011029411764706,-39.545599249622235,-13.773111307594066,-20.45401363217455,0.0
297,rating_only,29.5,26.0,-3.5,0.3333333333333333,0.0,-0.3333333333333333,1500.0,40,rating_tier_board,-40.033681722689074,-13.98640873015873,-19.55556722689076,0.01011029411764706,-40.48190588263052,-13.45334182725487,-18.495190405407797,0.0
297,rating_history,29.5,27.166666666666668,-2.333333333333332,0.3333333333333333,0.0,-0.3333333333333333,1500.0,40,height_management,-40.033681722689074,-13.98640873015873,-19.55556722689076,0.01011029411764706,-38.639631664631665,-13.276495726495726,-19.243979785646452,0.0
298,control,26.833333333333332,25.666666666666668,-1.1666666666666643,0.0,0.0,0.0,1500.0,40,ordinary_practice,-37.20243753623435,-13.331843385606827,-20.263827848088138,0.0,-40.338259734093064,-12.793347578347579,-17.390522317188985,0.0
298,rating_only,26.833333333333332,28.5,1.6666666666666679,0.0,0.3333333333333333,0.3333333333333333,1500.0,40,rating_tier_board,-37.20243753623435,-13.331843385606827,-20.263827848088138,0.0,-41.64680696825858,-13.356471579105989,-15.63973427728804,0.009009009009009009
298,rating_history,26.833333333333332,27.166666666666668,0.3333333333333357,0.0,0.0,0.0,1500.0,40,surface_management,-37.20243753623435,-13.331843385606827,-20.263827848088138,0.0,-40.83466835578626,-13.170854927972096,-16.043806870459633,0.0
299,control,28.0,27.5,-0.5,0.5,0.0,-0.5,1500.0,40,ordinary_practice,-41.67740826880007,-14.276714562946447,-20.23522480212885,0.013888888888888888,-41.544444444444444,-14.060185185185185,-20.32391975308642,0.0
299,rating_only,28.0,28.333333333333332,0.33333333333333215,0.5,0.3333333333333333,-0.16666666666666669,1500.0,40,rating_tier_board,-41.67740826880007,-14.276714562946447,-20.23522480212885,0.013888888888888888,-42.13942103022563,-13.990687526607067,-19.58707428693061,0.011919965942954448
299,rating_history,28.0,29.666666666666668,1.6666666666666679,0.5,0.16666666666666666,-0.33333333333333337,1500.0,40,surface_management,-41.67740826880007,-14.276714562946447,-20.23522480212885,0.013888888888888888,-39.720670512129075,-14.279478307426722,-20.423447478318863,0.005050505050505051
300,control,26.166666666666668,26.333333333333332,0.1666666666666643,0.0,0.0,0.0,1500.0,40,ordinary_practice,-37.83130808633682,-12.765452485998463,-18.19019629795492,0.0,-36.9507043616239,-13.015270714810944,-18.42828321529471,0.0
300,rating_only,26.166666666666668,26.166666666666668,0.0,0.0,0.0,0.0,1500.0,40,rating_tier_board,-37.83130808633682,-12.765452485998463,-18.19019629795492,0.0,-36.23117716153948,-13.066559452356554,-17.979774278325003,0.0
300,rating_history,26.166666666666668,26.333333333333332,0.1666666666666643,0.0,0.0,0.0,1500.0,40,height_management,-37.83130808633682,-12.765452485998463,-18.19019629795492,0.0,-37.246461937381476,-13.015270714810944,-18.363131700143196,0.0
301,control,26.833333333333332,26.666666666666668,-0.1666666666666643,0.0,0.0,0.0,1500.0,40,ordinary_practice,-33.80612653583668,-13.02504836816431,-19.463781830086177,0.0,-37.67346129776237,-13.408697598697598,-19.726968328366176,0.0
301,rating_only,26.833333333333332,27.833333333333332,1.0,0.0,0.0,0.0,1500.0,40,rating_tier_board,-33.80612653583668,-13.02504836816431,-19.463781830086177,0.0,-35.99108678465,-13.297335036185611,-18.441088609134585,0.0
301,rating_history,26.833333333333332,27.333333333333332,0.5,0.0,0.0,0.0,1500.0,40,hole_management,-33.80612653583668,-13.02504836816431,-19.463781830086177,0.0,-35.517604058625565,-13.325780237285613,-18.83181351503932,0.0
302,control,28.333333333333332,26.833333333333332,-1.5,0.16666666666666666,0.5,0.33333333333333337,1500.0,40,ordinary_practice,-39.116614300922095,-13.663221153846154,-18.356830426890912,0.005376344086021505,-42.5717118226601,-13.44596743295019,-17.944545703338807,0.01935823754789272
302,rating_only,28.333333333333332,26.833333333333332,-1.5,0.16666666666666666,0.5,0.33333333333333337,1500.0,40,rating_tier_board,-39.116614300922095,-13.663221153846154,-18.356830426890912,0.005376344086021505,-42.5917118226601,-13.44596743295019,-18.144545703338807,0.01935823754789272
302,rating_history,28.333333333333332,27.333333333333332,-1.0,0.16666666666666666,0.3333333333333333,0.16666666666666666,1500.0,40,hole_management,-39.116614300922095,-13.663221153846154,-18.356830426890912,0.005376344086021505,-38.599035816193286,-13.025801638351332,-18.63761689431782,0.011328725038402458
303,control,27.833333333333332,27.0,-0.8333333333333321,0.16666666666666666,0.16666666666666666,0.0,1500.0,40,ordinary_practice,-34.397594549499445,-13.351715751187387,-18.396157767890248,0.005376344086021505,-37.96773934130818,-13.410875603864735,-21.962350040257647,0.005208333333333333
303,rating_only,27.833333333333332,29.333333333333332,1.5,0.16666666666666666,0.3333333333333333,0.16666666666666666,1500.0,40,rating_tier_board,-34.397594549499445,-13.351715751187387,-18.396157767890248,0.005376344086021505,-35.95364195181795,-13.59426495784418,-20.705675275072807,0.01011029411764706
303,rating_history,27.833333333333332,30.166666666666668,2.3333333333333357,0.16666666666666666,0.3333333333333333,0.16666666666666666,1500.0,40,height_management,-34.397594549499445,-13.351715751187387,-18.396157767890248,0.005376344086021505,-34.53915736984449,-13.524954783637593,-19.44194557133198,0.01011029411764706
304,control,27.5,24.666666666666668,-2.833333333333332,0.3333333333333333,0.16666666666666666,-0.16666666666666666,1500.0,40,ordinary_practice,-37.61590014923348,-13.074514991181658,-18.391206077872745,0.009523809523809523,-39.218669663669665,-13.422057942057943,-21.565514485514484,0.006666666666666667
304,rating_only,27.5,26.333333333333332,-1.1666666666666679,0.3333333333333333,0.0,-0.3333333333333333,1500.0,40,rating_tier_board,-37.61590014923348,-13.074514991181658,-18.391206077872745,0.009523809523809523,-39.161006653468085,-13.358529969329409,-19.19021190357095,0.0
304,rating_history,27.5,27.0,-0.5,0.3333333333333333,0.16666666666666666,-0.16666666666666666,1500.0,40,surface_management,-37.61590014923348,-13.074514991181658,-18.391206077872745,0.009523809523809523,-37.07136686558682,-12.617861620555567,-16.83623513867333,0.004901960784313725
305,control,26.0,27.5,1.5,0.0,0.16666666666666666,0.16666666666666666,1500.0,40,ordinary_practice,-40.99995149911817,-13.298161375661376,-19.290753968253966,0.0,-36.903491379310346,-13.359145114942528,-19.655057471264367,0.005555555555555556
305,rating_only,26.0,27.5,1.5,0.0,0.16666666666666666,0.16666666666666666,1500.0,40,rating_tier_board,-40.99995149911817,-13.298161375661376,-19.290753968253966,0.0,-36.903491379310346,-13.359145114942528,-19.655057471264367,0.005555555555555556
305,rating_history,26.0,28.333333333333332,2.333333333333332,0.0,0.6666666666666666,0.6666666666666666,1500.0,40,surface_management,-40.99995149911817,-13.298161375661376,-19.290753968253966,0.0,-39.38247311827957,-13.673838801580738,-18.95765370829887,0.021684587813620072
306,control,27.0,29.666666666666668,2.666666666666668,0.16666666666666666,0.16666666666666666,0.0,1500.0,40,ordinary_practice,-40.5779925361377,-13.585520599472211,-18.717289278821536,0.005376344086021505,-39.240790824631254,-13.708706922805376,-16.59321242112797,0.004901960784313725
306,rating_only,27.0,28.666666666666668,1.6666666666666679,0.16666666666666666,0.16666666666666666,0.0,1500.0,40,rating_tier_board,-40.5779925361377,-13.585520599472211,-18.717289278821536,0.005376344086021505,-38.633978675645345,-13.690575558451902,-17.67069575685167,0.005050505050505051
306,rating_history,27.0,26.5,-0.5,0.16666666666666666,0.16666666666666666,0.0,1500.0,40,hole_management,-40.5779925361377,-13.585520599472211,-18.717289278821536,0.005376344086021505,-42.396094786855656,-13.082503185220578,-15.627712082603386,0.006944444444444444
307,control,29.666666666666668,28.5,-1.1666666666666679,0.3333333333333333,0.5,0.16666666666666669,1500.0,40,ordinary_practice,-35.33802031864912,-13.113671746328947,-17.877489121201087,0.01045751633986928,-39.971393632721906,-13.383587860472744,-19.310876906318082,0.014705882352941178
307,rating_only,29.666666666666668,28.5,-1.1666666666666679,0.3333333333333333,0.5,0.16666666666666669,1500.0,40,rating_tier_board,-35.33802031864912,-13.113671746328947,-17.877489121201087,0.01045751633986928,-39.971393632721906,-13.383587860472744,-19.310876906318082,0.014705882352941178
307,rating_history,29.666666666666668,28.833333333333332,-0.8333333333333357,0.3333333333333333,0.0,-0.3333333333333333,1500.0,40,surface_management,-35.33802031864912,-13.113671746328947,-17.877489121201087,0.01045751633986928,-38.60719911208417,-13.816075931305816,-20.12153418101694,0.0
308,control,27.5,27.0,-0.5,0.0,0.0,0.0,1500.0,40,ordinary_practice,-36.30833944928031,-13.626768077601412,-19.565603345280763,0.0,-35.27386698526483,-12.832212977186096,-17.54050705467372,0.0
308,rating_only,27.5,27.0,-0.5,0.0,0.16666666666666666,0.16666666666666666,1500.0,40,rating_tier_board,-36.30833944928031,-13.626768077601412,-19.565603345280763,0.0,-35.49489873129658,-12.960466945440064,-18.591018518518517,0.005952380952380952
308,rating_history,27.5,29.0,1.5,0.0,0.5,0.5,1500.0,40,surface_management,-36.30833944928031,-13.626768077601412,-19.565603345280763,0.0,-36.739197530864196,-13.04891975308642,-17.53287037037037,0.016975308641975308
309,control,28.833333333333332,24.166666666666668,-4.666666666666664,0.3333333333333333,0.0,-0.3333333333333333,1500.0,40,ordinary_practice,-36.30019785553712,-14.19194099992209,-22.038672102214928,0.010101010101010102,-42.872246376811596,-13.605217391304349,-19.915640096618358,0.0
309,rating_only,28.833333333333332,26.166666666666668,-2.6666666666666643,0.3333333333333333,0.0,-0.3333333333333333,1500.0,40,rating_tier_board,-36.30019785553712,-14.19194099992209,-22.038672102214928,0.010101010101010102,-38.17939723260063,-13.412213509647293,-19.707300979140058,0.0
309,rating_history,28.833333333333332,26.166666666666668,-2.6666666666666643,0.3333333333333333,0.0,-0.3333333333333333,1500.0,40,surface_management,-36.30019785553712,-14.19194099992209,-22.038672102214928,0.010101010101010102,-38.17939723260063,-13.412213509647293,-19.707300979140058,0.0
310,control,27.333333333333332,27.166666666666668,-0.1666666666666643,0.0,0.16666666666666666,0.16666666666666666,1500.0,40,ordinary_practice,-34.49540919914483,-12.952612346146829,-17.478492250618686,0.0,-39.374796432642185,-13.454998695395432,-18.33958680328721,0.006172839506172839
310,rating_only,27.333333333333332,28.166666666666668,0.8333333333333357,0.0,0.16666666666666666,0.16666666666666666,1500.0,40,rating_tier_board,-34.49540919914483,-12.952612346146829,-17.478492250618686,0.0,-38.28006385696041,-13.1952447850149,-18.837220093656875,0.005747126436781609
310,rating_history,27.333333333333332,27.5,0.16666666666666785,0.0,0.16666666666666666,0.16666666666666666,1500.0,40,hole_management,-34.49540919914483,-12.952612346146829,-17.478492250618686,0.0,-37.66717589599943,-13.188438195791136,-18.77887847446671,0.005952380952380952
311,control,27.666666666666668,26.666666666666668,-1.0,0.16666666666666666,0.16666666666666666,0.0,1500.0,40,ordinary_practice,-38.5540749727346,-13.190224757938886,-18.444736282750743,0.005376344086021505,-37.936972510248374,-13.631295428709223,-20.847142799729006,0.005952380952380952
311,rating_only,27.666666666666668,26.666666666666668,-1.0,0.16666666666666666,0.0,-0.16666666666666666,1500.0,40,rating_tier_board,-38.5540749727346,-13.190224757938886,-18.444736282750743,0.005376344086021505,-40.07091642924976,-13.669017094017093,-19.03696581196581,0.0
311,rating_history,27.666666666666668,23.333333333333332,-4.333333333333336,0.16666666666666666,0.0,-0.16666666666666666,1500.0,40,surface_management,-38.5540749727346,-13.190224757938886,-18.444736282750743,0.005376344086021505,-36.755509768009766,-13.483976856476858,-25.452808025308027,0.0
312,control,28.166666666666668,27.5,-0.6666666666666679,0.0,0.0,0.0,1500.0,40,ordinary_practice,-38.37958892958893,-13.602659069325735,-17.561955636955638,0.0,-34.23778379799213,-13.501208960792294,-21.873442121150454,0.0
312,rating_only,28.166666666666668,27.666666666666668,-0.5,0.0,0.0,0.0,1500.0,40,rating_tier_board,-38.37958892958893,-13.602659069325735,-17.561955636955638,0.0,-35.44490460927961,-13.413245997829332,-20.25996108058608,0.0
312,rating_history,28.166666666666668,27.666666666666668,-0.5,0.0,0.0,0.0,1500.0,40,hole_management,-38.37958892958893,-13.602659069325735,-17.561955636955638,0.0,-35.280552757427756,-13.425591676841677,-20.76651972256139,0.0
313,control,26.0,25.666666666666668,-0.33333333333333215,0.16666666666666666,0.0,-0.16666666666666666,1500.0,40,ordinary_practice,-38.951389953171564,-13.196295232013622,-18.170929118773948,0.006944444444444444,-41.68626373626374,-13.497893772893773,-18.209065934065933,0.0
313,rating_only,26.0,24.166666666666668,-1.8333333333333321,0.16666666666666666,0.0,-0.16666666666666666,1500.0,40,rating_tier_board,-38.951389953171564,-13.196295232013622,-18.170929118773948,0.006944444444444444,-38.96569597069597,-13.536153846153846,-21.96674603174603,0.0
313,rating_history,26.0,24.166666666666668,-1.8333333333333321,0.16666666666666666,0.0,-0.16666666666666666,1500.0,40,surface_management,-38.951389953171564,-13.196295232013622,-18.170929118773948,0.006944444444444444,-39.04208485958486,-13.515320512820512,-22.112579365079366,0.0
314,control,26.333333333333332,25.0,-1.3333333333333321,0.16666666666666666,0.0,-0.16666666666666666,1500.0,40,ordinary_practice,-36.683615022695484,-13.526259447236459,-22.01574516373367,0.005952380952380952,-36.546513112491375,-12.795395100069014,-20.40896652864044,0.0
314,rating_only,26.333333333333332,26.666666666666668,0.3333333333333357,0.16666666666666666,0.0,-0.16666666666666666,1500.0,40,rating_tier_board,-36.683615022695484,-13.526259447236459,-22.01574516373367,0.005952380952380952,-36.595136836343734,-13.251575138356747,-20.507306148513045,0.0
314,rating_history,26.333333333333332,26.666666666666668,0.3333333333333357,0.16666666666666666,0.0,-0.16666666666666666,1500.0,40,hole_management,-36.683615022695484,-13.526259447236459,-22.01574516373367,0.005952380952380952,-35.84641888762579,-13.449267446049056,-21.683716404923302,0.0
315,control,27.166666666666668,26.666666666666668,-0.5,0.16666666666666666,0.3333333333333333,0.16666666666666666,1500.0,40,ordinary_practice,-41.32923145926019,-13.2042209333876,-17.319060250094733,0.005747126436781609,-43.31761871589458,-13.596283234645304,-18.305960881391915,0.011919965942954448
315,rating_only,27.166666666666668,26.666666666666668,-0.5,0.16666666666666666,0.3333333333333333,0.16666666666666666,1500.0,40,rating_tier_board,-41.32923145926019,-13.2042209333876,-17.319060250094733,0.005747126436781609,-43.31761871589458,-13.596283234645304,-18.305960881391915,0.011919965942954448
315,rating_history,27.166666666666668,24.666666666666668,-2.5,0.16666666666666666,0.0,-0.16666666666666666,1500.0,40,surface_management,-41.32923145926019,-13.2042209333876,-17.319060250094733,0.005747126436781609,-38.39434947768281,-13.357178248482597,-20.53601511210207,0.0
316,control,27.833333333333332,27.833333333333332,0.0,0.0,0.16666666666666666,0.16666666666666666,1500.0,40,ordinary_practice,-39.69215337132004,-13.347462606837606,-18.276000118708453,0.0,-39.58762046396157,-13.204241646457877,-17.14166359216705,0.005376344086021505
316,rating_only,27.833333333333332,28.333333333333332,0.5,0.0,0.16666666666666666,0.16666666666666666,1500.0,40,rating_tier_board,-39.69215337132004,-13.347462606837606,-18.276000118708453,0.0,-38.07939755460589,-13.330873694207028,-17.79179546533713,0.005208333333333333
316,rating_history,27.833333333333332,28.5,0.6666666666666679,0.0,0.16666666666666666,0.16666666666666666,1500.0,40,surface_management,-39.69215337132004,-13.347462606837606,-18.276000118708453,0.0,-39.23507885925271,-13.346851360644465,-17.20687454972656,0.005208333333333333
317,control,28.0,27.333333333333332,-0.6666666666666679,0.0,0.3333333333333333,0.3333333333333333,1500.0,40,ordinary_practice,-40.44043782951829,-13.533225267708026,-16.72564921243082,0.0,-41.26968390804598,-14.140746062154108,-22.00837590464027,0.011919965942954448
317,rating_only,28.0,28.666666666666668,0.6666666666666679,0.0,0.3333333333333333,0.3333333333333333,1500.0,40,rating_tier_board,-40.44043782951829,-13.533225267708026,-16.72564921243082,0.0,-39.379655476494555,-13.798766854412015,-19.573631097064542,0.012125220458553791
317,rating_history,28.0,28.5,0.5,0.0,0.16666666666666666,0.16666666666666666,1500.0,40,hole_management,-40.44043782951829,-13.533225267708026,-16.72564921243082,0.0,-33.61510662177329,-13.055131783787697,-19.860736085897376,0.006172839506172839
318,control,27.166666666666668,27.5,0.33333333333333215,0.0,0.0,0.0,1500.0,40,ordinary_practice,-37.26445845555041,-13.198746017711535,-18.760308337894546,0.0,-35.85782196969697,-12.668875561167228,-16.984020061728394,0.0
318,rating_only,27.166666666666668,27.833333333333332,0.6666666666666643,0.0,0.3333333333333333,0.3333333333333333,1500.0,40,rating_tier_board,-37.26445845555041,-13.198746017711535,-18.760308337894546,0.0,-38.51222011784512,-12.872498897707231,-16.28199755491422,0.010416666666666666
318,rating_history,27.166666666666668,27.833333333333332,0.6666666666666643,0.0,0.3333333333333333,0.3333333333333333,1500.0,40,hole_management,-37.26445845555041,-13.198746017711535,-18.760308337894546,0.0,-38.51222011784512,-12.872498897707231,-16.28199755491422,0.010416666666666666
319,control,28.833333333333332,25.5,-3.333333333333332,0.3333333333333333,0.16666666666666666,-0.16666666666666666,1500.0,40,ordinary_practice,-35.88256504524887,-13.21627436894298,-17.761944001738627,0.01011029411764706,-38.32768746551355,-13.202006200991708,-20.187368519832287,0.005555555555555556
319,rating_only,28.833333333333332,24.833333333333332,-4.0,0.3333333333333333,0.16666666666666666,-0.16666666666666666,1500.0,40,rating_tier_board,-35.88256504524887,-13.21627436894298,-17.761944001738627,0.01011029411764706,-37.500000090877286,-12.995364395188957,-19.775799742817288,0.005555555555555556
319,rating_history,28.833333333333332,28.5,-0.33333333333333215,0.3333333333333333,0.3333333333333333,0.0,1500.0,40,height_management,-35.88256504524887,-13.21627436894298,-17.761944001738627,0.01011029411764706,-38.59644529587059,-13.113045064769203,-17.452622696588215,0.011728395061728394
320,control,27.0,27.0,0.0,0.16666666666666666,0.16666666666666666,0.0,1500.0,40,ordinary_practice,-41.07136684303351,-13.453915343915344,-18.155947971781305,0.006172839506172839,-39.95551572097549,-13.385581858541629,-18.553911542905794,0.005747126436781609
320,rating_only,27.0,27.333333333333332,0.33333333333333215,0.16666666666666666,0.16666666666666666,0.0,1500.0,40,rating_tier_board,-41.07136684303351,-13.453915343915344,-18.155947971781305,0.006172839506172839,-37.672830208318715,-13.237511578459854,-19.133319123405332,0.005952380952380952
320,rating_history,27.0,28.666666666666668,1.6666666666666679,0.16666666666666666,0.16666666666666666,0.0,1500.0,40,height_management,-41.07136684303351,-13.453915343915344,-18.155947971781305,0.006172839506172839,-41.64651336318003,-13.25487043820377,-16.012491520824852,0.0047619047619047615
321,control,26.666666666666668,27.333333333333332,0.6666666666666643,0.16666666666666666,0.16666666666666666,0.0,1500.0,40,ordinary_practice,-37.0264780451562,-12.99723036648324,-17.987823213397927,0.005952380952380952,-40.84915283099191,-13.126170102779298,-16.98057714528979,0.006172839506172839
321,rating_only,26.666666666666668,28.333333333333332,1.6666666666666643,0.16666666666666666,0.5,0.33333333333333337,1500.0,40,rating_tier_board,-37.0264780451562,-12.99723036648324,-17.987823213397927,0.005952380952380952,-39.169020061728396,-13.297762345679013,-19.929822530864197,0.016936728395061728
321,rating_history,26.666666666666668,29.0,2.333333333333332,0.16666666666666666,0.16666666666666666,0.0,1500.0,40,height_management,-37.0264780451562,-12.99723036648324,-17.987823213397927,0.005952380952380952,-39.744408602150536,-13.102867383512544,-16.858481822836662,0.005376344086021505
322,control,28.333333333333332,27.833333333333332,-0.5,0.3333333333333333,0.3333333333333333,0.0,1500.0,40,ordinary_practice,-35.936746794871794,-12.859366710875332,-19.32099658961728,0.011111111111111112,-37.966780287613624,-13.130090896757563,-19.532756749423417,0.009523809523809523
322,rating_only,28.333333333333332,27.333333333333332,-1.0,0.3333333333333333,0.3333333333333333,0.0,1500.0,40,rating_tier_board,-35.936746794871794,-12.859366710875332,-19.32099658961728,0.011111111111111112,-32.723804611735645,-12.781367685103318,-19.992824863514517,0.011699507389162561
322,rating_history,28.333333333333332,27.833333333333332,-0.5,0.3333333333333333,0.3333333333333333,0.0,1500.0,40,hole_management,-35.936746794871794,-12.859366710875332,-19.32099658961728,0.011111111111111112,-37.938120675620674,-13.124358974358975,-19.48778320444987,0.009523809523809523
323,control,28.333333333333332,26.833333333333332,-1.5,0.16666666666666666,0.16666666666666666,0.0,1500.0,40,ordinary_practice,-36.87373715421383,-13.101961267265526,-19.095492874265695,0.005050505050505051,-41.10803328855053,-13.75272301559658,-17.43971225666628,0.005555555555555556
323,rating_only,28.333333333333332,27.166666666666668,-1.1666666666666643,0.16666666666666666,0.16666666666666666,0.0,1500.0,40,rating_tier_board,-36.87373715421383,-13.101961267265526,-19.095492874265695,0.005050505050505051,-36.604974993806515,-13.82653879701887,-18.770276693918,0.005208333333333333
323,rating_history,28.333333333333332,27.166666666666668,-1.1666666666666643,0.16666666666666666,0.16666666666666666,0.0,1500.0,40,hole_management,-36.87373715421383,-13.101961267265526,-19.095492874265695,0.005050505050505051,-36.604974993806515,-13.82653879701887,-18.770276693918,0.005208333333333333
324,control,27.666666666666668,25.166666666666668,-2.5,0.16666666666666666,0.0,-0.16666666666666666,1500.0,40,ordinary_practice,-41.05551769165275,-14.330273008972721,-19.434661742312606,0.005208333333333333,-35.79041115888942,-13.10249933641238,-18.678483835005572,0.0
324,rating_only,27.666666666666668,28.666666666666668,1.0,0.16666666666666666,0.16666666666666666,0.0,1500.0,40,rating_tier_board,-41.05551769165275,-14.330273008972721,-19.434661742312606,0.005208333333333333,-33.82763736263736,-13.305445665445665,-19.137527472527474,0.0047619047619047615
324,rating_history,27.666666666666668,28.666666666666668,1.0,0.16666666666666666,0.16666666666666666,0.0,1500.0,40,hole_management,-41.05551769165275,-14.330273008972721,-19.434661742312606,0.005208333333333333,-33.82763736263736,-13.305445665445665,-19.137527472527474,0.0047619047619047615
325,control,26.5,27.166666666666668,0.6666666666666679,0.0,0.0,0.0,1500.0,40,ordinary_practice,-40.40067494234161,-13.058506308506308,-16.36239994573328,0.0,-34.8129070093288,-13.483313714807968,-20.392311685390148,0.0
325,rating_only,26.5,28.0,1.5,0.0,0.16666666666666666,0.16666666666666666,1500.0,40,rating_tier_board,-40.40067494234161,-13.058506308506308,-16.36239994573328,0.0,-40.93163810251737,-13.288452342456223,-17.006791842174152,0.004901960784313725
325,rating_history,26.5,28.0,1.5,0.0,0.16666666666666666,0.16666666666666666,1500.0,40,hole_management,-40.40067494234161,-13.058506308506308,-16.36239994573328,0.0,-38.51196242242816,-12.966998221319448,-17.955904409251122,0.005747126436781609
326,control,27.5,27.333333333333332,-0.16666666666666785,0.16666666666666666,0.3333333333333333,0.16666666666666666,1500.0,40,ordinary_practice,-36.12780416036812,-13.072986509226777,-19.20911226148712,0.005747126436781609,-40.20381858285084,-13.079534662867996,-17.913235609472167,0.01075268817204301
326,rating_only,27.5,26.666666666666668,-0.8333333333333321,0.16666666666666666,0.3333333333333333,0.16666666666666666,1500.0,40,rating_tier_board,-36.12780416036812,-13.072986509226777,-19.20911226148712,0.005747126436781609,-37.72253313989873,-12.752597001763668,-18.649199522102748,0.01075268817204301
326,rating_history,27.5,26.666666666666668,-0.8333333333333321,0.16666666666666666,0.3333333333333333,0.16666666666666666,1500.0,40,hole_management,-36.12780416036812,-13.072986509226777,-19.20911226148712,0.005747126436781609,-38.59389116459009,-12.703955026455027,-17.56426125049781,0.01075268817204301
327,control,25.333333333333332,27.166666666666668,1.8333333333333357,0.0,0.0,0.0,1500.0,40,ordinary_practice,-34.16302123663443,-12.459355212503638,-20.353382374746694,0.0,-39.0093237243812,-13.302225707455593,-19.944871116537783,0.0
327,rating_only,25.333333333333332,27.166666666666668,1.8333333333333357,0.0,0.0,0.0,1500.0,40,rating_tier_board,-34.16302123663443,-12.459355212503638,-20.353382374746694,0.0,-39.10456181961929,-13.302225707455593,-19.86153778320445,0.0
327,rating_history,25.333333333333332,25.333333333333332,0.0,0.0,0.0,0.0,1500.0,40,height_management,-34.16302123663443,-12.459355212503638,-20.353382374746694,0.0,-41.01740317519303,-13.199121970353854,-19.168466699698584,0.0
328,control,26.5,28.833333333333332,2.333333333333332,0.16666666666666666,0.16666666666666666,0.0,1500.0,40,ordinary_practice,-40.01506093018716,-13.233182703224779,-19.302661200417162,0.006666666666666667,-38.993079836829835,-14.162043512043512,-22.08951291763792,0.005050505050505051
328,rating_only,26.5,27.333333333333332,0.8333333333333321,0.16666666666666666,0.0,-0.16666666666666666,1500.0,40,rating_tier_board,-40.01506093018716,-13.233182703224779,-19.302661200417162,0.006666666666666667,-42.32908000364897,-13.803829897220702,-18.08627531472359,0.0
328,rating_history,26.5,26.666666666666668,0.16666666666666785,0.16666666666666666,0.0,-0.16666666666666666,1500.0,40,hole_management,-40.01506093018716,-13.233182703224779,-19.302661200417162,0.006666666666666667,-43.25905945836605,-13.868057042907118,-19.004816044358773,0.0
329,control,27.666666666666668,25.5,-2.166666666666668,0.16666666666666666,0.0,-0.16666666666666666,1500.0,40,ordinary_practice,-37.42701871381307,-13.209604183898538,-16.848159444597616,0.005208333333333333,-36.77262952101662,-13.311700879765397,-20.559481915933528,0.0
329,rating_only,27.666666666666668,25.5,-2.166666666666668,0.16666666666666666,0.0,-0.16666666666666666,1500.0,40,rating_tier_board,-37.42701871381307,-13.209604183898538,-16.848159444597616,0.005208333333333333,-37.219296187683284,-13.311700879765397,-20.266148582600195,0.0
329,rating_history,27.666666666666668,28.0,0.33333333333333215,0.16666666666666666,0.16666666666666666,0.0,1500.0,40,hole_management,-37.42701871381307,-13.209604183898538,-16.848159444597616,0.005208333333333333,-37.6414728615841,-13.310734719488892,-17.707879552779442,0.006410256410256411
330,control,27.166666666666668,25.5,-1.6666666666666679,0.0,0.16666666666666666,0.16666666666666666,1500.0,40,ordinary_practice,-38.94018121103266,-13.618355578264998,-19.197751842561626,0.0,-38.94279100529101,-14.264866574649183,-21.538083735909822,0.005555555555555556
330,rating_only,27.166666666666668,25.5,-1.6666666666666679,0.0,0.16666666666666666,0.16666666666666666,1500.0,40,rating_tier_board,-38.94018121103266,-13.618355578264998,-19.197751842561626,0.0,-38.94279100529101,-14.264866574649183,-21.538083735909822,0.005555555555555556
330,rating_history,27.166666666666668,26.666666666666668,-0.5,0.0,0.0,0.0,1500.0,40,hole_management,-38.94018121103266,-13.618355578264998,-19.197751842561626,0.0,-35.17915479582146,-13.310956790123457,-21.585861823361824,0.0
331,control,27.333333333333332,26.666666666666668,-0.6666666666666643,0.0,0.16666666666666666,0.16666666666666666,1500.0,40,ordinary_practice,-40.29690917107584,-13.886252204585539,-20.267116402116404,0.0,-34.32506613756614,-13.0092151675485,-19.57742504409171,0.005555555555555556
331,rating_only,27.333333333333332,26.666666666666668,-0.6666666666666643,0.0,0.16666666666666666,0.16666666666666666,1500.0,40,rating_tier_board,-40.29690917107584,-13.886252204585539,-20.267116402116404,0.0,-34.32506613756614,-13.0092151675485,-19.57742504409171,0.005555555555555556
331,rating_history,27.333333333333332,27.166666666666668,-0.1666666666666643,0.0,0.16666666666666666,0.16666666666666666,1500.0,40,hole_management,-40.29690917107584,-13.886252204585539,-20.267116402116404,0.0,-38.75841473341473,-13.502005710339043,-20.020126786793455,0.005555555555555556
332,control,27.5,26.0,-1.5,0.16666666666666666,0.16666666666666666,0.0,1500.0,40,ordinary_practice,-38.80991443292148,-13.717383637387345,-20.464781294592196,0.005747126436781609,-38.584115776869396,-12.802135203765639,-19.17394710764276,0.006410256410256411
332,rating_only,27.5,27.666666666666668,0.16666666666666785,0.16666666666666666,0.16666666666666666,0.0,1500.0,40,rating_tier_board,-38.80991443292148,-13.717383637387345,-20.464781294592196,0.005747126436781609,-39.02637917637917,-13.946021262687928,-21.2512358012358,0.005050505050505051
332,rating_history,27.5,27.666666666666668,0.16666666666666785,0.16666666666666666,0.0,-0.16666666666666666,1500.0,40,hole_management,-38.80991443292148,-13.717383637387345,-20.464781294592196,0.005747126436781609,-41.811175552842215,-13.900542667209333,-19.066483516483515,0.0
333,control,27.833333333333332,26.166666666666668,-1.6666666666666643,0.0,0.0,0.0,1500.0,40,ordinary_practice,-35.68687047472365,-13.069675667306367,-16.376880824033215,0.0,-34.21049990877577,-12.996704524721766,-19.16423021954631,0.0
333,rating_only,27.833333333333332,26.833333333333332,-1.0,0.0,0.16666666666666666,0.16666666666666666,1500.0,40,rating_tier_board,-35.68687047472365,-13.069675667306367,-16.376880824033215,0.0,-36.42606583231583,-13.368691493691493,-20.470589981006647,0.006410256410256411
333,rating_history,27.833333333333332,26.833333333333332,-1.0,0.0,0.16666666666666666,0.16666666666666666,1500.0,40,hole_management,-35.68687047472365,-13.069675667306367,-16.376880824033215,0.0,-36.42606583231583,-13.368691493691493,-20.470589981006647,0.006410256410256411
334,control,26.833333333333332,27.333333333333332,0.5,0.3333333333333333,0.16666666666666666,-0.16666666666666666,1500.0,40,ordinary_practice,-38.364810313941064,-13.128791560982652,-18.546866649474406,0.011381172839506173,-39.22010582010582,-13.651477072310406,-18.79049823633157,0.006172839506172839
334,rating_only,26.833333333333332,26.833333333333332,0.0,0.3333333333333333,0.0,-0.3333333333333333,1500.0,40,rating_tier_board,-38.364810313941064,-13.128791560982652,-18.546866649474406,0.011381172839506173,-39.379921348849386,-13.148388305847076,-18.489073320482614,0.0
334,rating_history,26.833333333333332,27.333333333333332,0.5,0.3333333333333333,0.0,-0.3333333333333333,1500.0,40,height_management,-38.364810313941064,-13.128791560982652,-18.546866649474406,0.011381172839506173,-36.47586980920315,-12.654638890271075,-16.618806427714475,0.0
335,control,27.666666666666668,28.333333333333332,0.6666666666666643,0.16666666666666666,0.0,-0.16666666666666666,1500.0,40,ordinary_practice,-40.712578994976106,-13.075768456608278,-16.44967291699772,0.005376344086021505,-35.733126558413915,-13.063318737456669,-18.14704433497537,0.0
335,rating_only,27.666666666666668,30.0,2.333333333333332,0.16666666666666666,0.3333333333333333,0.16666666666666666,1500.0,40,rating_tier_board,-40.712578994976106,-13.075768456608278,-16.44967291699772,0.005376344086021505,-34.133767106549364,-13.303877629986502,-16.925454865475025,0.011002886002886002
335,rating_history,27.666666666666668,26.0,-1.6666666666666679,0.16666666666666666,0.0,-0.16666666666666666,1500.0,40,height_management,-40.712578994976106,-13.075768456608278,-16.44967291699772,0.005376344086021505,-39.80487654320988,-13.071851851851852,-18.415246913580248,0.0
336,control,26.166666666666668,25.5,-0.6666666666666679,0.3333333333333333,0.3333333333333333,0.0,1500.0,40,ordinary_practice,-42.38761137949544,-13.903840823695896,-19.887636266042062,0.012626262626262626,-42.29779969091563,-13.383000654739785,-20.116186081765793,0.012362637362637362
336,rating_only,26.166666666666668,25.5,-0.6666666666666679,0.3333333333333333,0.3333333333333333,0.0,1500.0,40,rating_tier_board,-42.38761137949544,-13.903840823695896,-19.887636266042062,0.012626262626262626,-42.36439255189255,-13.66910866910867,-21.673153235653235,0.012362637362637362
336,rating_history,26.166666666666668,25.0,-1.1666666666666679,0.3333333333333333,0.3333333333333333,0.0,1500.0,40,hole_management,-42.38761137949544,-13.903840823695896,-19.887636266042062,0.012626262626262626,-44.215258506925174,-14.230411563744898,-22.401789568456234,0.012125220458553791
337,control,27.166666666666668,27.833333333333332,0.6666666666666643,0.16666666666666666,0.16666666666666666,0.0,1500.0,40,ordinary_practice,-36.00631089217296,-12.932789987789988,-19.667689992000337,0.005555555555555556,-32.481357885034356,-12.857677643707056,-17.832780989888832,0.004901960784313725
337,rating_only,27.166666666666668,29.5,2.333333333333332,0.16666666666666666,0.16666666666666666,0.0,1500.0,40,rating_tier_board,-36.00631089217296,-12.932789987789988,-19.667689992000337,0.005555555555555556,-35.11371313078439,-13.445221996844715,-16.79132005787113,0.005747126436781609
337,rating_history,27.166666666666668,29.5,2.333333333333332,0.16666666666666666,0.16666666666666666,0.0,1500.0,40,height_management,-36.00631089217296,-12.932789987789988,-19.667689992000337,0.005555555555555556,-34.35606156441071,-13.318447148974533,-16.782113386696913,0.005747126436781609
338,control,28.666666666666668,30.333333333333332,1.6666666666666643,0.16666666666666666,0.3333333333333333,0.16666666666666666,1500.0,40,ordinary_practice,-41.09315646392038,-14.128364709621335,-17.67293620674076,0.004901960784313725,-34.048669398130606,-14.036637931034482,-18.897193933939626,0.009970238095238095
338,rating_only,28.666666666666668,28.666666666666668,0.0,0.16666666666666666,0.16666666666666666,0.0,1500.0,40,rating_tier_board,-41.09315646392038,-14.128364709621335,-17.67293620674076,0.004901960784313725,-36.515083235198176,-14.111623348979672,-20.229071226772376,0.0047619047619047615
338,rating_history,28.666666666666668,30.333333333333332,1.6666666666666643,0.16666666666666666,0.3333333333333333,0.16666666666666666,1500.0,40,height_management,-41.09315646392038,-14.128364709621335,-17.67293620674076,0.004901960784313725,-34.66160043591449,-13.930753821118115,-16.94959798806434,0.009970238095238095
339,control,26.666666666666668,27.5,0.8333333333333321,0.0,0.16666666666666666,0.16666666666666666,1500.0,40,ordinary_practice,-39.59465285672182,-13.118494800218938,-16.22141636141636,0.0,-36.69259760000952,-13.653168579400775,-22.54011714380905,0.005208333333333333
339,rating_only,26.666666666666668,26.833333333333332,0.1666666666666643,0.0,0.16666666666666666,0.16666666666666666,1500.0,40,rating_tier_board,-39.59465285672182,-13.118494800218938,-16.22141636141636,0.0,-36.21171847442681,-13.35510582010582,-21.539306657848325,0.005208333333333333
339,rating_history,26.666666666666668,26.833333333333332,0.1666666666666643,0.0,0.0,0.0,1500.0,40,surface_management,-39.59465285672182,-13.118494800218938,-16.22141636141636,0.0,-33.77085933223864,-13.33008757525999,-22.388869731800767,0.0
340,control,27.0,26.333333333333332,-0.6666666666666679,0.3333333333333333,0.0,-0.3333333333333333,1500.0,40,ordinary_practice,-37.73697110360904,-13.152170980360635,-18.7451279371969,0.010101010101010102,-34.91473664266768,-13.003825312618416,-19.981100585238515,0.0
340,rating_only,27.0,26.666666666666668,-0.33333333333333215,0.3333333333333333,0.0,-0.3333333333333333,1500.0,40,rating_tier_board,-37.73697110360904,-13.152170980360635,-18.7451279371969,0.010101010101010102,-33.38701991495095,-13.159960843753947,-20.069134773272705,0.0
340,rating_history,27.0,26.333333333333332,-0.6666666666666679,0.3333333333333333,0.0,-0.3333333333333333,1500.0,40,hole_management,-37.73697110360904,-13.152170980360635,-18.7451279371969,0.010101010101010102,-34.91473664266768,-13.003825312618416,-19.981100585238515,0.0
341,control,25.833333333333332,30.5,4.666666666666668,0.3333333333333333,0.3333333333333333,0.0,1500.0,40,ordinary_practice,-49.47010921177588,-14.45817901234568,-20.99043209876543,0.01258309591642925,-33.59971953988181,-13.804145314540852,-20.617153664821007,0.009009009009009009
341,rating_only,25.833333333333332,28.333333333333332,2.5,0.3333333333333333,0.3333333333333333,0.0,1500.0,40,rating_tier_board,-49.47010921177588,-14.45817901234568,-20.99043209876543,0.01258309591642925,-38.975399527792,-13.581716447630427,-18.961894912385503,0.010584677419354838
341,rating_history,25.833333333333332,27.0,1.1666666666666679,0.3333333333333333,0.0,-0.3333333333333333,1500.0,40,height_management,-49.47010921177588,-14.45817901234568,-20.99043209876543,0.01258309591642925,-39.480056161378,-13.217521133613088,-16.869487390004632,0.0
342,control,26.666666666666668,29.0,2.333333333333332,0.3333333333333333,0.16666666666666666,-0.16666666666666666,1500.0,40,ordinary_practice,-40.35295550128883,-13.30253663003663,-18.89497727581061,0.011111111111111112,-32.72689250612789,-12.747410223459699,-17.437007091692248,0.0047619047619047615
342,rating_only,26.666666666666668,29.0,2.333333333333332,0.3333333333333333,0.3333333333333333,0.0,1500.0,40,rating_tier_board,-40.35295550128883,-13.30253663003663,-18.89497727581061,0.011111111111111112,-35.92838672024017,-13.42423860595556,-19.155783274037585,0.012413793103448275
342,rating_history,26.666666666666668,29.0,2.333333333333332,0.3333333333333333,0.0,-0.3333333333333333,1500.0,40,surface_management,-40.35295550128883,-13.30253663003663,-18.89497727581061,0.011111111111111112,-33.85706584868941,-13.066907439888762,-18.071609737910027,0.0
343,control,25.0,27.166666666666668,2.166666666666668,0.0,0.0,0.0,1500.0,40,ordinary_practice,-41.3518981018981,-13.334811739984154,-19.116476435441953,0.0,-38.617277150299955,-13.146464970575092,-16.980718129355505,0.0
343,rating_only,25.0,27.0,2.0,0.0,0.0,0.0,1500.0,40,rating_tier_board,-41.3518981018981,-13.334811739984154,-19.116476435441953,0.0,-39.53224133252869,-13.362736773656314,-17.13323854200291,0.0
343,rating_history,25.0,27.0,2.0,0.0,0.3333333333333333,0.3333333333333333,1500.0,40,hole_management,-41.3518981018981,-13.334811739984154,-19.116476435441953,0.0,-40.92796509152831,-13.452037037037037,-17.05042252022137,0.011494252873563218
344,control,28.666666666666668,28.0,-0.6666666666666679,0.16666666666666666,0.0,-0.16666666666666666,1500.0,40,ordinary_practice,-36.219790745652816,-13.109422387648195,-15.92166093855471,0.005376344086021505,-37.432881037719746,-12.929403481822836,-16.501443647949024,0.0
344,rating_only,28.666666666666668,28.166666666666668,-0.5,0.16666666666666666,0.16666666666666666,0.0,1500.0,40,rating_tier_board,-36.219790745652816,-13.109422387648195,-15.92166093855471,0.005376344086021505,-38.05337639216106,-13.301198507888913,-17.95960430499036,0.005747126436781609
344,rating_history,28.666666666666668,28.166666666666668,-0.5,0.16666666666666666,0.16666666666666666,0.0,1500.0,40,height_management,-36.219790745652816,-13.109422387648195,-15.92166093855471,0.005376344086021505,-38.05337639216106,-13.301198507888913,-17.95960430499036,0.005747126436781609
345,control,27.833333333333332,28.0,0.16666666666666785,0.3333333333333333,0.16666666666666666,-0.16666666666666666,1500.0,40,ordinary_practice,-38.19598457098457,-13.425452325452326,-18.85600011100011,0.010101010101010102,-38.09484076986232,-13.493918782367059,-19.618785840596185,0.006410256410256411
345,rating_only,27.833333333333332,28.0,0.16666666666666785,0.3333333333333333,0.16666666666666666,-0.16666666666666666,1500.0,40,rating_tier_board,-38.19598457098457,-13.425452325452326,-18.85600011100011,0.010101010101010102,-38.14150743652899,-13.493918782367059,-19.56545250726285,0.006410256410256411
345,rating_history,27.833333333333332,28.0,0.16666666666666785,0.3333333333333333,0.0,-0.3333333333333333,1500.0,40,hole_management,-38.19598457098457,-13.425452325452326,-18.85600011100011,0.010101010101010102,-38.286175082101806,-13.606707717569787,-19.215486453201972,0.0
346,control,27.333333333333332,28.166666666666668,0.8333333333333357,0.16666666666666666,0.3333333333333333,0.16666666666666666,1500.0,40,ordinary_practice,-36.64279817883266,-12.731445738169876,-17.773831915211225,0.0047619047619047615,-37.69320436507937,-13.31733312983313,-19.246989892823226,0.011381172839506173
346,rating_only,27.333333333333332,26.666666666666668,-0.6666666666666643,0.16666666666666666,0.0,-0.16666666666666666,1500.0,40,rating_tier_board,-36.64279817883266,-12.731445738169876,-17.773831915211225,0.0047619047619047615,-35.86385645699739,-13.04797219827205,-17.170546543984827,0.0
346,rating_history,27.333333333333332,26.666666666666668,-0.6666666666666643,0.16666666666666666,0.0,-0.16666666666666666,1500.0,40,hole_management,-36.64279817883266,-12.731445738169876,-17.773831915211225,0.0047619047619047615,-35.86385645699739,-13.04797219827205,-17.170546543984827,0.0
347,control,28.333333333333332,27.333333333333332,-1.0,0.5,0.3333333333333333,-0.16666666666666669,1500.0,40,ordinary_practice,-41.640619473916885,-14.01087256852343,-19.697107095490715,0.01670258620689655,-39.821252204585534,-13.550334488840235,-20.753606397859272,0.011302681992337164
347,rating_only,28.333333333333332,25.833333333333332,-2.5,0.5,0.0,-0.5,1500.0,40,rating_tier_board,-41.640619473916885,-14.01087256852343,-19.697107095490715,0.01670258620689655,-38.48176093170346,-13.457386121753938,-21.016137566137566,0.0
347,rating_history,28.333333333333332,26.0,-2.333333333333332,0.5,0.16666666666666666,-0.33333333333333337,1500.0,40,surface_management,-41.640619473916885,-14.01087256852343,-19.697107095490715,0.01670258620689655,-35.62484014403055,-12.864206795666066,-20.096438217602635,0.005555555555555556
348,control,28.166666666666668,26.833333333333332,-1.3333333333333357,0.0,0.0,0.0,1500.0,40,ordinary_practice,-38.08415324787683,-13.826819261260306,-19.14078473436093,0.0,-37.09092775041051,-12.972701149425287,-18.989566228790366,0.0
348,rating_only,28.166666666666668,26.5,-1.6666666666666679,0.0,0.0,0.0,1500.0,40,rating_tier_board,-38.08415324787683,-13.826819261260306,-19.14078473436093,0.0,-39.19817977915804,-13.262661030595813,-20.02438750862664,0.0
348,rating_history,28.166666666666668,25.833333333333332,-2.3333333333333357,0.0,0.0,0.0,1500.0,40,surface_management,-38.08415324787683,-13.826819261260306,-19.14078473436093,0.0,-43.59211657616263,-13.63268547526223,-17.933605773693493,0.0
349,control,28.166666666666668,30.333333333333332,2.1666666666666643,0.16666666666666666,0.16666666666666666,0.0,1500.0,40,ordinary_practice,-42.741246737168126,-14.2847832930332,-19.497112440011957,0.005376344086021505,-36.68476222053808,-13.969613647846407,-18.94427182013389,0.005208333333333333
349,rating_only,28.166666666666668,26.833333333333332,-1.3333333333333357,0.16666666666666666,0.0,-0.16666666666666666,1500.0,40,rating_tier_board,-42.741246737168126,-14.2847832930332,-19.497112440011957,0.005376344086021505,-37.330336021505374,-14.049742383512545,-21.15861111111111,0.0
349,rating_history,28.166666666666668,26.5,-1.6666666666666679,0.16666666666666666,0.0,-0.16666666666666666,1500.0,40,hole_management,-42.741246737168126,-14.2847832930332,-19.497112440011957,0.005376344086021505,-36.36954898446834,-13.703484667463162,-21.250925925925927,0.0
350,control,25.333333333333332,27.0,1.6666666666666679,0.0,0.0,0.0,1500.0,40,ordinary_practice,-38.66951566951567,-13.744199905033238,-20.672483380816715,0.0,-36.38458553791887,-13.365661375661375,-20.24390652557319,0.0
350,rating_only,25.333333333333332,29.0,3.666666666666668,0.0,0.16666666666666666,0.16666666666666666,1500.0,40,rating_tier_board,-38.66951566951567,-13.744199905033238,-20.672483380816715,0.0,-36.39881805880369,-14.330019623575659,-19.427767991905924,0.005747126436781609
350,rating_history,25.333333333333332,28.166666666666668,2.8333333333333357,0.0,0.0,0.0,1500.0,40,hole_management,-38.66951566951567,-13.744199905033238,-20.672483380816715,0.0,-33.94835731732631,-13.253210145915004,-18.041136819611744,0.0
351,control,26.166666666666668,28.5,2.333333333333332,0.0,0.16666666666666666,0.16666666666666666,1500.0,40,ordinary_practice,-37.337021990632685,-13.280098046214988,-19.878017810895123,0.0,-33.498333333333335,-12.816493516062481,-16.74321894341291,0.005208333333333333
351,rating_only,26.166666666666668,27.5,1.3333333333333321,0.0,0.3333333333333333,0.3333333333333333,1500.0,40,rating_tier_board,-37.337021990632685,-13.280098046214988,-19.878017810895123,0.0,-38.38360181910469,-13.136561834823329,-20.520677395454694,0.010955459770114943
351,rating_history,26.166666666666668,28.166666666666668,2.0,0.0,0.5,0.5,1500.0,40,height_management,-37.337021990632685,-13.280098046214988,-19.878017810895123,0.0,-36.26277553763441,-12.662833141321045,-18.160525153609832,0.015625
352,control,26.166666666666668,26.833333333333332,0.6666666666666643,0.16666666666666666,0.3333333333333333,0.16666666666666666,1500.0,40,ordinary_practice,-38.61078001941957,-13.455470564965657,-20.701409357356063,0.005376344086021505,-42.410614875575135,-13.562680254311857,-20.17682989313424,0.010101010101010102
352,rating_only,26.166666666666668,26.666666666666668,0.5,0.16666666666666666,0.0,-0.16666666666666666,1500.0,40,rating_tier_board,-38.61078001941957,-13.455470564965657,-20.701409357356063,0.005376344086021505,-39.87084249084249,-13.530347985347985,-21.470848595848594,0.0
352,rating_history,26.166666666666668,27.0,0.8333333333333321,0.16666666666666666,0.0,-0.16666666666666666,1500.0,40,height_management,-38.61078001941957,-13.455470564965657,-20.701409357356063,0.005376344086021505,-39.06499726327313,-13.640765125678918,-21.556400256831292,0.0
353,control,28.666666666666668,30.333333333333332,1.6666666666666643,0.0,0.0,0.0,1500.0,40,ordinary_practice,-33.46840708186212,-12.676230722173928,-18.52699427791551,0.0,-33.5444562420647,-13.34142256828575,-17.951697171941888,0.0
353,rating_only,28.666666666666668,28.833333333333332,0.1666666666666643,0.0,0.0,0.0,1500.0,40,rating_tier_board,-33.46840708186212,-12.676230722173928,-18.52699427791551,0.0,-35.7504618226601,-13.006812739463602,-17.241853106185,0.0
353,rating_history,28.666666666666668,30.0,1.3333333333333321,0.0,0.5,0.5,1500.0,40,hole_management,-33.46840708186212,-12.676230722173928,-18.52699427791551,0.0,-35.325775199263106,-13.274290097552669,-17.275075184408674,0.015318627450980392
354,control,27.666666666666668,25.833333333333332,-1.8333333333333357,0.3333333333333333,0.0,-0.3333333333333333,1500.0,40,ordinary_practice,-40.470172570573986,-13.820331437436192,-18.40652026432725,0.01075268817204301,-37.66295895462562,-13.22303391053391,-19.764820827320825,0.0
354,rating_only,27.666666666666668,27.166666666666668,-0.5,0.3333333333333333,0.16666666666666666,-0.16666666666666666,1500.0,40,rating_tier_board,-40.470172570573986,-13.820331437436192,-18.40652026432725,0.01075268817204301,-39.131878306878306,-12.923963844797179,-16.523611111111112,0.005555555555555556
354,rating_history,27.666666666666668,24.0,-3.666666666666668,0.3333333333333333,0.0,-0.3333333333333333,1500.0,40,height_management,-40.470172570573986,-13.820331437436192,-18.40652026432725,0.01075268817204301,-42.173291751190305,-13.4197378373103,-19.541560794278187,0.0
355,control,27.666666666666668,27.666666666666668,0.0,0.3333333333333333,0.3333333333333333,0.0,1500.0,40,ordinary_practice,-39.32172098601696,-13.730141303991878,-19.07670584045584,0.010416666666666666,-35.21417225294676,-12.904155494106474,-17.792550695491872,0.011074800290486565
355,rating_only,27.666666666666668,28.333333333333332,0.6666666666666643,0.3333333333333333,0.3333333333333333,0.0,1500.0,40,rating_tier_board,-39.32172098601696,-13.730141303991878,-19.07670584045584,0.010416666666666666,-39.33413844468952,-13.271756195815335,-19.05774735395031,0.010584677419354838
355,rating_history,27.666666666666668,28.333333333333332,0.6666666666666643,0.3333333333333333,0.3333333333333333,0.0,1500.0,40,height_management,-39.32172098601696,-13.730141303991878,-19.07670584045584,0.010416666666666666,-39.41438535826977,-13.271756195815335,-18.909599205802163,0.010584677419354838
356,control,26.0,27.5,1.5,0.16666666666666666,0.16666666666666666,0.0,1500.0,40,ordinary_practice,-36.35334197471879,-12.743457026065721,-18.828346103708423,0.006410256410256411,-37.42240969970855,-12.917559611525128,-18.55069026333394,0.005747126436781609
356,rating_only,26.0,27.5,1.5,0.16666666666666666,0.16666666666666666,0.0,1500.0,40,rating_tier_board,-36.35334197471879,-12.743457026065721,-18.828346103708423,0.006410256410256411,-37.48788589018474,-12.917559611525128,-18.639975977619656,0.005747126436781609
356,rating_history,26.0,27.833333333333332,1.8333333333333321,0.16666666666666666,0.5,0.33333333333333337,1500.0,40,height_management,-36.35334197471879,-12.743457026065721,-18.828346103708423,0.006410256410256411,-36.37486895820229,-13.105599647266313,-19.711987086987087,0.013888888888888888
357,control,28.833333333333332,25.666666666666668,-3.1666666666666643,0.16666666666666666,0.0,-0.16666666666666666,1500.0,40,ordinary_practice,-37.369435199408315,-12.978922206576776,-16.087314032542526,0.005952380952380952,-37.31603726626715,-13.020597129562647,-19.49324196875921,0.0
357,rating_only,28.833333333333332,26.5,-2.333333333333332,0.16666666666666666,0.3333333333333333,0.16666666666666666,1500.0,40,rating_tier_board,-37.369435199408315,-12.978922206576776,-16.087314032542526,0.005952380952380952,-37.525100852306736,-13.008971964854318,-18.434578175999743,0.00980392156862745
357,rating_history,28.833333333333332,24.833333333333332,-4.0,0.16666666666666666,0.0,-0.16666666666666666,1500.0,40,surface_management,-37.369435199408315,-12.978922206576776,-16.087314032542526,0.005952380952380952,-38.20001821179358,-12.958093704470516,-19.59740913273522,0.0
358,control,26.166666666666668,28.333333333333332,2.1666666666666643,0.16666666666666666,0.3333333333333333,0.16666666666666666,1500.0,40,ordinary_practice,-42.038246815745566,-13.218487660931439,-17.89900057907554,0.006172839506172839,-38.44035016946655,-13.49220485453244,-19.406025404193507,0.010763888888888889
358,rating_only,26.166666666666668,26.0,-0.16666666666666785,0.16666666666666666,0.0,-0.16666666666666666,1500.0,40,rating_tier_board,-42.038246815745566,-13.218487660931439,-17.89900057907554,0.006172839506172839,-40.66256312014933,-13.766171202148213,-20.780636277302943,0.0
358,rating_history,26.166666666666668,28.166666666666668,2.0,0.16666666666666666,0.5,0.33333333333333337,1500.0,40,hole_management,-42.038246815745566,-13.218487660931439,-17.89900057907554,0.006172839506172839,-40.009553104272236,-13.744599193017805,-19.668118647855394,0.017371293580971
359,control,28.833333333333332,29.833333333333332,1.0,0.3333333333333333,0.16666666666666666,-0.16666666666666666,1500.0,40,ordinary_practice,-38.776702533577534,-13.986880341880342,-19.962415293040294,0.011160714285714286,-34.694940096089525,-13.9994313689716,-22.555087271179225,0.004629629629629629
359,rating_only,28.833333333333332,25.666666666666668,-3.1666666666666643,0.3333333333333333,0.16666666666666666,-0.16666666666666666,1500.0,40,rating_tier_board,-38.776702533577534,-13.986880341880342,-19.962415293040294,0.011160714285714286,-36.95367840971289,-14.083121858983928,-24.909475294820123,0.005747126436781609
359,rating_history,28.833333333333332,30.166666666666668,1.3333333333333357,0.3333333333333333,0.16666666666666666,-0.16666666666666666,1500.0,40,hole_management,-38.776702533577534,-13.986880341880342,-19.962415293040294,0.011160714285714286,-34.60022329609889,-14.374715025915162,-26.0576964548736,0.004901960784313725
360,control,24.5,28.333333333333332,3.833333333333332,0.0,0.5,0.5,1500.0,40,ordinary_practice,-39.0364817911557,-13.04107673727239,-20.744017094017096,0.0,-36.572352322856354,-13.605562448304383,-19.592324062586158,0.01716294458229942
360,rating_only,24.5,25.0,0.5,0.0,0.0,0.0,1500.0,40,rating_tier_board,-39.0364817911557,-13.04107673727239,-20.744017094017096,0.0,-35.77741899807117,-12.596331687636035,-19.687338364802134,0.0
360,rating_history,24.5,24.666666666666668,0.16666666666666785,0.0,0.0,0.0,1500.0,40,surface_management,-39.0364817911557,-13.04107673727239,-20.744017094017096,0.0,-37.80848558594554,-12.258079024049657,-16.33708642580687,0.0
361,control,27.666666666666668,26.666666666666668,-1.0,0.3333333333333333,0.16666666666666666,-0.16666666666666666,1500.0,40,ordinary_practice,-34.534977572074155,-13.275981012201719,-22.100816231823096,0.008771929824561403,-36.275132859902975,-12.835394357664473,-19.317321434419135,0.006410256410256411
361,rating_only,27.666666666666668,28.5,0.8333333333333321,0.3333333333333333,0.16666666666666666,-0.16666666666666666,1500.0,40,rating_tier_board,-34.534977572074155,-13.275981012201719,-22.100816231823096,0.008771929824561403,-37.412654320987656,-12.988271604938271,-17.337698412698412,0.0047619047619047615
361,rating_history,27.666666666666668,26.833333333333332,-0.8333333333333357,0.3333333333333333,0.0,-0.3333333333333333,1500.0,40,surface_management,-34.534977572074155,-13.275981012201719,-22.100816231823096,0.008771929824561403,-35.49613403412254,-13.215353879836638,-20.76898530588186,0.0
362,control,27.333333333333332,30.5,3.166666666666668,0.0,0.6666666666666666,0.6666666666666666,1500.0,40,ordinary_practice,-39.110910158346755,-13.558168276972625,-18.500657877079977,0.0,-37.91304221401204,-13.849045566502463,-17.94601293103448,0.02211617405582923
362,rating_only,27.333333333333332,26.666666666666668,-0.6666666666666643,0.0,0.0,0.0,1500.0,40,rating_tier_board,-39.110910158346755,-13.558168276972625,-18.500657877079977,0.0,-39.61027869002007,-13.550351669403394,-18.538485829836404,0.0
362,rating_history,27.333333333333332,28.666666666666668,1.3333333333333357,0.0,0.3333333333333333,0.3333333333333333,1500.0,40,height_management,-39.110910158346755,-13.558168276972625,-18.500657877079977,0.0,-39.70035315764483,-13.48124881291548,-18.333680555555556,0.010416666666666666
363,control,27.0,26.333333333333332,-0.6666666666666679,0.3333333333333333,0.0,-0.3333333333333333,1500.0,40,ordinary_practice,-41.99506486568987,-14.174903083028083,-20.151800976800978,0.010416666666666666,-38.5396336996337,-14.15537851037851,-21.673333333333332,0.0
363,rating_only,27.0,26.333333333333332,-0.6666666666666679,0.3333333333333333,0.0,-0.3333333333333333,1500.0,40,rating_tier_board,-41.99506486568987,-14.174903083028083,-20.151800976800978,0.010416666666666666,-39.01163656267104,-13.959425287356321,-20.492859879584017,0.0
363,rating_history,27.0,27.5,0.5,0.3333333333333333,0.5,0.16666666666666669,1500.0,40,hole_management,-41.99506486568987,-14.174903083028083,-20.151800976800978,0.010416666666666666,-39.37926406926407,-14.01878787878788,-20.575165945165946,0.015656565656565657
364,control,26.666666666666668,26.666666666666668,0.0,0.0,0.0,0.0,1500.0,40,ordinary_practice,-38.29749110792589,-13.01883447470404,-17.82648457822371,0.0,-37.90587635141165,-12.698809519052624,-18.136883332068,0.0
364,rating_only,26.666666666666668,26.666666666666668,0.0,0.0,0.0,0.0,1500.0,40,rating_tier_board,-38.29749110792589,-13.01883447470404,-17.82648457822371,0.0,-37.87501215388078,-12.698809519052624,-18.198611727129727,0.0
364,rating_history,26.666666666666668,26.666666666666668,0.0,0.0,0.0,0.0,1500.0,40,hole_management,-38.29749110792589,-13.01883447470404,-17.82648457822371,0.0,-37.794765240300535,-12.698809519052624,-18.326816855334854,0.0
365,control,26.5,27.5,1.0,0.5,0.16666666666666666,-0.33333333333333337,1500.0,40,ordinary_practice,-42.529044746103565,-13.730573152337858,-19.68032787473964,0.014705882352941178,-40.1154494547598,-13.902416740347775,-18.894338343648688,0.006410256410256411
365,rating_only,26.5,27.5,1.0,0.5,0.16666666666666666,-0.33333333333333337,1500.0,40,rating_tier_board,-42.529044746103565,-13.730573152337858,-19.68032787473964,0.014705882352941178,-39.954529914529914,-13.902416740347775,-19.08399351606248,0.006410256410256411
365,rating_history,26.5,27.5,1.0,0.5,0.0,-0.5,1500.0,40,surface_management,-42.529044746103565,-13.730573152337858,-19.68032787473964,0.014705882352941178,-37.581106058692264,-12.951049955791335,-17.957197065386723,0.0
366,control,26.666666666666668,28.833333333333332,2.1666666666666643,0.0,0.0,0.0,1500.0,40,ordinary_practice,-33.01448212480471,-13.441377937076862,-23.047988542719725,0.0,-32.46765745007681,-13.959413722478239,-20.567660010240655,0.0
366,rating_only,26.666666666666668,27.166666666666668,0.5,0.0,0.0,0.0,1500.0,40,rating_tier_board,-33.01448212480471,-13.441377937076862,-23.047988542719725,0.0,-32.25828156113102,-13.03694544006372,-20.505497809637596,0.0
366,rating_history,26.666666666666668,26.833333333333332,0.1666666666666643,0.0,0.16666666666666666,0.16666666666666666,1500.0,40,height_management,-33.01448212480471,-13.441377937076862,-23.047988542719725,0.0,-40.01470569660225,-13.455409877478843,-18.50984905898699,0.006666666666666667
367,control,25.833333333333332,26.333333333333332,0.5,0.0,0.0,0.0,1500.0,40,ordinary_practice,-35.70400759734093,-12.808648080314747,-17.331330891330893,0.0,-40.25423160214764,-13.525162931354835,-17.962666487269185,0.0
367,rating_only,25.833333333333332,26.333333333333332,0.5,0.0,0.0,0.0,1500.0,40,rating_tier_board,-35.70400759734093,-12.808648080314747,-17.331330891330893,0.0,-41.81876933328208,-13.17240930816643,-16.318428606209714,0.0
367,rating_history,25.833333333333332,25.166666666666668,-0.6666666666666643,0.0,0.0,0.0,1500.0,40,surface_management,-35.70400759734093,-12.808648080314747,-17.331330891330893,0.0,-43.71691647053966,-13.768301746562615,-17.41354927949131,0.0
368,control,27.166666666666668,27.0,-0.16666666666666785,0.16666666666666666,0.0,-0.16666666666666666,1500.0,40,ordinary_practice,-34.84053618794998,-12.728230390299355,-20.411793187655256,0.005747126436781609,-36.84190339354132,-13.05301724137931,-17.220365353037767,0.0
368,rating_only,27.166666666666668,26.5,-0.6666666666666679,0.16666666666666666,0.0,-0.16666666666666666,1500.0,40,rating_tier_board,-34.84053618794998,-12.728230390299355,-20.411793187655256,0.005747126436781609,-38.4775637633971,-13.287914953288517,-17.736520228388045,0.0
368,rating_history,27.166666666666668,25.666666666666668,-1.5,0.16666666666666666,0.0,-0.16666666666666666,1500.0,40,surface_management,-34.84053618794998,-12.728230390299355,-20.411793187655256,0.005747126436781609,-37.17834656084656,-12.842671957671957,-18.743192239858907,0.0
369,control,26.333333333333332,26.0,-0.33333333333333215,0.0,0.0,0.0,1500.0,40,ordinary_practice,-37.14761600681141,-13.640937633035334,-20.445216049382715,0.0,-36.63719080309469,-13.241443188180346,-17.948840899099324,0.0
369,rating_only,26.333333333333332,25.666666666666668,-0.6666666666666643,0.0,0.0,0.0,1500.0,40,rating_tier_board,-37.14761600681141,-13.640937633035334,-20.445216049382715,0.0,-36.973535688865525,-13.284897053637684,-19.749967548693185,0.0
369,rating_history,26.333333333333332,28.166666666666668,1.8333333333333357,0.0,0.16666666666666666,0.16666666666666666,1500.0,40,height_management,-37.14761600681141,-13.640937633035334,-20.445216049382715,0.0,-36.421856393445196,-13.203250053685723,-17.5295567822913,0.005376344086021505
370,control,26.5,28.166666666666668,1.6666666666666679,0.0,0.3333333333333333,0.3333333333333333,1500.0,40,ordinary_practice,-42.76120607787274,-14.130921177587844,-21.26022792022792,0.0,-42.72809379163662,-14.51250830185758,-19.2892845937896,0.011328725038402458
370,rating_only,26.5,28.166666666666668,1.6666666666666679,0.0,0.16666666666666666,0.16666666666666666,1500.0,40,rating_tier_board,-42.76120607787274,-14.130921177587844,-21.26022792022792,0.0,-37.88270481355391,-12.910817169345163,-17.439749116426906,0.005050505050505051
370,rating_history,26.5,29.833333333333332,3.333333333333332,0.0,0.0,0.0,1500.0,40,height_management,-42.76120607787274,-14.130921177587844,-21.26022792022792,0.0,-33.35706781785758,-13.075739718815358,-16.401977826894402,0.0
371,control,28.333333333333332,24.666666666666668,-3.6666666666666643,0.3333333333333333,0.0,-0.3333333333333333,1500.0,40,ordinary_practice,-36.58421374523525,-13.307780764635604,-20.505374210616147,0.011507936507936507,-36.728726545818,-12.974475174999913,-19.96549539915357,0.0
371,rating_only,28.333333333333332,25.666666666666668,-2.6666666666666643,0.3333333333333333,0.0,-0.3333333333333333,1500.0,40,rating_tier_board,-36.58421374523525,-13.307780764635604,-20.505374210616147,0.011507936507936507,-38.508080808080805,-12.936994949494949,-17.82344276094276,0.0
371,rating_history,28.333333333333332,27.166666666666668,-1.1666666666666643,0.3333333333333333,0.0,-0.3333333333333333,1500.0,40,surface_management,-36.58421374523525,-13.307780764635604,-20.505374210616147,0.011507936507936507,-39.68107545172823,-13.214127675616286,-16.234830232733096,0.0
372,control,26.666666666666668,27.666666666666668,1.0,0.0,0.16666666666666666,0.16666666666666666,1500.0,40,ordinary_practice,-41.96661033908942,-14.077646181420906,-20.011232174348198,0.0,-33.36946339101512,-12.498150955047507,-19.437558769455322,0.005747126436781609
372,rating_only,26.666666666666668,25.833333333333332,-0.8333333333333357,0.0,0.0,0.0,1500.0,40,rating_tier_board,-41.96661033908942,-14.077646181420906,-20.011232174348198,0.0,-38.84479588488584,-13.378787828308068,-20.008432686013897,0.0
372,rating_history,26.666666666666668,25.833333333333332,-0.8333333333333357,0.0,0.0,0.0,1500.0,40,height_management,-41.96661033908942,-14.077646181420906,-20.011232174348198,0.0,-38.84479588488584,-13.378787828308068,-20.008432686013897,0.0
373,control,25.5,27.166666666666668,1.6666666666666679,0.0,0.3333333333333333,0.3333333333333333,1500.0,40,ordinary_practice,-41.3322496947497,-13.25775641025641,-17.731040903540904,0.0,-42.2967056357861,-13.587197498117039,-17.80562923666372,0.01215738284703802
373,rating_only,25.5,27.0,1.5,0.0,0.5,0.5,1500.0,40,rating_tier_board,-41.3322496947497,-13.25775641025641,-17.731040903540904,0.0,-43.23250035010788,-13.604424871225946,-16.871828514973675,0.017738981448658868
373,rating_history,25.5,28.5,3.0,0.0,0.3333333333333333,0.3333333333333333,1500.0,40,surface_management,-41.3322496947497,-13.25775641025641,-17.731040903540904,0.0,-42.44464138012525,-13.475411731390597,-16.829058131338442,0.011699507389162561
374,control,24.833333333333332,28.5,3.666666666666668,0.0,0.0,0.0,1500.0,40,ordinary_practice,-38.21243386243386,-12.74076278659612,-18.865321869488536,0.0,-33.08764416106833,-12.95103239569313,-18.624010613248657,0.0
374,rating_only,24.833333333333332,26.666666666666668,1.8333333333333357,0.0,0.0,0.0,1500.0,40,rating_tier_board,-38.21243386243386,-12.74076278659612,-18.865321869488536,0.0,-36.19967096122269,-13.123183023872679,-18.77183655425035,0.0
374,rating_history,24.833333333333332,26.666666666666668,1.8333333333333357,0.0,0.0,0.0,1500.0,40,hole_management,-38.21243386243386,-12.74076278659612,-18.865321869488536,0.0,-36.19967096122269,-13.123183023872679,-18.77183655425035,0.0
375,control,27.0,27.666666666666668,0.6666666666666679,0.16666666666666666,0.16666666666666666,0.0,1500.0,40,ordinary_practice,-39.96677327550984,-13.844140974517318,-19.837456878048275,0.005376344086021505,-38.82778989836026,-13.156036050075322,-18.22681938600592,0.005555555555555556
375,rating_only,27.0,28.333333333333332,1.3333333333333321,0.16666666666666666,0.0,-0.16666666666666666,1500.0,40,rating_tier_board,-39.96677327550984,-13.844140974517318,-19.837456878048275,0.005376344086021505,-31.165650723025585,-13.185472747497219,-20.166748238783835,0.0
375,rating_history,27.0,28.333333333333332,1.3333333333333321,0.16666666666666666,0.0,-0.16666666666666666,1500.0,40,hole_management,-39.96677327550984,-13.844140974517318,-19.837456878048275,0.005376344086021505,-30.555535780496847,-13.353518724508714,-21.674104560622915,0.0
376,control,26.0,28.166666666666668,2.166666666666668,0.16666666666666666,0.16666666666666666,0.0,1500.0,40,ordinary_practice,-37.683272560902296,-12.968788198451593,-17.979105859423765,0.005376344086021505,-36.688749203694854,-13.66793328953655,-19.52550416069438,0.005952380952380952
376,rating_only,26.0,25.5,-0.5,0.16666666666666666,0.0,-0.16666666666666666,1500.0,40,rating_tier_board,-37.683272560902296,-12.968788198451593,-17.979105859423765,0.005376344086021505,-33.46725176829344,-13.288214008214009,-24.18847569097569,0.0
376,rating_history,26.0,27.5,1.5,0.16666666666666666,0.16666666666666666,0.0,1500.0,40,hole_management,-37.683272560902296,-12.968788198451593,-17.979105859423765,0.005376344086021505,-37.527513760880694,-13.462213581669227,-19.54004547200112,0.005952380952380952
377,control,26.833333333333332,28.166666666666668,1.3333333333333357,0.0,0.16666666666666666,0.16666666666666666,1500.0,40,ordinary_practice,-36.15808080808081,-13.311013986013986,-19.189141414141414,0.0,-36.329256207324526,-13.023496714856917,-16.29677501202474,0.004901960784313725
377,rating_only,26.833333333333332,26.166666666666668,-0.6666666666666643,0.0,0.16666666666666666,0.16666666666666666,1500.0,40,rating_tier_board,-36.15808080808081,-13.311013986013986,-19.189141414141414,0.0,-33.53025217613927,-13.032749615975423,-22.770448028673833,0.005952380952380952
377,rating_history,26.833333333333332,28.666666666666668,1.8333333333333357,0.0,0.16666666666666666,0.16666666666666666,1500.0,40,surface_management,-36.15808080808081,-13.311013986013986,-19.189141414141414,0.0,-38.44812192118226,-13.849710275356827,-18.009773272704308,0.005208333333333333
378,control,28.166666666666668,28.0,-0.16666666666666785,0.0,0.3333333333333333,0.3333333333333333,1500.0,40,ordinary_practice,-36.43035705571938,-13.363777178269931,-16.72924064663195,0.0,-37.71444015316564,-13.613185017596782,-21.0702715947814,0.00980392156862745
378,rating_only,28.166666666666668,29.166666666666668,1.0,0.0,0.0,0.0,1500.0,40,rating_tier_board,-36.43035705571938,-13.363777178269931,-16.72924064663195,0.0,-33.78484594508301,-13.33541932737335,-21.099031502767133,0.0
378,rating_history,28.166666666666668,28.833333333333332,0.6666666666666643,0.0,0.16666666666666666,0.16666666666666666,1500.0,40,hole_management,-36.43035705571938,-13.363777178269931,-16.72924064663195,0.0,-34.34470046082949,-13.010884635078183,-18.867348064122258,0.005555555555555556
379,control,26.666666666666668,28.5,1.8333333333333321,0.3333333333333333,0.3333333333333333,0.0,1500.0,40,ordinary_practice,-40.1657073237533,-13.44277210656521,-20.89654874712346,0.012345679012345678,-39.695385133001004,-13.570820115629163,-19.828942309012756,0.011302681992337164
379,rating_only,26.666666666666668,26.5,-0.16666666666666785,0.3333333333333333,0.16666666666666666,-0.16666666666666666,1500.0,40,rating_tier_board,-40.1657073237533,-13.44277210656521,-20.89654874712346,0.012345679012345678,-39.21172500339167,-13.092473884140551,-18.768849206349206,0.006410256410256411
379,rating_history,26.666666666666668,28.5,1.8333333333333321,0.3333333333333333,0.16666666666666666,-0.16666666666666666,1500.0,40,surface_management,-40.1657073237533,-13.44277210656521,-20.89654874712346,0.012345679012345678,-36.62252478258225,-13.613016177096638,-20.45096089521377,0.005555555555555556
380,control,29.0,28.0,-1.0,0.0,0.0,0.0,1500.0,40,ordinary_practice,-38.65138130158338,-13.81294365996512,-17.40958187423612,0.0,-36.801808460356845,-13.323931230060262,-17.373436527630076,0.0
380,rating_only,29.0,27.5,-1.5,0.0,0.0,0.0,1500.0,40,rating_tier_board,-38.65138130158338,-13.81294365996512,-17.40958187423612,0.0,-38.668792587340974,-13.399089960218992,-17.143833353026903,0.0
380,rating_history,29.0,27.5,-1.5,0.0,0.0,0.0,1500.0,40,hole_management,-38.65138130158338,-13.81294365996512,-17.40958187423612,0.0,-38.83537988892827,-13.403216944345976,-17.7422460514396,0.0
381,control,26.833333333333332,26.333333333333332,-0.5,0.0,0.16666666666666666,0.16666666666666666,1500.0,40,ordinary_practice,-38.73141267481847,-13.163999833365775,-21.84555222655766,0.0,-36.35111534094704,-13.60315234088025,-21.30362708430731,0.005952380952380952
381,rating_only,26.833333333333332,26.666666666666668,-0.1666666666666643,0.0,0.16666666666666666,0.16666666666666666,1500.0,40,rating_tier_board,-38.73141267481847,-13.163999833365775,-21.84555222655766,0.0,-37.432683531210884,-13.742505741103216,-21.309433475983266,0.005952380952380952
381,rating_history,26.833333333333332,26.333333333333332,-0.5,0.0,0.16666666666666666,0.16666666666666666,1500.0,40,height_management,-38.73141267481847,-13.163999833365775,-21.84555222655766,0.0,-36.87285447138182,-13.720604031701507,-21.934967664017453,0.005952380952380952
382,control,27.666666666666668,25.333333333333332,-2.3333333333333357,0.0,0.0,0.0,1500.0,40,ordinary_practice,-37.72509347465317,-13.094079485278039,-18.786766608883777,0.0,-41.03842592592593,-13.511574074074074,-19.974382716049384,0.0
382,rating_only,27.666666666666668,26.5,-1.1666666666666679,0.0,0.0,0.0,1500.0,40,rating_tier_board,-37.72509347465317,-13.094079485278039,-18.786766608883777,0.0,-38.60738612175394,-13.349430608769689,-19.208929331630483,0.0
382,rating_history,27.666666666666668,26.5,-1.1666666666666679,0.0,0.0,0.0,1500.0,40,surface_management,-37.72509347465317,-13.094079485278039,-18.786766608883777,0.0,-38.60738612175394,-13.349430608769689,-19.208929331630483,0.0
383,control,27.833333333333332,27.333333333333332,-0.5,0.0,0.16666666666666666,0.16666666666666666,1500.0,40,ordinary_practice,-38.406512357374424,-13.263412066860344,-17.942444528651425,0.0,-39.96716307301861,-13.4394445900056,-19.655886236250893,0.005555555555555556
383,rating_only,27.833333333333332,26.166666666666668,-1.6666666666666643,0.0,0.0,0.0,1500.0,40,rating_tier_board,-38.406512357374424,-13.263412066860344,-17.942444528651425,0.0,-37.00575952764358,-12.607936389965376,-18.294946971975957,0.0
383,rating_history,27.833333333333332,28.0,0.16666666666666785,0.0,0.16666666666666666,0.16666666666666666,1500.0,40,surface_management,-38.406512357374424,-13.263412066860344,-17.942444528651425,0.0,-40.758804111473744,-13.513253839227144,-18.01603068325816,0.005555555555555556
384,control,26.166666666666668,26.666666666666668,0.5,0.0,0.0,0.0,1500.0,40,ordinary_practice,-37.69294771968854,-13.582866147571375,-18.32851316277345,0.0,-34.011059845994396,-12.887284334023464,-18.671196363330537,0.0
384,rating_only,26.166666666666668,27.166666666666668,1.0,0.0,0.0,0.0,1500.0,40,rating_tier_board,-37.69294771968854,-13.582866147571375,-18.32851316277345,0.0,-37.861819970153306,-13.290869624202957,-18.474464116130783,0.0
384,rating_history,26.166666666666668,25.166666666666668,-1.0,0.0,0.0,0.0,1500.0,40,hole_management,-37.69294771968854,-13.582866147571375,-18.32851316277345,0.0,-32.40044194935499,-13.091605321677786,-20.642934561412822,0.0
385,control,26.833333333333332,25.666666666666668,-1.1666666666666643,0.0,0.0,0.0,1500.0,40,ordinary_practice,-36.65896944747459,-13.18613098020882,-18.706293179575088,0.0,-36.08683714732102,-13.168787335722818,-20.855328477774716,0.0
385,rating_only,26.833333333333332,26.5,-0.33333333333333215,0.0,0.16666666666666666,0.16666666666666666,1500.0,40,rating_tier_board,-36.65896944747459,-13.18613098020882,-18.706293179575088,0.0,-38.31202454293945,-13.77745419887244,-20.932466867269426,0.006944444444444444
385,rating_history,26.833333333333332,26.0,-0.8333333333333321,0.0,0.16666666666666666,0.16666666666666666,1500.0,40,hole_management,-36.65896944747459,-13.18613098020882,-18.706293179575088,0.0,-37.59879804721295,-13.69547284689109,-21.760147519950078,0.006944444444444444
386,control,26.666666666666668,26.0,-0.6666666666666679,0.3333333333333333,0.0,-0.3333333333333333,1500.0,40,ordinary_practice,-37.94193038096336,-13.391316385076692,-20.078820853996078,0.010416666666666666,-41.97995014245014,-13.75211624794958,-18.703791116291114,0.0
386,rating_only,26.666666666666668,25.833333333333332,-0.8333333333333357,0.3333333333333333,0.0,-0.3333333333333333,1500.0,40,rating_tier_board,-37.94193038096336,-13.391316385076692,-20.078820853996078,0.010416666666666666,-37.17889443889444,-12.958704628704629,-18.207805527805526,0.0
386,rating_history,26.666666666666668,27.666666666666668,1.0,0.3333333333333333,0.16666666666666666,-0.16666666666666666,1500.0,40,hole_management,-37.94193038096336,-13.391316385076692,-20.078820853996078,0.010416666666666666,-37.96352007280817,-13.486958814266934,-18.55144484732916,0.005376344086021505
387,control,27.0,25.833333333333332,-1.1666666666666679,0.0,0.16666666666666666,0.16666666666666666,1500.0,40,ordinary_practice,-42.669536636203304,-13.649066057399391,-19.400372775372777,0.0,-37.782699020859944,-13.587691266800462,-20.925986894119077,0.005747126436781609
387,rating_only,27.0,26.166666666666668,-0.8333333333333321,0.0,0.16666666666666666,0.16666666666666666,1500.0,40,rating_tier_board,-42.669536636203304,-13.649066057399391,-19.400372775372777,0.0,-37.74024444169791,-13.676308248632127,-21.216309474764238,0.005747126436781609
387,rating_history,27.0,27.0,0.0,0.0,0.16666666666666666,0.16666666666666666,1500.0,40,surface_management,-42.669536636203304,-13.649066057399391,-19.400372775372777,0.0,-41.520268959435626,-13.867888007054674,-18.763002645502645,0.006172839506172839
388,control,25.333333333333332,26.0,0.6666666666666679,0.0,0.0,0.0,1500.0,40,ordinary_practice,-35.3154339554124,-13.169267215064629,-20.99724748431645,0.0,-41.155007225731865,-13.756357191774484,-21.092122115580388,0.0
388,rating_only,25.333333333333332,27.0,1.6666666666666679,0.0,0.0,0.0,1500.0,40,rating_tier_board,-35.3154339554124,-13.169267215064629,-20.99724748431645,0.0,-36.749425287356324,-13.02735632183908,-19.95793103448276,0.0
388,rating_history,25.333333333333332,27.0,1.6666666666666679,0.0,0.0,0.0,1500.0,40,height_management,-35.3154339554124,-13.169267215064629,-20.99724748431645,0.0,-39.46923109670236,-13.618619052297213,-21.01220977830173,0.0
389,control,28.166666666666668,26.333333333333332,-1.8333333333333357,0.0,0.0,0.0,1500.0,40,ordinary_practice,-37.003375983112726,-14.137229270029604,-23.64847797768636,0.0,-36.19454606742213,-13.201235386580214,-19.486499538692193,0.0
389,rating_only,28.166666666666668,25.833333333333332,-2.3333333333333357,0.0,0.3333333333333333,0.3333333333333333,1500.0,40,rating_tier_board,-37.003375983112726,-14.137229270029604,-23.64847797768636,0.0,-42.19810065663139,-13.432661663673658,-19.715379846706682,0.012362637362637362
389,rating_history,28.166666666666668,26.333333333333332,-1.8333333333333357,0.0,0.0,0.0,1500.0,40,hole_management,-37.003375983112726,-14.137229270029604,-23.64847797768636,0.0,-36.11983342374397,-13.18974113370665,-19.58994781455426,0.0
390,control,28.666666666666668,29.333333333333332,0.6666666666666643,0.16666666666666666,0.3333333333333333,0.16666666666666666,1500.0,40,ordinary_practice,-35.99418542648799,-12.999106502816181,-18.436307272630966,0.005747126436781609,-35.680422322775264,-13.237150456543246,-17.795965065927117,0.011568627450980392
390,rating_only,28.666666666666668,28.166666666666668,-0.5,0.16666666666666666,0.16666666666666666,0.0,1500.0,40,rating_tier_board,-35.99418542648799,-12.999106502816181,-18.436307272630966,0.005747126436781609,-39.52091848085174,-13.378027592386601,-19.328520048731395,0.005208333333333333
390,rating_history,28.666666666666668,27.833333333333332,-0.8333333333333357,0.16666666666666666,0.16666666666666666,0.0,1500.0,40,surface_management,-35.99418542648799,-12.999106502816181,-18.436307272630966,0.005747126436781609,-38.98941571371679,-13.292033552369574,-19.48794959321841,0.005208333333333333
391,control,25.333333333333332,27.833333333333332,2.5,0.0,0.16666666666666666,0.16666666666666666,1500.0,40,ordinary_practice,-39.80201288477604,-13.294576023391812,-19.70089582931688,0.0,-40.70036969108498,-13.927928219513072,-19.195390728953143,0.005376344086021505
391,rating_only,25.333333333333332,28.0,2.666666666666668,0.0,0.0,0.0,1500.0,40,rating_tier_board,-39.80201288477604,-13.294576023391812,-19.70089582931688,0.0,-41.02022196839401,-13.951732486947542,-18.736615550916625,0.0
391,rating_history,25.333333333333332,25.666666666666668,0.3333333333333357,0.0,0.16666666666666666,0.16666666666666666,1500.0,40,surface_management,-39.80201288477604,-13.294576023391812,-19.70089582931688,0.0,-45.87679456212065,-14.058852037656386,-18.779732854370536,0.006410256410256411
392,control,24.166666666666668,26.333333333333332,2.1666666666666643,0.0,0.0,0.0,1500.0,40,ordinary_practice,-38.00680954847622,-13.450806138306138,-22.86568138651472,0.0,-41.685874594753905,-13.852642204538757,-19.794093722369585,0.0
392,rating_only,24.166666666666668,26.333333333333332,2.1666666666666643,0.0,0.0,0.0,1500.0,40,rating_tier_board,-38.00680954847622,-13.450806138306138,-22.86568138651472,0.0,-39.94745104299702,-13.332316943380162,-18.859551936994464,0.0
392,rating_history,24.166666666666668,27.666666666666668,3.5,0.0,0.16666666666666666,0.16666666666666666,1500.0,40,hole_management,-38.00680954847622,-13.450806138306138,-22.86568138651472,0.0,-38.13117084826762,-14.028564317005177,-20.508587074017182,0.005952380952380952
393,control,28.0,29.833333333333332,1.8333333333333321,0.0,0.5,0.5,1500.0,40,ordinary_practice,-37.93216717869944,-13.646553379416282,-18.087684011776755,0.0,-35.492434715821815,-13.02997168759977,-17.98444007710611,0.015180265654648957
393,rating_only,28.0,30.333333333333332,2.333333333333332,0.0,0.3333333333333333,0.3333333333333333,1500.0,40,rating_tier_board,-37.93216717869944,-13.646553379416282,-18.087684011776755,0.0,-31.235059917037304,-13.267887147391813,-21.14575331775482,0.010278304870335231
393,rating_history,28.0,28.833333333333332,0.8333333333333321,0.0,0.16666666666666666,0.16666666666666666,1500.0,40,hole_management,-37.93216717869944,-13.646553379416282,-18.087684011776755,0.0,-36.47227859988771,-13.61849883782205,-21.763009628996347,0.004901960784313725
394,control,26.666666666666668,27.666666666666668,1.0,0.3333333333333333,0.3333333333333333,0.0,1500.0,40,ordinary_practice,-37.824909658242994,-13.385136866319662,-20.997169646363194,0.011328725038402458,-37.11388335542438,-13.632345272773042,-18.06576581436329,0.011160714285714286
394,rating_only,26.666666666666668,26.666666666666668,0.0,0.3333333333333333,0.16666666666666666,-0.16666666666666666,1500.0,40,rating_tier_board,-37.824909658242994,-13.385136866319662,-20.997169646363194,0.011328725038402458,-37.566128316128314,-13.671729196729196,-21.770301920301918,0.006172839506172839
394,rating_history,26.666666666666668,26.666666666666668,0.0,0.3333333333333333,0.5,0.16666666666666669,1500.0,40,surface_management,-37.824909658242994,-13.385136866319662,-20.997169646363194,0.011328725038402458,-38.41057276057276,-13.643951418951419,-21.62030192030192,0.01728395061728395
395,control,29.0,29.166666666666668,0.16666666666666785,0.0,0.6666666666666666,0.6666666666666666,1500.0,40,ordinary_practice,-33.525178868152544,-13.108673560471855,-20.19158667380766,0.0,-39.97212648959961,-13.613224843903607,-17.821871919150144,0.021011526555881396
395,rating_only,29.0,28.833333333333332,-0.16666666666666785,0.0,0.5,0.5,1500.0,40,rating_tier_board,-33.525178868152544,-13.108673560471855,-20.19158667380766,0.0,-38.414632348436115,-13.542029014643262,-18.2105548088411,0.015961021505376344
395,rating_history,29.0,28.0,-1.0,0.0,0.0,0.0,1500.0,40,hole_management,-33.525178868152544,-13.108673560471855,-20.19158667380766,0.0,-37.114546540143216,-13.426839885417552,-19.72618624244651,0.0
396,control,28.5,27.5,-1.0,0.16666666666666666,0.0,-0.16666666666666666,1500.0,40,ordinary_practice,-37.08577174459527,-12.698361344537815,-15.728994469582704,0.004901960784313725,-35.55579926346056,-13.624913840639646,-21.484350998463903,0.0
396,rating_only,28.5,27.333333333333332,-1.1666666666666679,0.16666666666666666,0.0,-0.16666666666666666,1500.0,40,rating_tier_board,-37.08577174459527,-12.698361344537815,-15.728994469582704,0.004901960784313725,-40.89697802197802,-14.298962148962149,-21.26935286935287,0.0
396,rating_history,28.5,26.833333333333332,-1.6666666666666679,0.16666666666666666,0.0,-0.16666666666666666,1500.0,40,surface_management,-37.08577174459527,-12.698361344537815,-15.728994469582704,0.004901960784313725,-38.96727085175361,-14.026322575891541,-21.309062776304156,0.0
397,control,27.166666666666668,26.166666666666668,-1.0,0.0,0.16666666666666666,0.16666666666666666,1500.0,40,ordinary_practice,-38.03395061728395,-13.60163139329806,-19.38800705467372,0.0,-39.377496947496944,-13.238898601398601,-19.89701492951493,0.005050505050505051
397,rating_only,27.166666666666668,26.166666666666668,-1.0,0.0,0.0,0.0,1500.0,40,rating_tier_board,-38.03395061728395,-13.60163139329806,-19.38800705467372,0.0,-39.26608906525573,-13.251890432098765,-19.61476631393298,0.0
397,rating_history,27.166666666666668,25.5,-1.6666666666666679,0.0,0.0,0.0,1500.0,40,hole_management,-38.03395061728395,-13.60163139329806,-19.38800705467372,0.0,-38.50375478927203,-12.917535577449371,-18.830697865353038,0.0
398,control,29.5,26.666666666666668,-2.833333333333332,0.0,0.0,0.0,1500.0,40,ordinary_practice,-38.45187603117711,-13.664607157080276,-17.67288786482335,0.0,-38.81774463297452,-12.922641701635953,-17.49229535364593,0.0
398,rating_only,29.5,27.0,-2.5,0.0,0.0,0.0,1500.0,40,rating_tier_board,-38.45187603117711,-13.664607157080276,-17.67288786482335,0.0,-40.407507216070435,-13.138987855482108,-17.289505705022947,0.0
398,rating_history,29.5,26.666666666666668,-2.833333333333332,0.0,0.0,0.0,1500.0,40,hole_management,-38.45187603117711,-13.664607157080276,-17.67288786482335,0.0,-37.70574378154838,-12.932433102231952,-19.209041841513105,0.0
399,control,29.0,26.5,-2.5,0.0,0.0,0.0,1500.0,40,ordinary_practice,-36.110354398104676,-12.761070200655851,-15.83837606359158,0.0,-41.316243386243386,-13.721985483652151,-18.09049111382445,0.0
399,rating_only,29.0,29.833333333333332,0.8333333333333321,0.0,0.3333333333333333,0.3333333333333333,1500.0,40,rating_tier_board,-36.110354398104676,-12.761070200655851,-15.83837606359158,0.0,-37.19782499322729,-13.076711560044894,-18.647366384147993,0.010101010101010102
399,rating_history,29.0,25.5,-3.5,0.0,0.16666666666666666,0.16666666666666666,1500.0,40,height_management,-36.110354398104676,-12.761070200655851,-15.83837606359158,0.0,-39.75445866532823,-12.78456528710152,-18.43925103345393,0.005050505050505051
400,control,27.833333333333332,24.833333333333332,-3.0,0.0,0.0,0.0,1500.0,40,ordinary_practice,-34.21514592933948,-13.17663338453661,-18.19064004096262,0.0,-35.681699473366145,-12.888613701113702,-19.979398687732022,0.0
400,rating_only,27.833333333333332,25.333333333333332,-2.5,0.0,0.16666666666666666,0.16666666666666666,1500.0,40,rating_tier_board,-34.21514592933948,-13.17663338453661,-18.19064004096262,0.0,-38.36707211870255,-14.039895153156023,-22.473695784891436,0.005952380952380952
400,rating_history,27.833333333333332,26.333333333333332,-1.5,0.0,0.3333333333333333,0.3333333333333333,1500.0,40,hole_management,-34.21514592933948,-13.17663338453661,-18.19064004096262,0.0,-39.68340898232203,-14.38490630142804,-20.555491585708978,0.012362637362637362
401,control,27.833333333333332,26.5,-1.3333333333333321,0.16666666666666666,0.16666666666666666,0.0,1500.0,40,ordinary_practice,-39.323796144255915,-13.223076385087879,-17.63727026698291,0.005747126436781609,-39.7559470399209,-13.292381040662464,-18.853413051538748,0.006666666666666667
401,rating_only,27.833333333333332,26.833333333333332,-1.0,0.16666666666666666,0.16666666666666666,0.0,1500.0,40,rating_tier_board,-39.323796144255915,-13.223076385087879,-17.63727026698291,0.005747126436781609,-37.33956706831769,-13.831619375497436,-22.152358635497066,0.005555555555555556
401,rating_history,27.833333333333332,26.666666666666668,-1.1666666666666643,0.16666666666666666,0.16666666666666666,0.0,1500.0,40,hole_management,-39.323796144255915,-13.223076385087879,-17.63727026698291,0.005747126436781609,-38.68245936555532,-13.485496834915875,-19.060683943742415,0.005952380952380952
402,control,26.333333333333332,27.0,0.6666666666666679,0.0,0.0,0.0,1500.0,40,ordinary_practice,-40.351914921843075,-13.336054931365085,-18.721444197345996,0.0,-38.53918226834894,-13.784089233364597,-19.31963541021512,0.0
402,rating_only,26.333333333333332,28.166666666666668,1.8333333333333357,0.0,0.16666666666666666,0.16666666666666666,1500.0,40,rating_tier_board,-40.351914921843075,-13.336054931365085,-18.721444197345996,0.0,-34.60678443420379,-13.181656426011264,-18.320154889912953,0.005555555555555556
402,rating_history,26.333333333333332,28.166666666666668,1.8333333333333357,0.0,0.16666666666666666,0.16666666666666666,1500.0,40,hole_management,-40.351914921843075,-13.336054931365085,-18.721444197345996,0.0,-34.60678443420379,-13.181656426011264,-18.320154889912953,0.005555555555555556
403,control,28.166666666666668,27.333333333333332,-0.8333333333333357,0.16666666666666666,0.3333333333333333,0.16666666666666666,1500.0,40,ordinary_practice,-43.265031669442365,-13.944721477143975,-17.62068285542919,0.005376344086021505,-40.57243203794928,-14.061136197774129,-20.789650611202337,0.009259259259259259
403,rating_only,28.166666666666668,25.666666666666668,-2.5,0.16666666666666666,0.0,-0.16666666666666666,1500.0,40,rating_tier_board,-43.265031669442365,-13.944721477143975,-17.62068285542919,0.005376344086021505,-39.873119658119656,-13.367205275567343,-20.46199675803124,0.0
403,rating_history,28.166666666666668,28.666666666666668,0.5,0.16666666666666666,0.3333333333333333,0.16666666666666666,1500.0,40,height_management,-43.265031669442365,-13.944721477143975,-17.62068285542919,0.005376344086021505,-37.10614938257367,-13.502806823084185,-18.69754812764558,0.009259259259259259
404,control,27.333333333333332,25.833333333333332,-1.5,0.16666666666666666,0.0,-0.16666666666666666,1500.0,40,ordinary_practice,-40.437898291224904,-13.150680423966714,-17.094733034030018,0.005208333333333333,-38.149831575624,-13.233769911715212,-19.86407740459634,0.0
404,rating_only,27.333333333333332,26.833333333333332,-0.5,0.16666666666666666,0.0,-0.16666666666666666,1500.0,40,rating_tier_board,-40.437898291224904,-13.150680423966714,-17.094733034030018,0.005208333333333333,-39.093610710277375,-13.448552990219657,-18.180960397627064,0.0
404,rating_history,27.333333333333332,23.833333333333332,-3.5,0.16666666666666666,0.0,-0.16666666666666666,1500.0,40,hole_management,-40.437898291224904,-13.150680423966714,-17.094733034030018,0.005208333333333333,-38.184753818377004,-13.00933531310343,-21.645473088371638,0.0
405,control,27.666666666666668,27.0,-0.6666666666666679,0.16666666666666666,0.0,-0.16666666666666666,1500.0,40,ordinary_practice,-36.2807102858827,-13.03230179781904,-18.766740347774828,0.005747126436781609,-36.44671572042262,-12.707756201865397,-18.23432988892759,0.0
405,rating_only,27.666666666666668,27.666666666666668,0.0,0.16666666666666666,0.16666666666666666,0.0,1500.0,40,rating_tier_board,-36.2807102858827,-13.03230179781904,-18.766740347774828,0.005747126436781609,-38.38814480325975,-13.22930213464696,-18.362637596545643,0.005952380952380952
405,rating_history,27.666666666666668,27.666666666666668,0.0,0.16666666666666666,0.5,0.33333333333333337,1500.0,40,surface_management,-36.2807102858827,-13.03230179781904,-18.766740347774828,0.005747126436781609,-41.59363600159299,-13.562040450588839,-18.931432553905672,0.017995391705069124
406,control,28.166666666666668,27.833333333333332,-0.3333333333333357,0.3333333333333333,0.16666666666666666,-0.16666666666666666,1500.0,40,ordinary_practice,-37.523557717773514,-13.506735353078511,-20.094202926600033,0.009523809523809523,-36.1450859963791,-13.071905393457117,-17.943486063744686,0.006944444444444444
406,rating_only,28.166666666666668,27.333333333333332,-0.8333333333333357,0.3333333333333333,0.16666666666666666,-0.16666666666666666,1500.0,40,rating_tier_board,-37.523557717773514,-13.506735353078511,-20.094202926600033,0.009523809523809523,-38.017456501831504,-13.488190628815628,-18.7376945970696,0.005208333333333333
406,rating_history,28.166666666666668,28.666666666666668,0.5,0.3333333333333333,0.16666666666666666,-0.16666666666666666,1500.0,40,hole_management,-37.523557717773514,-13.506735353078511,-20.094202926600033,0.009523809523809523,-37.80385036419519,-13.361656351311524,-16.974376868342386,0.005747126436781609
407,control,26.166666666666668,29.0,2.833333333333332,0.0,0.8333333333333334,0.8333333333333334,1500.0,40,ordinary_practice,-40.928374711708045,-13.858779337946004,-18.87935693935694,0.0,-39.40881451190359,-13.80485814339981,-20.393397251694665,0.024305555555555556
407,rating_only,26.166666666666668,29.0,2.833333333333332,0.0,0.5,0.5,1500.0,40,rating_tier_board,-40.928374711708045,-13.858779337946004,-18.87935693935694,0.0,-42.73062682165505,-13.905627505459494,-17.3211285453893,0.016589506172839507
407,rating_history,26.166666666666668,29.333333333333332,3.1666666666666643,0.0,0.8333333333333334,0.8333333333333334,1500.0,40,height_management,-40.928374711708045,-13.858779337946004,-18.87935693935694,0.0,-38.92648160428333,-13.82380237498772,-20.59901666421063,0.024305555555555556
408,control,27.666666666666668,28.333333333333332,0.6666666666666643,0.0,0.3333333333333333,0.3333333333333333,1500.0,40,ordinary_practice,-35.421156886961484,-12.968145551766241,-19.268714767565342,0.0,-37.466737567987565,-13.01897193084693,-19.003591686091685,0.008547008547008546
408,rating_only,27.666666666666668,27.166666666666668,-0.5,0.0,0.16666666666666666,0.16666666666666666,1500.0,40,rating_tier_board,-35.421156886961484,-12.968145551766241,-19.268714767565342,0.0,-38.35357729754281,-13.265930190499155,-19.754009645101597,0.0047619047619047615
408,rating_history,27.666666666666668,28.333333333333332,0.6666666666666643,0.0,0.3333333333333333,0.3333333333333333,1500.0,40,height_management,-35.421156886961484,-12.968145551766241,-19.268714767565342,0.0,-37.428119334369335,-13.185372690581024,-19.219448761115427,0.008547008547008546
409,control,27.0,26.666666666666668,-0.33333333333333215,0.16666666666666666,0.3333333333333333,0.16666666666666666,1500.0,40,ordinary_practice,-37.44016975308642,-13.591111111111111,-21.76457561728395,0.006944444444444444,-39.352922824302134,-13.352457580733443,-20.065971538040504,0.011494252873563218
409,rating_only,27.0,26.0,-1.0,0.16666666666666666,0.0,-0.16666666666666666,1500.0,40,rating_tier_board,-37.44016975308642,-13.591111111111111,-21.76457561728395,0.006944444444444444,-41.78696920363587,-13.559371184371184,-20.85252170668837,0.0
409,rating_history,27.0,25.333333333333332,-1.6666666666666679,0.16666666666666666,0.0,-0.16666666666666666,1500.0,40,height_management,-37.44016975308642,-13.591111111111111,-21.76457561728395,0.006944444444444444,-38.10255390912094,-13.18776786820265,-20.981410772533962,0.0
410,control,27.0,25.333333333333332,-1.6666666666666679,0.0,0.0,0.0,1500.0,40,ordinary_practice,-41.01846774193548,-13.336245519713263,-17.613922739944247,0.0,-34.53516804183471,-13.317967094633762,-22.548979199812532,0.0
410,rating_only,27.0,27.666666666666668,0.6666666666666679,0.0,0.16666666666666666,0.16666666666666666,1500.0,40,rating_tier_board,-41.01846774193548,-13.336245519713263,-17.613922739944247,0.0,-35.274365079365076,-13.378492063492063,-19.610396825396826,0.005555555555555556
410,rating_history,27.0,27.166666666666668,0.16666666666666785,0.0,0.0,0.0,1500.0,40,surface_management,-41.01846774193548,-13.336245519713263,-17.613922739944247,0.0,-36.03063536204248,-13.574036760421633,-19.701648657238202,0.0
411,control,27.333333333333332,28.0,0.6666666666666679,0.16666666666666666,0.0,-0.16666666666666666,1500.0,40,ordinary_practice,-38.00456112669472,-12.916659654043945,-19.216579008882658,0.005376344086021505,-37.79123268833502,-13.14809334343817,-17.738218248196002,0.0
411,rating_only,27.333333333333332,27.5,0.16666666666666785,0.16666666666666666,0.3333333333333333,0.16666666666666666,1500.0,40,rating_tier_board,-38.00456112669472,-12.916659654043945,-19.216579008882658,0.005376344086021505,-34.02056030389364,-12.834045584045583,-19.018755935422604,0.011728395061728394
411,rating_history,27.333333333333332,27.666666666666668,0.3333333333333357,0.16666666666666666,0.0,-0.16666666666666666,1500.0,40,surface_management,-38.00456112669472,-12.916659654043945,-19.216579008882658,0.005376344086021505,-38.25984240769187,-13.134169472502805,-18.998558912214826,0.0
412,control,29.166666666666668,28.5,-0.6666666666666679,0.3333333333333333,0.0,-0.3333333333333333,1500.0,40,ordinary_practice,-36.96632495590829,-12.738861331569666,-16.042581569664904,0.010763888888888889,-32.35095785440613,-12.741912972085386,-18.43050082101806,0.0
412,rating_only,29.166666666666668,27.333333333333332,-1.8333333333333357,0.3333333333333333,0.16666666666666666,-0.16666666666666666,1500.0,40,rating_tier_board,-36.96632495590829,-12.738861331569666,-16.042581569664904,0.010763888888888889,-35.79298345332828,-12.76977011494253,-17.51991031956549,0.005952380952380952
412,rating_history,29.166666666666668,27.166666666666668,-2.0,0.3333333333333333,0.16666666666666666,-0.16666666666666666,1500.0,40,hole_management,-36.96632495590829,-12.738861331569666,-16.042581569664904,0.010763888888888889,-38.19468162744025,-12.937912789636927,-18.64287994891443,0.005555555555555556
413,control,27.166666666666668,27.0,-0.16666666666666785,0.3333333333333333,0.16666666666666666,-0.16666666666666666,1500.0,40,ordinary_practice,-41.678020662287906,-13.253999042145594,-16.649895662287904,0.011302681992337164,-40.904548896186824,-13.306387672565833,-17.55698838411482,0.005747126436781609
413,rating_only,27.166666666666668,27.333333333333332,0.1666666666666643,0.3333333333333333,0.0,-0.3333333333333333,1500.0,40,rating_tier_board,-41.678020662287906,-13.253999042145594,-16.649895662287904,0.011302681992337164,-37.831850203930294,-13.111316277345198,-19.649187986651835,0.0
413,rating_history,27.166666666666668,27.333333333333332,0.1666666666666643,0.3333333333333333,0.0,-0.3333333333333333,1500.0,40,hole_management,-41.678020662287906,-13.253999042145594,-16.649895662287904,0.011302681992337164,-38.16518353726363,-13.288735632183908,-20.22983314794216,0.0
414,control,26.666666666666668,25.5,-1.1666666666666679,0.3333333333333333,0.0,-0.3333333333333333,1500.0,40,ordinary_practice,-37.80793851210518,-13.288624338624338,-18.38666426166426,0.010101010101010102,-41.23424856835651,-13.655885423089321,-18.81330292645885,0.0
414,rating_only,26.666666666666668,25.5,-1.1666666666666679,0.3333333333333333,0.16666666666666666,-0.16666666666666666,1500.0,40,rating_tier_board,-37.80793851210518,-13.288624338624338,-18.38666426166426,0.010101010101010102,-41.35176245210728,-14.030426929392446,-20.18362342638205,0.005747126436781609
414,rating_history,26.666666666666668,24.666666666666668,-2.0,0.3333333333333333,0.0,-0.3333333333333333,1500.0,40,height_management,-37.80793851210518,-13.288624338624338,-18.38666426166426,0.010101010101010102,-40.081868308048705,-12.857154631748454,-14.99850559369438,0.0
415,control,27.833333333333332,27.333333333333332,-0.5,0.3333333333333333,0.16666666666666666,-0.16666666666666666,1500.0,40,ordinary_practice,-38.73759958645016,-13.442189077418963,-19.785241896247644,0.009523809523809523,-39.84702802518894,-13.648052777363123,-18.016743101513217,0.005747126436781609
415,rating_only,27.833333333333332,27.333333333333332,-0.5,0.3333333333333333,0.16666666666666666,-0.16666666666666666,1500.0,40,rating_tier_board,-38.73759958645016,-13.442189077418963,-19.785241896247644,0.009523809523809523,-38.54142243181192,-13.398778573610512,-17.195181134143105,0.005376344086021505
415,rating_history,27.833333333333332,27.333333333333332,-0.5,0.3333333333333333,0.16666666666666666,-0.16666666666666666,1500.0,40,height_management,-38.73759958645016,-13.442189077418963,-19.785241896247644,0.009523809523809523,-38.43342804191009,-13.452542014470728,-17.23936065728476,0.005376344086021505
416,control,29.666666666666668,27.666666666666668,-2.0,0.5,0.0,-0.5,1500.0,40,ordinary_practice,-40.21679439897947,-13.393149740893762,-18.2300151623497,0.015625,-40.39146246172015,-13.641498510004258,-20.248926722421345,0.0
416,rating_only,29.666666666666668,26.166666666666668,-3.5,0.5,0.0,-0.5,1500.0,40,rating_tier_board,-40.21679439897947,-13.393149740893762,-18.2300151623497,0.015625,-39.773739316239315,-13.115289648622982,-18.797079772079773,0.0
416,rating_history,29.666666666666668,25.666666666666668,-4.0,0.5,0.0,-0.5,1500.0,40,surface_management,-40.21679439897947,-13.393149740893762,-18.2300151623497,0.015625,-38.40247863247863,-13.076175213675214,-19.410149572649573,0.0
417,control,27.5,28.0,0.5,0.16666666666666666,0.5,0.33333333333333337,1500.0,40,ordinary_practice,-36.03672535425409,-13.13459447029131,-18.18994412515964,0.005747126436781609,-39.479390440526345,-13.783261308846164,-17.35569717738751,0.016396213657876944
417,rating_only,27.5,27.666666666666668,0.16666666666666785,0.16666666666666666,0.0,-0.16666666666666666,1500.0,40,rating_tier_board,-36.03672535425409,-13.13459447029131,-18.18994412515964,0.005747126436781609,-40.75006436175852,-13.62334741720049,-17.299032302030803,0.0
417,rating_history,27.5,27.166666666666668,-0.33333333333333215,0.16666666666666666,0.0,-0.16666666666666666,1500.0,40,hole_management,-36.03672535425409,-13.13459447029131,-18.18994412515964,0.005747126436781609,-42.26918466271914,-13.515716649251132,-16.03956925577615,0.0
418,control,28.166666666666668,26.166666666666668,-2.0,0.16666666666666666,0.0,-0.16666666666666666,1500.0,40,ordinary_practice,-35.58363551359241,-13.19915199476981,-17.99428803290154,0.005208333333333333,-38.35947909236265,-13.264897465797016,-20.09815320260098,0.0
418,rating_only,28.166666666666668,25.666666666666668,-2.5,0.16666666666666666,0.0,-0.16666666666666666,1500.0,40,rating_tier_board,-35.58363551359241,-13.19915199476981,-17.99428803290154,0.005208333333333333,-41.540237345853285,-13.425244247164537,-19.65969529665182,0.0
418,rating_history,28.166666666666668,26.166666666666668,-2.0,0.16666666666666666,0.16666666666666666,0.0,1500.0,40,height_management,-35.58363551359241,-13.19915199476981,-17.99428803290154,0.005208333333333333,-36.275836393643296,-12.990977550440466,-20.110951264563795,0.004901960784313725
419,control,27.333333333333332,29.0,1.6666666666666679,0.16666666666666666,0.3333333333333333,0.16666666666666666,1500.0,40,ordinary_practice,-38.41578645086797,-13.46898394781547,-18.350801680203855,0.005555555555555556,-39.0255107797574,-13.463849480059622,-18.779009245922715,0.011381172839506173
419,rating_only,27.333333333333332,27.333333333333332,0.0,0.16666666666666666,0.16666666666666666,0.0,1500.0,40,rating_tier_board,-38.41578645086797,-13.46898394781547,-18.350801680203855,0.005555555555555556,-35.54864316239316,-13.142013888888888,-19.028338675213675,0.005555555555555556
419,rating_history,27.333333333333332,27.666666666666668,0.3333333333333357,0.16666666666666666,0.16666666666666666,0.0,1500.0,40,height_management,-38.41578645086797,-13.46898394781547,-18.350801680203855,0.005555555555555556,-36.044692545109214,-13.12843364197531,-18.347597934472937,0.005555555555555556
420,control,26.166666666666668,27.166666666666668,1.0,0.16666666666666666,0.3333333333333333,0.16666666666666666,1500.0,40,ordinary_practice,-40.682065217391305,-13.46259872709148,-19.73524844720497,0.005952380952380952,-38.99323839472136,-13.022122286178469,-19.246840416319007,0.00980392156862745
420,rating_only,26.166666666666668,28.666666666666668,2.5,0.16666666666666666,0.5,0.33333333333333337,1500.0,40,rating_tier_board,-40.682065217391305,-13.46259872709148,-19.73524844720497,0.005952380952380952,-41.65784057045551,-13.471672254150702,-18.030272190293744,0.01712829927628778
420,rating_history,26.166666666666668,28.666666666666668,2.5,0.16666666666666666,0.5,0.33333333333333337,1500.0,40,surface_management,-40.682065217391305,-13.46259872709148,-19.73524844720497,0.005952380952380952,-39.1286739209547,-13.445154681470495,-17.877637318213655,0.01633180385613645
421,control,27.5,28.666666666666668,1.1666666666666679,0.16666666666666666,0.16666666666666666,0.0,1500.0,40,ordinary_practice,-35.57082978509563,-13.054583242222286,-20.249770845339995,0.006410256410256411,-35.340538126996464,-12.937807370099037,-18.627990643615643,0.005208333333333333
421,rating_only,27.5,28.833333333333332,1.3333333333333321,0.16666666666666666,0.16666666666666666,0.0,1500.0,40,rating_tier_board,-35.57082978509563,-13.054583242222286,-20.249770845339995,0.006410256410256411,-38.805338531200604,-14.025157945502773,-19.99426493047183,0.005747126436781609
421,rating_history,27.5,28.166666666666668,0.6666666666666679,0.16666666666666666,0.16666666666666666,0.0,1500.0,40,hole_management,-35.57082978509563,-13.054583242222286,-20.249770845339995,0.006410256410256411,-34.85850817353937,-13.591853969623955,-20.32666780753544,0.007246376811594203
422,control,26.666666666666668,26.666666666666668,0.0,0.16666666666666666,0.0,-0.16666666666666666,1500.0,40,ordinary_practice,-37.13019157088122,-13.162928601836647,-18.638515021589736,0.005747126436781609,-34.140277777777776,-12.797103174603174,-21.395396825396826,0.0
422,rating_only,26.666666666666668,26.666666666666668,0.0,0.16666666666666666,0.0,-0.16666666666666666,1500.0,40,rating_tier_board,-37.13019157088122,-13.162928601836647,-18.638515021589736,0.005747126436781609,-33.70178571428571,-12.789166666666667,-21.05968253968254,0.0
422,rating_history,26.666666666666668,27.5,0.8333333333333321,0.16666666666666666,0.0,-0.16666666666666666,1500.0,40,hole_management,-37.13019157088122,-13.162928601836647,-18.638515021589736,0.005747126436781609,-33.90413498379016,-12.486766872973769,-20.06774241084586,0.0
423,control,27.166666666666668,26.166666666666668,-1.0,0.0,0.0,0.0,1500.0,40,ordinary_practice,-40.235713518901925,-13.457721033663063,-17.82649413388544,0.0,-44.18726450877126,-13.303517888491651,-15.641223266571842,0.0
423,rating_only,27.166666666666668,26.166666666666668,-1.0,0.0,0.0,0.0,1500.0,40,rating_tier_board,-40.235713518901925,-13.457721033663063,-17.82649413388544,0.0,-44.18726450877126,-13.303517888491651,-15.641223266571842,0.0
423,rating_history,27.166666666666668,26.833333333333332,-0.3333333333333357,0.0,0.3333333333333333,0.3333333333333333,1500.0,40,surface_management,-40.235713518901925,-13.457721033663063,-17.82649413388544,0.0,-39.9633352662663,-12.976774930050793,-18.111477794236414,0.011002886002886002
424,control,29.0,27.0,-2.0,0.3333333333333333,0.0,-0.3333333333333333,1500.0,40,ordinary_practice,-35.418031135947174,-13.27361167900898,-18.192830857298624,0.010606060606060607,-36.68304504137837,-12.943379460046128,-17.79412562745896,0.0
424,rating_only,29.0,27.5,-1.5,0.3333333333333333,0.16666666666666666,-0.16666666666666666,1500.0,40,rating_tier_board,-35.418031135947174,-13.27361167900898,-18.192830857298624,0.010606060606060607,-35.48164881844792,-13.229700268913163,-18.309656362295044,0.005555555555555556
424,rating_history,29.0,27.0,-2.0,0.3333333333333333,0.0,-0.3333333333333333,1500.0,40,hole_management,-35.418031135947174,-13.27361167900898,-18.192830857298624,0.010606060606060607,-36.67022452855786,-12.943379460046128,-17.78130511463845,0.0
425,control,25.833333333333332,26.666666666666668,0.8333333333333357,0.0,0.0,0.0,1500.0,40,ordinary_practice,-33.52966049382716,-12.643055555555556,-22.89293209876543,0.0,-38.80089530733209,-13.264935733700101,-19.910819906998068,0.0
425,rating_only,25.833333333333332,26.666666666666668,0.8333333333333357,0.0,0.0,0.0,1500.0,40,rating_tier_board,-33.52966049382716,-12.643055555555556,-22.89293209876543,0.0,-38.754228640665424,-13.264935733700101,-19.804153240331402,0.0
425,rating_history,25.833333333333332,26.666666666666668,0.8333333333333357,0.0,0.0,0.0,1500.0,40,surface_management,-33.52966049382716,-12.643055555555556,-22.89293209876543,0.0,-40.05319186560566,-13.829174771588566,-19.867550839964633,0.0
426,control,28.166666666666668,26.333333333333332,-1.8333333333333357,0.0,0.16666666666666666,0.16666666666666666,1500.0,40,ordinary_practice,-41.91639116949462,-13.603173082770784,-16.053028644407956,0.0,-39.6253334871026,-13.319549840464383,-19.758941843180974,0.005747126436781609
426,rating_only,28.166666666666668,27.0,-1.1666666666666679,0.0,0.0,0.0,1500.0,40,rating_tier_board,-41.91639116949462,-13.603173082770784,-16.053028644407956,0.0,-37.78407796101949,-13.371202612979225,-20.373773113443278,0.0
426,rating_history,28.166666666666668,27.0,-1.1666666666666679,0.0,0.6666666666666666,0.6666666666666666,1500.0,40,hole_management,-41.91639116949462,-13.603173082770784,-16.053028644407956,0.0,-39.83753821006164,-13.625162314675995,-20.304867462102283,0.02137212643678161
427,control,26.833333333333332,26.833333333333332,0.0,0.0,0.16666666666666666,0.16666666666666666,1500.0,40,ordinary_practice,-35.635479894595576,-12.954788050288606,-20.08083704208287,0.0,-34.75085193135442,-13.283446676165639,-21.59098180438317,0.005376344086021505
427,rating_only,26.833333333333332,27.666666666666668,0.8333333333333357,0.0,0.3333333333333333,0.3333333333333333,1500.0,40,rating_tier_board,-35.635479894595576,-12.954788050288606,-20.08083704208287,0.0,-35.31534543574774,-12.774280088791583,-20.871240041354984,0.011111111111111112
427,rating_history,26.833333333333332,26.833333333333332,0.0,0.0,0.0,0.0,1500.0,40,hole_management,-35.635479894595576,-12.954788050288606,-20.08083704208287,0.0,-35.27770156082411,-12.952092240431941,-21.67514491078717,0.0
428,control,28.5,25.166666666666668,-3.333333333333332,0.6666666666666666,0.0,-0.6666666666666666,1500.0,40,ordinary_practice,-42.44323057365327,-14.270399650405212,-17.91458896127973,0.021261719370729383,-42.43164619867518,-13.311490978157645,-18.61251703208225,0.0
428,rating_only,28.5,27.333333333333332,-1.1666666666666679,0.6666666666666666,0.16666666666666666,-0.5,1500.0,40,rating_tier_board,-42.44323057365327,-14.270399650405212,-17.91458896127973,0.021261719370729383,-38.9527002810408,-13.368168103448276,-19.514084775377878,0.005208333333333333
428,rating_history,28.5,27.333333333333332,-1.1666666666666679,0.6666666666666666,0.16666666666666666,-0.5,1500.0,40,hole_management,-42.44323057365327,-14.270399650405212,-17.91458896127973,0.021261719370729383,-38.9527002810408,-13.368168103448276,-19.514084775377878,0.005208333333333333
429,control,24.5,25.0,0.5,0.0,0.0,0.0,1500.0,40,ordinary_practice,-38.80974906065486,-13.054954740643145,-20.308751768896695,0.0,-41.79646921248371,-13.474117590675561,-19.78696188942566,0.0
429,rating_only,24.5,26.0,1.5,0.0,0.16666666666666666,0.16666666666666666,1500.0,40,rating_tier_board,-38.80974906065486,-13.054954740643145,-20.308751768896695,0.0,-39.0914183964184,-13.35961572378239,-19.46949294532628,0.005952380952380952
429,rating_history,24.5,27.333333333333332,2.833333333333332,0.0,0.0,0.0,1500.0,40,height_management,-38.80974906065486,-13.054954740643145,-20.308751768896695,0.0,-40.1126068532554,-13.477186775275957,-17.429843810813487,0.0
430,control,27.833333333333332,27.333333333333332,-0.5,0.3333333333333333,0.16666666666666666,-0.16666666666666666,1500.0,40,ordinary_practice,-36.512796771130105,-12.896927146927148,-17.118403201736534,0.011111111111111112,-41.66250674585902,-13.732537859334542,-20.505098084598256,0.005376344086021505
430,rating_only,27.833333333333332,25.5,-2.333333333333332,0.3333333333333333,0.0,-0.3333333333333333,1500.0,40,rating_tier_board,-36.512796771130105,-12.896927146927148,-17.118403201736534,0.011111111111111112,-42.61896826167659,-13.520337185962186,-19.951602564102565,0.0
430,rating_history,27.833333333333332,27.333333333333332,-0.5,0.3333333333333333,0.3333333333333333,0.0,1500.0,40,height_management,-36.512796771130105,-12.896927146927148,-17.118403201736534,0.011111111111111112,-41.56862459299959,-14.053872354497354,-20.932251390584725,0.012125220458553791
431,control,27.333333333333332,28.833333333333332,1.5,0.16666666666666666,0.3333333333333333,0.16666666666666666,1500.0,40,ordinary_practice,-35.700588837685615,-13.717805939580133,-21.43215565796211,0.005376344086021505,-33.78899711399711,-12.951154401154401,-18.639249639249638,0.010606060606060607
431,rating_only,27.333333333333332,28.833333333333332,1.5,0.16666666666666666,0.16666666666666666,0.0,1500.0,40,rating_tier_board,-35.700588837685615,-13.717805939580133,-21.43215565796211,0.005376344086021505,-34.15011065323565,-13.207679383788255,-19.317595095316868,0.005555555555555556
431,rating_history,27.333333333333332,28.833333333333332,1.5,0.16666666666666666,0.16666666666666666,0.0,1500.0,40,hole_management,-35.700588837685615,-13.717805939580133,-21.43215565796211,0.005376344086021505,-34.15011065323565,-13.207679383788255,-19.317595095316868,0.005555555555555556
432,control,26.166666666666668,28.333333333333332,2.1666666666666643,0.16666666666666666,0.8333333333333334,0.6666666666666667,1500.0,40,ordinary_practice,-36.735176507188,-12.855556783574025,-18.84495358090186,0.006172839506172839,-36.48603432487053,-13.140256331312365,-19.464859716432994,0.028682081807081806
432,rating_only,26.166666666666668,29.0,2.833333333333332,0.16666666666666666,0.0,-0.16666666666666666,1500.0,40,rating_tier_board,-36.735176507188,-12.855556783574025,-18.84495358090186,0.006172839506172839,-36.62153715768844,-13.11108904073309,-17.668931087451668,0.0
432,rating_history,26.166666666666668,28.833333333333332,2.6666666666666643,0.16666666666666666,0.3333333333333333,0.16666666666666666,1500.0,40,hole_management,-36.735176507188,-12.855556783574025,-18.84495358090186,0.006172839506172839,-38.058966235377525,-13.324081664303439,-17.79421636830911,0.010584677419354838
433,control,27.666666666666668,26.666666666666668,-1.0,0.0,0.16666666666666666,0.16666666666666666,1500.0,40,ordinary_practice,-37.989182075628854,-13.779628519073796,-21.02057971014493,0.0,-32.302403599984245,-13.309683655651398,-21.537213185062647,0.005952380952380952
433,rating_only,27.666666666666668,28.666666666666668,1.0,0.0,0.16666666666666666,0.16666666666666666,1500.0,40,rating_tier_board,-37.989182075628854,-13.779628519073796,-21.02057971014493,0.0,-37.788045634920636,-13.926140873015873,-19.763155864197532,0.006172839506172839
433,rating_history,27.666666666666668,28.333333333333332,0.6666666666666643,0.0,0.16666666666666666,0.16666666666666666,1500.0,40,height_management,-37.989182075628854,-13.779628519073796,-21.02057971014493,0.0,-38.96914682539683,-14.0109126984127,-18.83859126984127,0.005208333333333333
434,control,28.833333333333332,26.333333333333332,-2.5,0.0,0.0,0.0,1500.0,40,ordinary_practice,-38.133236570981666,-13.521492015609663,-17.86197319383594,0.0,-38.582464387464384,-13.10437559354226,-17.880147198480532,0.0
434,rating_only,28.833333333333332,26.333333333333332,-2.5,0.0,0.0,0.0,1500.0,40,rating_tier_board,-38.133236570981666,-13.521492015609663,-17.86197319383594,0.0,-38.36024216524216,-13.06116571699905,-17.57150522317189,0.0
434,rating_history,28.833333333333332,26.833333333333332,-2.0,0.0,0.3333333333333333,0.3333333333333333,1500.0,40,hole_management,-38.133236570981666,-13.521492015609663,-17.86197319383594,0.0,-38.90438882105549,-12.99510634639945,-16.869343513021676,0.011699507389162561
435,control,30.0,26.166666666666668,-3.833333333333332,0.8333333333333334,0.16666666666666666,-0.6666666666666667,1500.0,40,ordinary_practice,-37.725385149687064,-13.822146029040011,-19.78319425636644,0.02548483102918587,-42.07901234567901,-13.415030864197531,-20.208364197530862,0.006666666666666667
435,rating_only,30.0,26.166666666666668,-3.833333333333332,0.8333333333333334,0.3333333333333333,-0.5,1500.0,40,rating_tier_board,-37.725385149687064,-13.822146029040011,-19.78319425636644,0.02548483102918587,-42.37234567901235,-13.581697530864197,-20.741697530864197,0.013333333333333334
435,rating_history,30.0,26.333333333333332,-3.666666666666668,0.8333333333333334,0.0,-0.8333333333333334,1500.0,40,height_management,-37.725385149687064,-13.822146029040011,-19.78319425636644,0.02548483102918587,-37.57199907982517,-13.258153899240856,-20.59908672647803,0.0
436,control,25.833333333333332,29.833333333333332,4.0,0.16666666666666666,0.0,-0.16666666666666666,1500.0,40,ordinary_practice,-41.99197340297746,-12.875895702224302,-17.267744677004313,0.005747126436781609,-33.20477431934954,-13.470424700284266,-21.17146062865265,0.0
436,rating_only,25.833333333333332,28.166666666666668,2.3333333333333357,0.16666666666666666,0.3333333333333333,0.16666666666666666,1500.0,40,rating_tier_board,-41.99197340297746,-12.875895702224302,-17.267744677004313,0.005747126436781609,-38.12054376251028,-13.437470319073267,-18.987974085047423,0.010763888888888889
436,rating_history,25.833333333333332,28.0,2.166666666666668,0.16666666666666666,0.5,0.33333333333333337,1500.0,40,surface_management,-41.99197340297746,-12.875895702224302,-17.267744677004313,0.005747126436781609,-37.64725047408955,-13.10713611207864,-19.200693041526375,0.01755050505050505
437,control,27.5,26.5,-1.0,0.0,0.16666666666666666,0.16666666666666666,1500.0,40,ordinary_practice,-37.04439351706766,-13.472000469791494,-20.13631478256303,0.0,-37.736279770167826,-12.939163896887536,-19.281767714026586,0.005747126436781609
437,rating_only,27.5,27.0,-0.5,0.0,0.16666666666666666,0.16666666666666666,1500.0,40,rating_tier_board,-37.04439351706766,-13.472000469791494,-20.13631478256303,0.0,-36.449690934065934,-13.211576617826617,-18.271424755799757,0.005208333333333333
437,rating_history,27.5,27.0,-0.5,0.0,0.3333333333333333,0.3333333333333333,1500.0,40,height_management,-37.04439351706766,-13.472000469791494,-20.13631478256303,0.0,-38.75088673166978,-13.28014683007499,-18.117229201460525,0.010955459770114943
438,control,26.666666666666668,27.166666666666668,0.5,0.0,0.16666666666666666,0.16666666666666666,1500.0,40,ordinary_practice,-41.002349541139864,-13.649606030170546,-19.035917129465517,0.0,-36.7480938697318,-13.162969348659004,-21.436417624521074,0.005555555555555556
438,rating_only,26.666666666666668,26.166666666666668,-0.5,0.0,0.16666666666666666,0.16666666666666666,1500.0,40,rating_tier_board,-41.002349541139864,-13.649606030170546,-19.035917129465517,0.0,-37.603236022564516,-13.528594733222683,-20.733903478610074,0.005747126436781609
438,rating_history,26.666666666666668,28.166666666666668,1.5,0.0,0.5,0.5,1500.0,40,hole_management,-41.002349541139864,-13.649606030170546,-19.035917129465517,0.0,-41.85513924134614,-14.199971803420079,-21.016318079536468,0.01584813653779171
439,control,29.0,27.0,-2.0,0.16666666666666666,0.16666666666666666,0.0,1500.0,40,ordinary_practice,-35.972674466238395,-13.402961008852358,-17.31925679529962,0.005747126436781609,-39.271303213378225,-13.36028079827233,-19.45774617598574,0.005050505050505051
439,rating_only,29.0,28.166666666666668,-0.8333333333333321,0.16666666666666666,0.16666666666666666,0.0,1500.0,40,rating_tier_board,-35.972674466238395,-13.402961008852358,-17.31925679529962,0.005747126436781609,-37.36344086021506,-13.450168970814133,-16.748515104966717,0.005555555555555556
439,rating_history,29.0,27.166666666666668,-1.8333333333333321,0.16666666666666666,0.0,-0.16666666666666666,1500.0,40,height_management,-35.972674466238395,-13.402961008852358,-17.31925679529962,0.005747126436781609,-36.56152236652237,-13.524092899437726,-20.449322286908494,0.0
440,control,27.333333333333332,28.833333333333332,1.5,0.16666666666666666,0.3333333333333333,0.16666666666666666,1500.0,40,ordinary_practice,-40.44825261158594,-13.200522317188984,-18.00093067426401,0.005555555555555556,-37.37947389245939,-13.196676820266688,-20.082299949189085,0.011381172839506173
440,rating_only,27.333333333333332,25.833333333333332,-1.5,0.16666666666666666,0.0,-0.16666666666666666,1500.0,40,rating_tier_board,-40.44825261158594,-13.200522317188984,-18.00093067426401,0.005555555555555556,-40.76202821869489,-13.53354938271605,-20.82703262786596,0.0
440,rating_history,27.333333333333332,26.5,-0.8333333333333321,0.16666666666666666,0.0,-0.16666666666666666,1500.0,40,surface_management,-40.44825261158594,-13.200522317188984,-18.00093067426401,0.005555555555555556,-36.92843495029257,-13.534947767595153,-22.269834028287868,0.0
441,control,28.833333333333332,25.833333333333332,-3.0,0.0,0.0,0.0,1500.0,40,ordinary_practice,-33.8878369656271,-12.80323116219668,-16.62147955890633,0.0,-42.58325075354061,-13.742629753499319,-19.381301870432306,0.0
441,rating_only,28.833333333333332,29.0,0.16666666666666785,0.0,0.0,0.0,1500.0,40,rating_tier_board,-33.8878369656271,-12.80323116219668,-16.62147955890633,0.0,-36.24095480668757,-13.698876939897055,-19.13144253841093,0.0
441,rating_history,28.833333333333332,25.666666666666668,-3.1666666666666643,0.0,0.0,0.0,1500.0,40,surface_management,-33.8878369656271,-12.80323116219668,-16.62147955890633,0.0,-36.1011486849168,-13.396124530327429,-23.439634997316155,0.0
442,control,27.333333333333332,27.666666666666668,0.3333333333333357,0.16666666666666666,0.3333333333333333,0.16666666666666666,1500.0,40,ordinary_practice,-41.61947309958466,-12.811494494349464,-16.54108696352104,0.004901960784313725,-40.1388660828316,-13.452890287660402,-19.1139846743295,0.011919965942954448
442,rating_only,27.333333333333332,25.833333333333332,-1.5,0.16666666666666666,0.0,-0.16666666666666666,1500.0,40,rating_tier_board,-41.61947309958466,-12.811494494349464,-16.54108696352104,0.004901960784313725,-41.66328347578347,-13.381885090218423,-18.45073599240266,0.0
442,rating_history,27.333333333333332,25.833333333333332,-1.5,0.16666666666666666,0.0,-0.16666666666666666,1500.0,40,surface_management,-41.61947309958466,-12.811494494349464,-16.54108696352104,0.004901960784313725,-37.250326759697074,-13.261308804287316,-19.09245911232418,0.0
443,control,26.5,27.833333333333332,1.3333333333333321,0.16666666666666666,0.0,-0.16666666666666666,1500.0,40,ordinary_practice,-39.641764852925405,-13.38800220073394,-18.540350088018794,0.005376344086021505,-38.02286248200227,-13.424218055938486,-18.930017155285974,0.0
443,rating_only,26.5,26.5,0.0,0.16666666666666666,0.0,-0.16666666666666666,1500.0,40,rating_tier_board,-39.641764852925405,-13.38800220073394,-18.540350088018794,0.005376344086021505,-39.71706408700412,-13.425277777777778,-21.278249922657718,0.0
443,rating_history,26.5,30.166666666666668,3.666666666666668,0.16666666666666666,1.0,0.8333333333333334,1500.0,40,height_management,-39.641764852925405,-13.38800220073394,-18.540350088018794,0.005376344086021505,-37.96353834936901,-13.47211340427332,-18.52361338306179,0.028851540616246497
444,control,26.666666666666668,27.666666666666668,1.0,0.16666666666666666,0.3333333333333333,0.16666666666666666,1500.0,40,ordinary_practice,-39.669526480146175,-13.881393522815312,-22.24313434552565,0.005952380952380952,-36.714386558936056,-13.092875376384832,-19.651564925619432,0.011123470522803115
444,rating_only,26.666666666666668,26.166666666666668,-0.5,0.16666666666666666,0.16666666666666666,0.0,1500.0,40,rating_tier_board,-39.669526480146175,-13.881393522815312,-22.24313434552565,0.005952380952380952,-40.051862366029034,-13.390076651743318,-18.50644485144485,0.006172839506172839
444,rating_history,26.666666666666668,27.666666666666668,1.0,0.16666666666666666,0.6666666666666666,0.5,1500.0,40,surface_management,-39.669526480146175,-13.881393522815312,-22.24313434552565,0.005952380952380952,-36.60153964862298,-12.614490740740742,-17.603290004748338,0.022492283950617285
445,control,28.0,27.833333333333332,-0.16666666666666785,0.16666666666666666,0.16666666666666666,0.0,1500.0,40,ordinary_practice,-38.888243114909784,-13.310721747388413,-15.790845204178538,0.005555555555555556,-35.19952063860192,-12.829137090917609,-17.567448813456085,0.004901960784313725
445,rating_only,28.0,25.833333333333332,-2.166666666666668,0.16666666666666666,0.16666666666666666,0.0,1500.0,40,rating_tier_board,-38.888243114909784,-13.310721747388413,-15.790845204178538,0.005555555555555556,-40.64698451039031,-12.939550264550265,-19.15346081588835,0.005952380952380952
445,rating_history,28.0,26.666666666666668,-1.3333333333333321,0.16666666666666666,0.16666666666666666,0.0,1500.0,40,hole_management,-38.888243114909784,-13.310721747388413,-15.790845204178538,0.005555555555555556,-33.699850088183425,-12.566701940035275,-18.15246913580247,0.006172839506172839
446,control,26.5,26.833333333333332,0.33333333333333215,0.0,0.16666666666666666,0.16666666666666666,1500.0,40,ordinary_practice,-39.770310618500275,-13.74090722495895,-20.513096606458674,0.0,-30.618139470150965,-13.530806890002292,-23.588022317188983,0.005747126436781609
446,rating_only,26.5,28.166666666666668,1.6666666666666679,0.0,0.16666666666666666,0.16666666666666666,1500.0,40,rating_tier_board,-39.770310618500275,-13.74090722495895,-20.513096606458674,0.0,-32.84181332715816,-13.424413591942328,-20.03499525166192,0.005747126436781609
446,rating_history,26.5,27.833333333333332,1.3333333333333321,0.0,0.16666666666666666,0.16666666666666666,1500.0,40,hole_management,-39.770310618500275,-13.74090722495895,-20.513096606458674,0.0,-35.370842911877396,-13.405325670498083,-19.624750957854406,0.005747126436781609
447,control,26.833333333333332,27.666666666666668,0.8333333333333357,0.16666666666666666,0.16666666666666666,0.0,1500.0,40,ordinary_practice,-38.65141025641026,-13.178561253561254,-17.632037037037037,0.004629629629629629,-40.18740935685084,-13.533811787142783,-17.46590925180864,0.005376344086021505
447,rating_only,26.833333333333332,27.166666666666668,0.3333333333333357,0.16666666666666666,0.16666666666666666,0.0,1500.0,40,rating_tier_board,-38.65141025641026,-13.178561253561254,-17.632037037037037,0.004629629629629629,-37.825579097931836,-13.20476583158327,-18.03074895923774,0.005376344086021505
447,rating_history,26.833333333333332,27.166666666666668,0.3333333333333357,0.16666666666666666,0.16666666666666666,0.0,1500.0,40,hole_management,-38.65141025641026,-13.178561253561254,-17.632037037037037,0.004629629629629629,-37.825579097931836,-13.20476583158327,-18.03074895923774,0.005376344086021505
448,control,28.333333333333332,27.666666666666668,-0.6666666666666643,0.3333333333333333,0.0,-0.3333333333333333,1500.0,40,ordinary_practice,-36.96797313797314,-13.618589743589745,-18.240335775335776,0.009523809523809523,-37.26692579977292,-13.26682495157951,-17.60060008014426,0.0
448,rating_only,28.333333333333332,27.5,-0.8333333333333321,0.3333333333333333,0.0,-0.3333333333333333,1500.0,40,rating_tier_board,-36.96797313797314,-13.618589743589745,-18.240335775335776,0.009523809523809523,-36.66066341066341,-13.235439136480803,-18.190151862026863,0.0
448,rating_history,28.333333333333332,27.5,-0.8333333333333321,0.3333333333333333,0.0,-0.3333333333333333,1500.0,40,surface_management,-36.96797313797314,-13.618589743589745,-18.240335775335776,0.009523809523809523,-36.743996743996746,-13.235439136480803,-18.023485195360195,0.0
449,control,25.666666666666668,26.166666666666668,0.5,0.16666666666666666,0.0,-0.16666666666666666,1500.0,40,ordinary_practice,-40.05849197099197,-12.894986957486958,-17.913275798275798,0.005050505050505051,-42.210974186108594,-13.39159456632575,-17.824764990087573,0.0
449,rating_only,25.666666666666668,27.666666666666668,2.0,0.16666666666666666,0.3333333333333333,0.16666666666666666,1500.0,40,rating_tier_board,-40.05849197099197,-12.894986957486958,-17.913275798275798,0.005050505050505051,-39.98223461775355,-13.24922631391776,-17.527625628315203,0.013419216317767041
449,rating_history,25.666666666666668,28.666666666666668,3.0,0.16666666666666666,0.0,-0.16666666666666666,1500.0,40,surface_management,-40.05849197099197,-12.894986957486958,-17.913275798275798,0.005050505050505051,-37.185040765685926,-13.620066761195794,-19.435941746425616,0.0
450,control,26.666666666666668,29.666666666666668,3.0,0.16666666666666666,0.16666666666666666,0.0,1500.0,40,ordinary_practice,-38.7393018305662,-12.836747552149852,-16.72869306087697,0.005747126436781609,-35.82106491179072,-13.516568333100592,-18.302000418935904,0.005376344086021505
450,rating_only,26.666666666666668,25.5,-1.1666666666666679,0.16666666666666666,0.0,-0.16666666666666666,1500.0,40,rating_tier_board,-38.7393018305662,-12.836747552149852,-16.72869306087697,0.005747126436781609,-36.85767879948914,-12.993344432281214,-18.482530560116768,0.0
450,rating_history,26.666666666666668,30.0,3.333333333333332,0.16666666666666666,0.16666666666666666,0.0,1500.0,40,height_management,-38.7393018305662,-12.836747552149852,-16.72869306087697,0.005747126436781609,-36.120185146394824,-13.584831611041288,-17.9989701159056,0.005376344086021505
451,control,26.666666666666668,29.666666666666668,3.0,0.16666666666666666,0.0,-0.16666666666666666,1500.0,40,ordinary_practice,-40.52646580975385,-13.734956099992331,-20.121405567057742,0.005208333333333333,-33.50134334424657,-13.604768982833498,-19.72732106119203,0.0
451,rating_only,26.666666666666668,28.0,1.3333333333333321,0.16666666666666666,0.0,-0.16666666666666666,1500.0,40,rating_tier_board,-40.52646580975385,-13.734956099992331,-20.121405567057742,0.005208333333333333,-35.76104425144748,-13.4662108836504,-20.057049386545355,0.0
451,rating_history,26.666666666666668,28.166666666666668,1.5,0.16666666666666666,0.0,-0.16666666666666666,1500.0,40,hole_management,-40.52646580975385,-13.734956099992331,-20.121405567057742,0.005208333333333333,-35.26482630272953,-13.160014302453819,-20.048908360904328,0.0
452,control,28.833333333333332,26.5,-2.333333333333332,0.16666666666666666,0.0,-0.16666666666666666,1500.0,40,ordinary_practice,-37.388155440238776,-13.09798958757292,-16.064990757699093,0.005208333333333333,-41.33271951478473,-13.061003609916654,-18.66051520942825,0.0
452,rating_only,28.833333333333332,27.333333333333332,-1.5,0.16666666666666666,0.3333333333333333,0.16666666666666666,1500.0,40,rating_tier_board,-37.388155440238776,-13.09798958757292,-16.064990757699093,0.005208333333333333,-43.27176607120229,-12.99242984455066,-17.196961148165233,0.011381172839506173
452,rating_history,28.833333333333332,26.166666666666668,-2.6666666666666643,0.16666666666666666,0.0,-0.16666666666666666,1500.0,40,height_management,-37.388155440238776,-13.09798958757292,-16.064990757699093,0.005208333333333333,-44.13841948175281,-13.62158662325329,-18.638715235381902,0.0
453,control,27.333333333333332,26.5,-0.8333333333333321,0.0,0.3333333333333333,0.3333333333333333,1500.0,40,ordinary_practice,-36.485652272856576,-12.783492063492064,-17.032270580872733,0.0,-37.868894181941286,-13.070675491747213,-17.851772414484003,0.011123470522803115
453,rating_only,27.333333333333332,26.166666666666668,-1.1666666666666643,0.0,0.0,0.0,1500.0,40,rating_tier_board,-36.485652272856576,-12.783492063492064,-17.032270580872733,0.0,-38.62038177339902,-13.817908010280574,-20.796866447728515,0.0
453,rating_history,27.333333333333332,26.166666666666668,-1.1666666666666643,0.0,0.0,0.0,1500.0,40,hole_management,-36.485652272856576,-12.783492063492064,-17.032270580872733,0.0,-34.81133838383838,-13.790067287784678,-21.86751803751804,0.0
454,control,27.5,27.833333333333332,0.33333333333333215,0.16666666666666666,0.0,-0.16666666666666666,1500.0,40,ordinary_practice,-35.461343999445916,-12.683699414882211,-16.87322170410062,0.006410256410256411,-37.55352733686067,-14.146340388007054,-19.094951499118167,0.0
454,rating_only,27.5,26.5,-1.0,0.16666666666666666,0.16666666666666666,0.0,1500.0,40,rating_tier_board,-35.461343999445916,-12.683699414882211,-16.87322170410062,0.006410256410256411,-39.32769620073968,-13.972807359039242,-18.766754496174787,0.005555555555555556
454,rating_history,27.5,28.5,1.0,0.16666666666666666,0.0,-0.16666666666666666,1500.0,40,surface_management,-35.461343999445916,-12.683699414882211,-16.87322170410062,0.006410256410256411,-32.27020202020202,-12.980880230880231,-17.036020923520923,0.0
455,control,28.0,27.0,-1.0,0.16666666666666666,0.16666666666666666,0.0,1500.0,40,ordinary_practice,-38.01826906665617,-13.653619130769668,-19.856989137903117,0.005376344086021505,-37.65245210727969,-13.63818859088974,-20.59190293742018,0.005747126436781609
455,rating_only,28.0,27.0,-1.0,0.16666666666666666,0.16666666666666666,0.0,1500.0,40,rating_tier_board,-38.01826906665617,-13.653619130769668,-19.856989137903117,0.005376344086021505,-33.82508072174739,-12.905584045584046,-20.65620132953466,0.005555555555555556
455,rating_history,28.0,29.0,1.0,0.16666666666666666,0.3333333333333333,0.16666666666666666,1500.0,40,height_management,-38.01826906665617,-13.653619130769668,-19.856989137903117,0.005376344086021505,-38.48623058542414,-13.556306536951698,-18.332831256755988,0.011549183592194345
456,control,27.166666666666668,27.333333333333332,0.1666666666666643,0.16666666666666666,0.0,-0.16666666666666666,1500.0,40,ordinary_practice,-33.59768482236154,-13.157795628700802,-19.653810736677116,0.005208333333333333,-39.43226144864076,-13.577908123166743,-20.164101277607024,0.0
456,rating_only,27.166666666666668,27.333333333333332,0.1666666666666643,0.16666666666666666,0.16666666666666666,0.0,1500.0,40,rating_tier_board,-33.59768482236154,-13.157795628700802,-19.653810736677116,0.005208333333333333,-39.684927726594395,-13.599273411773412,-21.54509687843021,0.005050505050505051
456,rating_history,27.166666666666668,27.333333333333332,0.1666666666666643,0.16666666666666666,0.16666666666666666,0.0,1500.0,40,height_management,-33.59768482236154,-13.157795628700802,-19.653810736677116,0.005208333333333333,-39.684927726594395,-13.599273411773412,-21.54509687843021,0.005050505050505051
457,control,27.333333333333332,27.0,-0.33333333333333215,0.16666666666666666,0.0,-0.16666666666666666,1500.0,40,ordinary_practice,-36.714148620642874,-13.653937565201932,-18.76490129070589,0.006666666666666667,-38.50731069010639,-13.566045115776298,-20.79905558400182,0.0
457,rating_only,27.333333333333332,27.166666666666668,-0.1666666666666643,0.16666666666666666,0.0,-0.16666666666666666,1500.0,40,rating_tier_board,-36.714148620642874,-13.653937565201932,-18.76490129070589,0.006666666666666667,-36.87047697821892,-12.579156327543425,-17.66699476151089,0.0
457,rating_history,27.333333333333332,27.166666666666668,-0.1666666666666643,0.16666666666666666,0.0,-0.16666666666666666,1500.0,40,hole_management,-36.714148620642874,-13.653937565201932,-18.76490129070589,0.006666666666666667,-35.54517783291977,-12.619156327543426,-18.960328094844222,0.0
458,control,25.166666666666668,26.5,1.3333333333333321,0.0,0.0,0.0,1500.0,40,ordinary_practice,-44.77459877343422,-13.825100666737086,-19.814985580170095,0.0,-36.79815323565324,-13.355396147062814,-19.881478089811424,0.0
458,rating_only,25.166666666666668,26.833333333333332,1.6666666666666643,0.0,0.16666666666666666,0.16666666666666666,1500.0,40,rating_tier_board,-44.77459877343422,-13.825100666737086,-19.814985580170095,0.0,-40.447644649257555,-13.276056533072662,-17.805569985569985,0.005050505050505051
458,rating_history,25.166666666666668,28.333333333333332,3.1666666666666643,0.0,0.3333333333333333,0.3333333333333333,1500.0,40,hole_management,-44.77459877343422,-13.825100666737086,-19.814985580170095,0.0,-37.92275314723591,-13.651700502562571,-19.034297158779918,0.010606060606060607
459,control,27.5,27.333333333333332,-0.16666666666666785,0.0,0.16666666666666666,0.16666666666666666,1500.0,40,ordinary_practice,-40.044651336318005,-12.924375932709266,-18.181010039343374,0.0,-37.78763592117759,-12.980874881291548,-18.352908950617284,0.005208333333333333
459,rating_only,27.5,29.166666666666668,1.6666666666666679,0.0,0.16666666666666666,0.16666666666666666,1500.0,40,rating_tier_board,-40.044651336318005,-12.924375932709266,-18.181010039343374,0.0,-36.916639194139194,-12.804342948717949,-16.399986263736263,0.005208333333333333
459,rating_history,27.5,27.333333333333332,-0.16666666666666785,0.0,0.0,0.0,1500.0,40,surface_management,-40.044651336318005,-12.924375932709266,-18.181010039343374,0.0,-34.63193522794972,-12.889158157998738,-19.399737366766352,0.0
460,control,26.333333333333332,30.333333333333332,4.0,0.0,1.1666666666666667,1.1666666666666667,1500.0,40,ordinary_practice,-34.93057577558875,-12.968906560350757,-20.896663190693594,0.0,-41.44485789407485,-14.016426864429738,-22.784966378342816,0.03367003367003367
460,rating_only,26.333333333333332,27.5,1.1666666666666679,0.0,0.5,0.5,1500.0,40,rating_tier_board,-34.93057577558875,-12.968906560350757,-20.896663190693594,0.0,-39.81481141713525,-13.543501526884835,-24.878233183330636,0.015151515151515152
460,rating_history,26.333333333333332,30.333333333333332,4.0,0.0,1.1666666666666667,1.1666666666666667,1500.0,40,hole_management,-34.93057577558875,-12.968906560350757,-20.896663190693594,0.0,-41.44485789407485,-14.016426864429738,-22.784966378342816,0.03367003367003367
461,control,26.666666666666668,27.666666666666668,1.0,0.0,0.16666666666666666,0.16666666666666666,1500.0,40,ordinary_practice,-40.45036358703025,-13.890784493284494,-18.861600529100528,0.0,-39.902321192588154,-13.388984816938098,-17.55279170588403,0.005555555555555556
461,rating_only,26.666666666666668,27.666666666666668,1.0,0.0,0.16666666666666666,0.16666666666666666,1500.0,40,rating_tier_board,-40.45036358703025,-13.890784493284494,-18.861600529100528,0.0,-39.98898785925482,-13.395651483604764,-17.599458372550696,0.005555555555555556
461,rating_history,26.666666666666668,27.666666666666668,1.0,0.0,0.16666666666666666,0.16666666666666666,1500.0,40,surface_management,-40.45036358703025,-13.890784493284494,-18.861600529100528,0.0,-39.92770561999728,-13.332207722832724,-17.543624592999592,0.005208333333333333
462,control,25.166666666666668,26.666666666666668,1.5,0.16666666666666666,0.0,-0.16666666666666666,1500.0,40,ordinary_practice,-43.90783122372796,-13.640665192295627,-19.18124862758015,0.005208333333333333,-38.63926031096075,-13.152124890052297,-17.966089097765195,0.0
462,rating_only,25.166666666666668,27.5,2.333333333333332,0.16666666666666666,0.5,0.33333333333333337,1500.0,40,rating_tier_board,-43.90783122372796,-13.640665192295627,-19.18124862758015,0.005208333333333333,-38.169485231724316,-12.95591695598926,-18.059542105779954,0.01584813653779171
462,rating_history,25.166666666666668,27.5,2.333333333333332,0.16666666666666666,0.3333333333333333,0.16666666666666666,1500.0,40,hole_management,-43.90783122372796,-13.640665192295627,-19.18124862758015,0.005208333333333333,-39.34724616858237,-13.206700191570881,-17.813829022988507,0.010955459770114943
463,control,27.833333333333332,25.5,-2.333333333333332,0.16666666666666666,0.3333333333333333,0.16666666666666666,1500.0,40,ordinary_practice,-43.157131964558346,-13.572735790109725,-16.935450931568266,0.005376344086021505,-41.80276964882943,-13.761528010033445,-19.417729236343366,0.011618589743589744
463,rating_only,27.833333333333332,29.333333333333332,1.5,0.16666666666666666,0.0,-0.16666666666666666,1500.0,40,rating_tier_board,-43.157131964558346,-13.572735790109725,-16.935450931568266,0.005376344086021505,-34.46604854225822,-13.257390643506234,-17.793777078904768,0.0
463,rating_history,27.833333333333332,27.0,-0.8333333333333321,0.16666666666666666,0.0,-0.16666666666666666,1500.0,40,hole_management,-43.157131964558346,-13.572735790109725,-16.935450931568266,0.005376344086021505,-40.10595238095238,-13.576770451770452,-17.607967032967032,0.0
464,control,29.166666666666668,27.5,-1.6666666666666679,0.0,0.0,0.0,1500.0,40,ordinary_practice,-35.22140789318209,-13.441516995549254,-18.80371322226161,0.0,-36.40343779677113,-13.511576448243115,-20.984434947768282,0.0
464,rating_only,29.166666666666668,27.5,-1.6666666666666679,0.0,0.0,0.0,1500.0,40,rating_tier_board,-35.22140789318209,-13.441516995549254,-18.80371322226161,0.0,-35.06409554685417,-13.031994956937485,-21.361736043862482,0.0
464,rating_history,29.166666666666668,27.5,-1.6666666666666679,0.0,0.0,0.0,1500.0,40,hole_management,-35.22140789318209,-13.441516995549254,-18.80371322226161,0.0,-35.06409554685417,-13.031994956937485,-21.361736043862482,0.0
465,control,26.833333333333332,27.833333333333332,1.0,0.3333333333333333,0.0,-0.3333333333333333,1500.0,40,ordinary_practice,-43.09487373737374,-14.344863716530384,-20.88279872134039,0.010416666666666666,-34.49574076413157,-12.88972405840222,-20.016469832849143,0.0
465,rating_only,26.833333333333332,27.833333333333332,1.0,0.3333333333333333,0.0,-0.3333333333333333,1500.0,40,rating_tier_board,-43.09487373737374,-14.344863716530384,-20.88279872134039,0.010416666666666666,-33.59918822131466,-12.77777543869498,-18.884869175099062,0.0
465,rating_history,26.833333333333332,27.5,0.6666666666666679,0.3333333333333333,0.0,-0.3333333333333333,1500.0,40,height_management,-43.09487373737374,-14.344863716530384,-20.88279872134039,0.010416666666666666,-34.87816360948545,-12.49090740039016,-17.546115017379385,0.0
466,control,26.5,27.833333333333332,1.3333333333333321,0.0,0.0,0.0,1500.0,40,ordinary_practice,-34.32352335438357,-12.509912101041134,-17.27451925812141,0.0,-38.47378151517936,-13.534961553778757,-19.669760745029564,0.0
466,rating_only,26.5,27.833333333333332,1.3333333333333321,0.0,0.0,0.0,1500.0,40,rating_tier_board,-34.32352335438357,-12.509912101041134,-17.27451925812141,0.0,-38.47378151517936,-13.534961553778757,-19.669760745029564,0.0
466,rating_history,26.5,26.833333333333332,0.33333333333333215,0.0,0.0,0.0,1500.0,40,hole_management,-34.32352335438357,-12.509912101041134,-17.27451925812141,0.0,-39.62965643476396,-13.52448805674612,-19.304339328532876,0.0
467,control,28.0,29.0,1.0,0.16666666666666666,0.5,0.33333333333333337,1500.0,40,ordinary_practice,-40.53773946360153,-13.77422634836428,-17.974440023577955,0.005747126436781609,-38.6747516808396,-13.281966071972397,-18.264609667044834,0.015180265654648957
467,rating_only,28.0,29.166666666666668,1.1666666666666679,0.16666666666666666,0.3333333333333333,0.16666666666666666,1500.0,40,rating_tier_board,-40.53773946360153,-13.77422634836428,-17.974440023577955,0.005747126436781609,-37.812750351654685,-13.409900183037003,-18.084931768200214,0.011328725038402458
467,rating_history,28.0,27.166666666666668,-0.8333333333333321,0.16666666666666666,0.3333333333333333,0.16666666666666666,1500.0,40,height_management,-40.53773946360153,-13.77422634836428,-17.974440023577955,0.005747126436781609,-40.116410256410255,-13.43704822954823,-17.069136141636143,0.011111111111111112
468,control,25.166666666666668,28.666666666666668,3.5,0.0,0.3333333333333333,0.3333333333333333,1500.0,40,ordinary_practice,-36.63253505822846,-13.073737655259395,-21.95415084642346,0.0,-37.282919157223944,-13.40743326936319,-17.246353294462306,0.011328725038402458
468,rating_only,25.166666666666668,28.5,3.333333333333332,0.0,0.16666666666666666,0.16666666666666666,1500.0,40,rating_tier_board,-36.63253505822846,-13.073737655259395,-21.95415084642346,0.0,-36.99683972936661,-13.542691826293977,-15.959820197723424,0.005952380952380952
468,rating_history,25.166666666666668,28.333333333333332,3.1666666666666643,0.0,0.0,0.0,1500.0,40,surface_management,-36.63253505822846,-13.073737655259395,-21.95415084642346,0.0,-35.31563276283104,-13.460897486829078,-18.396025048520876,0.0
469,control,26.333333333333332,27.833333333333332,1.5,0.0,0.0,0.0,1500.0,40,ordinary_practice,-39.35969585969586,-13.45890220890221,-22.10717060717061,0.0,-37.39243996743997,-13.363919413919414,-16.430056980056982,0.0
469,rating_only,26.333333333333332,28.166666666666668,1.8333333333333357,0.0,0.0,0.0,1500.0,40,rating_tier_board,-39.35969585969586,-13.45890220890221,-22.10717060717061,0.0,-39.69679012345679,-13.51283950617284,-17.96345679012346,0.0
469,rating_history,26.333333333333332,26.666666666666668,0.3333333333333357,0.0,0.0,0.0,1500.0,40,hole_management,-39.35969585969586,-13.45890220890221,-22.10717060717061,0.0,-41.63510717677384,-13.511836928503595,-16.707214082214083,0.0
470,control,26.166666666666668,29.333333333333332,3.1666666666666643,0.0,0.16666666666666666,0.16666666666666666,1500.0,40,ordinary_practice,-39.28924331840999,-13.535879460046127,-18.909591642924976,0.0,-35.55143849206349,-13.456547619047619,-17.329960317460316,0.005208333333333333
470,rating_only,26.166666666666668,27.666666666666668,1.5,0.0,0.0,0.0,1500.0,40,rating_tier_board,-39.28924331840999,-13.535879460046127,-18.909591642924976,0.0,-35.732301970707766,-13.313628172686144,-18.098416532474502,0.0
470,rating_history,26.166666666666668,28.333333333333332,2.1666666666666643,0.0,0.0,0.0,1500.0,40,hole_management,-39.28924331840999,-13.535879460046127,-18.909591642924976,0.0,-35.35,-13.25952380952381,-17.615674603174604,0.0
471,control,28.666666666666668,26.0,-2.666666666666668,0.0,0.0,0.0,1500.0,40,ordinary_practice,-32.61786061020341,-12.671255724217184,-16.96681911845198,0.0,-34.634539842873174,-13.189323793490459,-21.501783710117046,0.0
471,rating_only,28.666666666666668,24.333333333333332,-4.333333333333336,0.0,0.0,0.0,1500.0,40,rating_tier_board,-32.61786061020341,-12.671255724217184,-16.96681911845198,0.0,-36.8861339323503,-13.388815392372166,-20.5401855360768,0.0
471,rating_history,28.666666666666668,26.0,-2.666666666666668,0.0,0.0,0.0,1500.0,40,hole_management,-32.61786061020341,-12.671255724217184,-16.96681911845198,0.0,-33.656969600216726,-13.330953210263555,-22.51312212159913,0.0
472,control,27.833333333333332,27.333333333333332,-0.5,0.0,0.16666666666666666,0.16666666666666666,1500.0,40,ordinary_practice,-37.78736160892075,-13.480714001251636,-15.99984354554247,0.0,-42.61447870291434,-13.946912317261848,-18.135864874130007,0.004901960784313725
472,rating_only,27.833333333333332,26.5,-1.3333333333333321,0.0,0.0,0.0,1500.0,40,rating_tier_board,-37.78736160892075,-13.480714001251636,-15.99984354554247,0.0,-40.638514454893766,-13.688557993730408,-19.327207294621086,0.0
472,rating_history,27.833333333333332,27.5,-0.33333333333333215,0.0,0.16666666666666666,0.16666666666666666,1500.0,40,hole_management,-37.78736160892075,-13.480714001251636,-15.99984354554247,0.0,-42.30164801508365,-13.989019901036098,-18.16783136442983,0.004901960784313725
473,control,26.666666666666668,27.0,0.33333333333333215,0.16666666666666666,0.16666666666666666,0.0,1500.0,40,ordinary_practice,-42.39278440450104,-13.19686019627549,-16.78870608651718,0.006666666666666667,-34.42620085552291,-13.553412521849674,-21.743031934889846,0.005376344086021505
473,rating_only,26.666666666666668,27.0,0.33333333333333215,0.16666666666666666,0.16666666666666666,0.0,1500.0,40,rating_tier_board,-42.39278440450104,-13.19686019627549,-16.78870608651718,0.006666666666666667,-34.859003684877464,-13.536834272512804,-21.19528657679966,0.005376344086021505
473,rating_history,26.666666666666668,27.0,0.33333333333333215,0.16666666666666666,0.16666666666666666,0.0,1500.0,40,hole_management,-42.39278440450104,-13.19686019627549,-16.78870608651718,0.006666666666666667,-34.859003684877464,-13.536834272512804,-21.19528657679966,0.005376344086021505
474,control,27.833333333333332,28.5,0.6666666666666679,0.0,0.16666666666666666,0.16666666666666666,1500.0,40,ordinary_practice,-37.46219189412738,-13.636659155947253,-20.18058906857572,0.0,-34.39900561666598,-12.838729315151266,-17.254456803856137,0.005555555555555556
474,rating_only,27.833333333333332,26.666666666666668,-1.1666666666666643,0.0,0.0,0.0,1500.0,40,rating_tier_board,-37.46219189412738,-13.636659155947253,-20.18058906857572,0.0,-35.84796940713607,-13.14908899742233,-20.019253832587165,0.0
474,rating_history,27.833333333333332,28.5,0.6666666666666679,0.0,0.5,0.5,1500.0,40,hole_management,-37.46219189412738,-13.636659155947253,-20.18058906857572,0.0,-37.061275516735286,-13.596278933922612,-18.946468016870316,0.012820512820512822
475,control,27.0,25.166666666666668,-1.8333333333333321,0.16666666666666666,0.0,-0.16666666666666666,1500.0,40,ordinary_practice,-34.742196539093094,-13.340907540735127,-22.680339143615004,0.005747126436781609,-37.71707579859754,-13.503014256275126,-19.772883517448737,0.0
475,rating_only,27.0,27.333333333333332,0.33333333333333215,0.16666666666666666,0.0,-0.16666666666666666,1500.0,40,rating_tier_board,-34.742196539093094,-13.340907540735127,-22.680339143615004,0.005747126436781609,-37.42690384966247,-13.459728151797117,-19.49046889253786,0.0
475,rating_history,27.0,27.666666666666668,0.6666666666666679,0.16666666666666666,0.3333333333333333,0.16666666666666666,1500.0,40,hole_management,-34.742196539093094,-13.340907540735127,-22.680339143615004,0.005747126436781609,-36.98917734770676,-13.375899235114922,-19.15856105405125,0.00980392156862745
476,control,27.5,26.833333333333332,-0.6666666666666679,0.3333333333333333,0.6666666666666666,0.3333333333333333,1500.0,40,ordinary_practice,-39.98105413105413,-13.181600189933523,-17.547691968525303,0.011507936507936507,-44.83929487179487,-13.63957264957265,-20.530064102564104,0.022222222222222223
476,rating_only,27.5,27.666666666666668,0.16666666666666785,0.3333333333333333,0.16666666666666666,-0.16666666666666666,1500.0,40,rating_tier_board,-39.98105413105413,-13.181600189933523,-17.547691968525303,0.011507936507936507,-36.07067517828387,-13.086876964956675,-17.873795146077754,0.005555555555555556
476,rating_history,27.5,27.0,-0.5,0.3333333333333333,0.16666666666666666,-0.16666666666666666,1500.0,40,hole_management,-39.98105413105413,-13.181600189933523,-17.547691968525303,0.011507936507936507,-40.407326007326006,-13.23713200379867,-19.985844525844527,0.005952380952380952
477,control,25.0,27.833333333333332,2.833333333333332,0.0,0.3333333333333333,0.3333333333333333,1500.0,40,ordinary_practice,-40.20572205706264,-13.228267475948636,-22.518526363598827,0.0,-39.37789031972847,-13.149332829449627,-17.3893418164321,0.012499999999999999
477,rating_only,25.0,27.166666666666668,2.166666666666668,0.0,0.0,0.0,1500.0,40,rating_tier_board,-40.20572205706264,-13.228267475948636,-22.518526363598827,0.0,-36.27428281080487,-13.021030990340691,-19.011917049470853,0.0
477,rating_history,25.0,28.833333333333332,3.833333333333332,0.0,0.16666666666666666,0.16666666666666666,1500.0,40,hole_management,-40.20572205706264,-13.228267475948636,-22.518526363598827,0.0,-36.00989610369546,-12.959922830923247,-17.68501493428913,0.005208333333333333
478,control,25.0,25.0,0.0,0.0,0.3333333333333333,0.3333333333333333,1500.0,40,ordinary_practice,-42.989693277736755,-13.227262737262738,-19.048025742373568,0.0,-38.14631588218545,-13.359604284604284,-19.9066912556043,0.009523809523809523
478,rating_only,25.0,25.0,0.0,0.0,0.3333333333333333,0.3333333333333333,1500.0,40,rating_tier_board,-42.989693277736755,-13.227262737262738,-19.048025742373568,0.0,-38.12067485654442,-13.359604284604284,-19.9066912556043,0.009523809523809523
478,rating_history,25.0,25.0,0.0,0.0,0.3333333333333333,0.3333333333333333,1500.0,40,surface_management,-42.989693277736755,-13.227262737262738,-19.048025742373568,0.0,-38.12067485654442,-13.359604284604284,-19.9066912556043,0.009523809523809523
479,control,26.5,27.166666666666668,0.6666666666666679,0.3333333333333333,0.16666666666666666,-0.16666666666666666,1500.0,40,ordinary_practice,-37.91471450617284,-13.491280864197531,-21.4004475308642,0.010416666666666666,-38.37421978404737,-14.05856757227447,-22.165309125740162,0.005050505050505051
479,rating_only,26.5,27.166666666666668,0.6666666666666679,0.3333333333333333,0.16666666666666666,-0.16666666666666666,1500.0,40,rating_tier_board,-37.91471450617284,-13.491280864197531,-21.4004475308642,0.010416666666666666,-38.30088645071404,-14.05856757227447,-22.20530912574016,0.005050505050505051
479,rating_history,26.5,26.5,0.0,0.3333333333333333,0.0,-0.3333333333333333,1500.0,40,hole_management,-37.91471450617284,-13.491280864197531,-21.4004475308642,0.010416666666666666,-36.59546764431822,-12.981308814642148,-18.722084535302926,0.0
480,control,28.666666666666668,30.0,1.3333333333333321,0.16666666666666666,0.6666666666666666,0.5,1500.0,40,ordinary_practice,-36.151402918069586,-13.232944832944833,-16.998376931710265,0.006410256410256411,-35.19229131159053,-13.658927273359977,-18.08718631201946,0.02050326188257223
480,rating_only,28.666666666666668,30.333333333333332,1.6666666666666643,0.16666666666666666,0.5,0.33333333333333337,1500.0,40,rating_tier_board,-36.151402918069586,-13.232944832944833,-16.998376931710265,0.006410256410256411,-38.31654491341991,-13.3282693001443,-18.26205808080808,0.014574314574314575
480,rating_history,28.666666666666668,30.0,1.3333333333333321,0.16666666666666666,0.6666666666666666,0.5,1500.0,40,height_management,-36.151402918069586,-13.232944832944833,-16.998376931710265,0.006410256410256411,-36.49102663773206,-12.542148785753437,-15.950254016726886,0.015503875968992248
481,control,28.333333333333332,27.166666666666668,-1.1666666666666643,0.0,0.0,0.0,1500.0,40,ordinary_practice,-36.38502413933448,-13.340945995256341,-18.12632894989217,0.0,-38.73864456020838,-13.651555881394591,-18.378650560908625,0.0
481,rating_only,28.333333333333332,25.833333333333332,-2.5,0.0,0.0,0.0,1500.0,40,rating_tier_board,-36.38502413933448,-13.340945995256341,-18.12632894989217,0.0,-39.244254658385096,-13.46338383838384,-17.984073655812786,0.0
481,rating_history,28.333333333333332,28.166666666666668,-0.1666666666666643,0.0,0.16666666666666666,0.16666666666666666,1500.0,40,surface_management,-36.38502413933448,-13.340945995256341,-18.12632894989217,0.0,-39.140548581316104,-13.859866341790703,-17.85504396419302,0.005747126436781609
482,control,27.5,27.333333333333332,-0.16666666666666785,0.3333333333333333,0.16666666666666666,-0.16666666666666666,1500.0,40,ordinary_practice,-41.44068144499179,-14.142226116795083,-18.71757925982064,0.011494252873563218,-34.21232235733985,-12.90380365372869,-19.163055139097118,0.005555555555555556
482,rating_only,27.5,27.166666666666668,-0.33333333333333215,0.3333333333333333,0.0,-0.3333333333333333,1500.0,40,rating_tier_board,-41.44068144499179,-14.142226116795083,-18.71757925982064,0.011494252873563218,-38.99997017669431,-12.986141519187496,-18.17289564416001,0.0
482,rating_history,27.5,26.333333333333332,-1.1666666666666679,0.3333333333333333,0.0,-0.3333333333333333,1500.0,40,height_management,-41.44068144499179,-14.142226116795083,-18.71757925982064,0.011494252873563218,-40.19606227106227,-13.480509768009767,-20.074801587301586,0.0
483,control,26.5,24.833333333333332,-1.6666666666666679,0.0,0.0,0.0,1500.0,40,ordinary_practice,-37.05774314278522,-13.490156435429927,-18.211950716417757,0.0,-39.20072816072816,-13.267172272172273,-21.26136641136641,0.0
483,rating_only,26.5,26.166666666666668,-0.33333333333333215,0.0,0.0,0.0,1500.0,40,rating_tier_board,-37.05774314278522,-13.490156435429927,-18.211950716417757,0.0,-40.71707511425253,-13.92566936249732,-21.49477491345771,0.0
483,rating_history,26.5,28.666666666666668,2.166666666666668,0.0,0.16666666666666666,0.16666666666666666,1500.0,40,height_management,-37.05774314278522,-13.490156435429927,-18.211950716417757,0.0,-39.06984432234432,-14.061585553783134,-19.172082939461973,0.005376344086021505
484,control,26.5,28.0,1.5,0.0,0.16666666666666666,0.16666666666666666,1500.0,40,ordinary_practice,-36.75881834215168,-12.792361959028625,-18.996048704382037,0.0,-37.081901455026454,-13.12666157916158,-17.677636260344592,0.005208333333333333
484,rating_only,26.5,28.0,1.5,0.0,0.16666666666666666,0.16666666666666666,1500.0,40,rating_tier_board,-36.75881834215168,-12.792361959028625,-18.996048704382037,0.0,-37.428574226699226,-13.204042531542532,-17.612373745082078,0.005208333333333333
484,rating_history,26.5,25.333333333333332,-1.1666666666666679,0.0,0.0,0.0,1500.0,40,surface_management,-36.75881834215168,-12.792361959028625,-18.996048704382037,0.0,-43.0299654049654,-14.26041021512036,-20.277395846236427,0.0
485,control,27.0,25.666666666666668,-1.3333333333333321,0.0,0.16666666666666666,0.16666666666666666,1500.0,40,ordinary_practice,-34.9403659611993,-13.398258377425044,-23.369819223985893,0.0,-43.01548392470431,-13.506667499583543,-19.460376061969015,0.005555555555555556
485,rating_only,27.0,27.0,0.0,0.0,0.16666666666666666,0.16666666666666666,1500.0,40,rating_tier_board,-34.9403659611993,-13.398258377425044,-23.369819223985893,0.0,-38.60370124766676,-13.829593198415038,-22.534063594983134,0.005555555555555556
485,rating_history,27.0,24.5,-2.5,0.0,0.0,0.0,1500.0,40,surface_management,-34.9403659611993,-13.398258377425044,-23.369819223985893,0.0,-42.38135099117108,-13.263389138763952,-19.851647093120107,0.0
486,control,26.333333333333332,28.666666666666668,2.3333333333333357,0.0,0.3333333333333333,0.3333333333333333,1500.0,40,ordinary_practice,-38.28935586018919,-13.28924963924964,-20.249434824434825,0.0,-37.16257839694871,-13.265117657621406,-16.742144647373284,0.009812409812409812
486,rating_only,26.333333333333332,26.333333333333332,0.0,0.0,0.0,0.0,1500.0,40,rating_tier_board,-38.28935586018919,-13.28924963924964,-20.249434824434825,0.0,-36.91609067261241,-13.246890428412168,-20.499422678770504,0.0
486,rating_history,26.333333333333332,26.333333333333332,0.0,0.0,0.0,0.0,1500.0,40,surface_management,-38.28935586018919,-13.28924963924964,-20.249434824434825,0.0,-36.84362690449647,-13.246890428412168,-20.499422678770504,0.0
487,control,27.666666666666668,26.833333333333332,-0.8333333333333357,0.16666666666666666,0.0,-0.16666666666666666,1500.0,40,ordinary_practice,-39.131710405251376,-13.799309246213214,-20.456338592949642,0.005376344086021505,-36.10891584750611,-12.985732953658918,-19.183398779494112,0.0
487,rating_only,27.666666666666668,29.666666666666668,2.0,0.16666666666666666,0.16666666666666666,0.0,1500.0,40,rating_tier_board,-39.131710405251376,-13.799309246213214,-20.456338592949642,0.005376344086021505,-34.977830704241995,-13.70914532376226,-18.20241898558431,0.0047619047619047615
487,rating_history,27.666666666666668,29.666666666666668,2.0,0.16666666666666666,0.16666666666666666,0.0,1500.0,40,hole_management,-39.131710405251376,-13.799309246213214,-20.456338592949642,0.005376344086021505,-34.977830704241995,-13.70914532376226,-18.20241898558431,0.0047619047619047615
488,control,29.333333333333332,29.5,0.16666666666666785,0.0,0.16666666666666666,0.16666666666666666,1500.0,40,ordinary_practice,-33.675725010283834,-13.331630787513141,-18.50545043192102,0.0,-33.76377960986438,-12.919162029435018,-16.376071884692575,0.005208333333333333
488,rating_only,29.333333333333332,27.166666666666668,-2.1666666666666643,0.0,0.0,0.0,1500.0,40,rating_tier_board,-33.675725010283834,-13.331630787513141,-18.50545043192102,0.0,-35.091485186155595,-13.225703916622571,-21.237783458944048,0.0
488,rating_history,29.333333333333332,29.5,0.16666666666666785,0.0,0.3333333333333333,0.3333333333333333,1500.0,40,surface_management,-33.675725010283834,-13.331630787513141,-18.50545043192102,0.0,-33.970255393271366,-13.361121985266255,-17.711432351455173,0.01011029411764706
489,control,27.5,30.0,2.5,0.0,0.6666666666666666,0.6666666666666666,1500.0,40,ordinary_practice,-35.759717908902694,-12.985595669427191,-18.118273378191855,0.0,-35.46666755815306,-13.13629061658953,-18.68148586853297,0.018028846153846156
489,rating_only,27.5,29.166666666666668,1.6666666666666679,0.0,0.16666666666666666,0.16666666666666666,1500.0,40,rating_tier_board,-35.759717908902694,-12.985595669427191,-18.118273378191855,0.0,-38.631805995265395,-13.564309346567411,-17.869534525541198,0.005376344086021505
489,rating_history,27.5,25.833333333333332,-1.6666666666666679,0.0,0.0,0.0,1500.0,40,height_management,-35.759717908902694,-12.985595669427191,-18.118273378191855,0.0,-39.74471615131817,-13.154043307425809,-20.019547701630692,0.0
490,control,28.666666666666668,27.333333333333332,-1.3333333333333357,0.3333333333333333,0.16666666666666666,-0.16666666666666666,1500.0,40,ordinary_practice,-37.60989323369746,-13.607220103465933,-18.53046357301085,0.01075268817204301,-37.96642316663822,-13.35000520785467,-17.898279132257628,0.005376344086021505
490,rating_only,28.666666666666668,27.666666666666668,-1.0,0.3333333333333333,0.16666666666666666,-0.16666666666666666,1500.0,40,rating_tier_board,-37.60989323369746,-13.607220103465933,-18.53046357301085,0.01075268817204301,-37.96469622331691,-13.49453707212328,-18.51294682329165,0.005747126436781609
490,rating_history,28.666666666666668,27.833333333333332,-0.8333333333333357,0.3333333333333333,0.3333333333333333,0.0,1500.0,40,height_management,-37.60989323369746,-13.607220103465933,-18.53046357301085,0.01075268817204301,-39.93164362519201,-13.460120524636654,-17.674051754696915,0.011328725038402458
491,control,28.333333333333332,24.833333333333332,-3.5,0.16666666666666666,0.0,-0.16666666666666666,1500.0,40,ordinary_practice,-39.46934150416233,-13.531767719859335,-19.248317494302956,0.004901960784313725,-39.41708772038482,-13.492139539204757,-20.946435443247037,0.0
491,rating_only,28.333333333333332,28.5,0.16666666666666785,0.16666666666666666,0.0,-0.16666666666666666,1500.0,40,rating_tier_board,-39.46934150416233,-13.531767719859335,-19.248317494302956,0.004901960784313725,-34.18310335497836,-13.847255175380175,-20.41314067876568,0.0
491,rating_history,28.333333333333332,26.666666666666668,-1.6666666666666643,0.16666666666666666,0.16666666666666666,0.0,1500.0,40,height_management,-39.46934150416233,-13.531767719859335,-19.248317494302956,0.004901960784313725,-41.55342022275899,-14.032555018786903,-20.427677133655394,0.005555555555555556
492,control,25.166666666666668,25.666666666666668,0.5,0.0,0.0,0.0,1500.0,40,ordinary_practice,-37.867008547008545,-13.245497557997558,-20.91439255189255,0.0,-42.53666505930999,-13.322962196150602,-17.957054821185256,0.0
492,rating_only,25.166666666666668,28.5,3.333333333333332,0.0,0.5,0.5,1500.0,40,rating_tier_board,-37.867008547008545,-13.245497557997558,-20.91439255189255,0.0,-41.72614607614608,-14.09611097714546,-18.538870937491627,0.015151515151515152
492,rating_history,25.166666666666668,25.666666666666668,0.5,0.0,0.0,0.0,1500.0,40,height_management,-37.867008547008545,-13.245497557997558,-20.91439255189255,0.0,-42.47416505930999,-13.322962196150602,-18.220943710074145,0.0
493,control,26.333333333333332,25.333333333333332,-1.0,0.16666666666666666,0.0,-0.16666666666666666,1500.0,40,ordinary_practice,-38.08833795243394,-13.255441500353658,-17.584803630941153,0.005376344086021505,-38.34575325908659,-13.485788655788657,-20.68334455667789,0.0
493,rating_only,26.333333333333332,27.666666666666668,1.3333333333333357,0.16666666666666666,0.0,-0.16666666666666666,1500.0,40,rating_tier_board,-38.08833795243394,-13.255441500353658,-17.584803630941153,0.005376344086021505,-39.85336070060208,-13.609336191692513,-16.850675363376514,0.0
493,rating_history,26.333333333333332,27.0,0.6666666666666679,0.16666666666666666,0.16666666666666666,0.0,1500.0,40,height_management,-38.08833795243394,-13.255441500353658,-17.584803630941153,0.005376344086021505,-38.79334588380839,-13.245204733356141,-18.304480388240766,0.005747126436781609
494,control,26.0,29.333333333333332,3.333333333333332,0.0,0.16666666666666666,0.16666666666666666,1500.0,40,ordinary_practice,-42.726034035409036,-13.523996489621489,-17.26361034798535,0.0,-37.59339392773928,-14.309819032842436,-19.7880563658236,0.005376344086021505
494,rating_only,26.0,27.666666666666668,1.6666666666666679,0.0,0.16666666666666666,0.16666666666666666,1500.0,40,rating_tier_board,-42.726034035409036,-13.523996489621489,-17.26361034798535,0.0,-38.24376187660318,-13.785842420041865,-16.90413581859146,0.004901960784313725
494,rating_history,26.0,27.0,1.0,0.0,0.16666666666666666,0.16666666666666666,1500.0,40,surface_management,-42.726034035409036,-13.523996489621489,-17.26361034798535,0.0,-39.99594455799166,-13.921798871753582,-17.31252258041207,0.005208333333333333
495,control,26.5,27.0,0.5,0.0,0.3333333333333333,0.3333333333333333,1500.0,40,ordinary_practice,-39.864567901234565,-13.570246913580247,-19.21753086419753,0.0,-38.73984079388877,-13.418006175483686,-19.51253539896718,0.011507936507936507
495,rating_only,26.5,25.833333333333332,-0.6666666666666679,0.0,0.16666666666666666,0.16666666666666666,1500.0,40,rating_tier_board,-39.864567901234565,-13.570246913580247,-19.21753086419753,0.0,-40.59134420884796,-13.353363496823018,-19.234635658361295,0.005952380952380952
495,rating_history,26.5,25.5,-1.0,0.0,0.16666666666666666,0.16666666666666666,1500.0,40,surface_management,-39.864567901234565,-13.570246913580247,-19.21753086419753,0.0,-39.584266578831794,-13.401432806324111,-21.291227492314448,0.005952380952380952
496,control,25.333333333333332,27.333333333333332,2.0,0.0,0.16666666666666666,0.16666666666666666,1500.0,40,ordinary_practice,-37.226654754633266,-13.452302777182837,-20.777378969245536,0.0,-39.73868493523385,-13.09721094123268,-17.71827281414238,0.005555555555555556
496,rating_only,25.333333333333332,27.166666666666668,1.8333333333333357,0.0,0.16666666666666666,0.16666666666666666,1500.0,40,rating_tier_board,-37.226654754633266,-13.452302777182837,-20.777378969245536,0.0,-34.11682478866387,-12.583066350422673,-16.95992823693973,0.006666666666666667
496,rating_history,25.333333333333332,30.5,5.166666666666668,0.0,0.3333333333333333,0.3333333333333333,1500.0,40,height_management,-37.226654754633266,-13.452302777182837,-20.777378969245536,0.0,-37.804017546151165,-13.223924590734935,-15.550661790316962,0.010101010101010102
497,control,26.0,25.833333333333332,-0.16666666666666785,0.0,0.0,0.0,1500.0,40,ordinary_practice,-40.3854565858189,-13.671838856259146,-20.19765501540864,0.0,-39.522070846632246,-13.113452255996116,-17.80747720440703,0.0
497,rating_only,26.0,26.666666666666668,0.6666666666666679,0.0,0.0,0.0,1500.0,40,rating_tier_board,-40.3854565858189,-13.671838856259146,-20.19765501540864,0.0,-39.96532593632551,-13.251399064762817,-16.891661934451975,0.0
497,rating_history,26.0,26.5,0.5,0.0,0.0,0.0,1500.0,40,surface_management,-40.3854565858189,-13.671838856259146,-20.19765501540864,0.0,-38.56754487987047,-13.711570611020292,-18.656102914035706,0.0
498,control,26.0,26.833333333333332,0.8333333333333321,0.0,0.0,0.0,1500.0,40,ordinary_practice,-39.78728697940592,-13.805225804606115,-20.327530022867354,0.0,-37.730934390354676,-13.327885202697797,-19.41172042184036,0.0
498,rating_only,26.0,28.166666666666668,2.166666666666668,0.0,0.0,0.0,1500.0,40,rating_tier_board,-39.78728697940592,-13.805225804606115,-20.327530022867354,0.0,-36.59522186958469,-13.284390542823827,-19.501011399062374,0.0
498,rating_history,26.0,28.0,2.0,0.0,0.0,0.0,1500.0,40,hole_management,-39.78728697940592,-13.805225804606115,-20.327530022867354,0.0,-37.80263010184917,-13.511313217496449,-20.102283574988103,0.0
499,control,26.0,27.833333333333332,1.8333333333333321,0.0,0.3333333333333333,0.3333333333333333,1500.0,40,ordinary_practice,-34.007479518689195,-12.962066052227343,-21.630396825396826,0.0,-40.06793650793651,-14.103496472663139,-19.98633597883598,0.011706349206349206
499,rating_only,26.0,27.833333333333332,1.8333333333333321,0.0,0.16666666666666666,0.16666666666666666,1500.0,40,rating_tier_board,-34.007479518689195,-12.962066052227343,-21.630396825396826,0.0,-33.705380045379165,-14.020347488337759,-25.227035658294295,0.004901960784313725
499,rating_history,26.0,27.833333333333332,1.8333333333333321,0.0,0.16666666666666666,0.16666666666666666,1500.0,40,hole_management,-34.007479518689195,-12.962066052227343,-21.630396825396826,0.0,-33.705380045379165,-14.020347488337759,-25.227035658294295,0.004901960784313725
500,control,26.833333333333332,27.666666666666668,0.8333333333333357,0.0,0.6666666666666666,0.6666666666666666,1500.0,40,ordinary_practice,-32.721946840733075,-12.668773874407933,-18.54369889269346,0.0,-41.230300965655935,-13.942326685660019,-18.660952248862998,0.020453008789722785
500,rating_only,26.833333333333332,26.666666666666668,-0.1666666666666643,0.0,0.6666666666666666,0.6666666666666666,1500.0,40,rating_tier_board,-32.721946840733075,-12.668773874407933,-18.54369889269346,0.0,-42.52091851801372,-13.696981054927083,-18.972031029939576,0.02089864158829676
500,rating_history,26.833333333333332,25.0,-1.8333333333333321,0.0,0.0,0.0,1500.0,40,height_management,-32.721946840733075,-12.668773874407933,-18.54369889269346,0.0,-38.63791819291819,-13.372051282051283,-20.170421245421245,0.0
501,control,27.5,26.0,-1.5,0.3333333333333333,0.0,-0.3333333333333333,1500.0,40,ordinary_practice,-37.06280651340996,-12.979656540777231,-17.59372468527641,0.011302681992337164,-42.604001492334824,-13.730335775335774,-18.345940849274182,0.0
501,rating_only,27.5,26.0,-1.5,0.3333333333333333,0.0,-0.3333333333333333,1500.0,40,rating_tier_board,-37.06280651340996,-12.979656540777231,-17.59372468527641,0.011302681992337164,-42.604001492334824,-13.730335775335774,-18.345940849274182,0.0
501,rating_history,27.5,25.166666666666668,-2.333333333333332,0.3333333333333333,0.0,-0.3333333333333333,1500.0,40,height_management,-37.06280651340996,-12.979656540777231,-17.59372468527641,0.011302681992337164,-40.31640652557319,-13.563245149911817,-19.010335097001764,0.0
502,control,29.0,26.166666666666668,-2.833333333333332,0.5,0.16666666666666666,-0.33333333333333337,1500.0,40,ordinary_practice,-37.83459222769567,-13.418308702791462,-16.79775588396278,0.016064586754241925,-42.320216660733905,-13.94437369576413,-19.060852183905578,0.005376344086021505
502,rating_only,29.0,26.333333333333332,-2.666666666666668,0.5,0.0,-0.5,1500.0,40,rating_tier_board,-37.83459222769567,-13.418308702791462,-16.79775588396278,0.016064586754241925,-40.71803263254412,-13.486448816190196,-19.198857124144478,0.0
502,rating_history,29.0,28.333333333333332,-0.6666666666666679,0.5,0.0,-0.5,1500.0,40,hole_management,-37.83459222769567,-13.418308702791462,-16.79775588396278,0.016064586754241925,-38.254305725139055,-13.967033814950483,-18.839100444308777,0.0
503,control,26.666666666666668,26.166666666666668,-0.5,0.0,0.16666666666666666,0.16666666666666666,1500.0,40,ordinary_practice,-36.04339759518389,-13.716277197049624,-22.409069840079958,0.0,-35.46367847984959,-13.370429237273557,-20.98086369606706,0.0047619047619047615
503,rating_only,26.666666666666668,26.166666666666668,-0.5,0.0,0.16666666666666666,0.16666666666666666,1500.0,40,rating_tier_board,-36.04339759518389,-13.716277197049624,-22.409069840079958,0.0,-35.46367847984959,-13.370429237273557,-20.98086369606706,0.0047619047619047615
503,rating_history,26.666666666666668,26.166666666666668,-0.5,0.0,0.0,0.0,1500.0,40,surface_management,-36.04339759518389,-13.716277197049624,-22.409069840079958,0.0,-35.91510653764027,-13.674049036088016,-21.7724907243348,0.0
504,control,27.5,26.5,-1.0,0.16666666666666666,0.0,-0.16666666666666666,1500.0,40,ordinary_practice,-35.50114123849756,-13.046368340046502,-16.949277925139995,0.005747126436781609,-42.41539099881703,-13.6731007760624,-18.6506958620418,0.0
504,rating_only,27.5,25.833333333333332,-1.6666666666666679,0.16666666666666666,0.16666666666666666,0.0,1500.0,40,rating_tier_board,-35.50114123849756,-13.046368340046502,-16.949277925139995,0.005747126436781609,-38.63433195795265,-12.589575678684874,-16.735421537806594,0.005747126436781609
504,rating_history,27.5,27.166666666666668,-0.33333333333333215,0.16666666666666666,0.16666666666666666,0.0,1500.0,40,hole_management,-35.50114123849756,-13.046368340046502,-16.949277925139995,0.005747126436781609,-39.84192187986306,-13.428394024276377,-17.42528841166096,0.004901960784313725
505,control,28.333333333333332,25.833333333333332,-2.5,0.16666666666666666,0.0,-0.16666666666666666,1500.0,40,ordinary_practice,-37.30197939034146,-13.221238053134606,-17.165851437834196,0.0047619047619047615,-37.584902740937224,-13.45025198938992,-18.803303860890068,0.0
505,rating_only,28.333333333333332,29.166666666666668,0.8333333333333357,0.16666666666666666,0.3333333333333333,0.16666666666666666,1500.0,40,rating_tier_board,-37.30197939034146,-13.221238053134606,-17.165851437834196,0.0047619047619047615,-37.49825424017234,-13.780953906672298,-19.414122714769267,0.011002886002886002
505,rating_history,28.333333333333332,26.666666666666668,-1.6666666666666643,0.16666666666666666,0.0,-0.16666666666666666,1500.0,40,height_management,-37.30197939034146,-13.221238053134606,-17.165851437834196,0.0047619047619047615,-37.530920263836464,-13.712414474455631,-22.164466744203487,0.0
506,control,27.166666666666668,28.5,1.3333333333333321,0.16666666666666666,0.3333333333333333,0.16666666666666666,1500.0,40,ordinary_practice,-40.70904633896569,-14.011193463048302,-19.92413167776071,0.006172839506172839,-38.79473108639775,-14.06360389693723,-19.70323849490516,0.009009009009009009
506,rating_only,27.166666666666668,26.833333333333332,-0.3333333333333357,0.16666666666666666,0.5,0.33333333333333337,1500.0,40,rating_tier_board,-40.70904633896569,-14.011193463048302,-19.92413167776071,0.006172839506172839,-39.255864456133274,-12.990328866672952,-18.763510483940593,0.017281105990783408
506,rating_history,27.166666666666668,28.5,1.3333333333333321,0.16666666666666666,0.3333333333333333,0.16666666666666666,1500.0,40,surface_management,-40.70904633896569,-14.011193463048302,-19.92413167776071,0.006172839506172839,-37.58906732900986,-13.76138102000171,-19.920163329646087,0.010101010101010102
507,control,29.0,28.333333333333332,-0.6666666666666679,0.3333333333333333,0.16666666666666666,-0.16666666666666666,1500.0,40,ordinary_practice,-41.2800420391656,-13.623975627926777,-16.708316038739888,0.010955459770114943,-39.89737910158169,-13.806284179847399,-19.34750620149327,0.005208333333333333
507,rating_only,29.0,27.833333333333332,-1.1666666666666679,0.3333333333333333,0.0,-0.3333333333333333,1500.0,40,rating_tier_board,-41.2800420391656,-13.623975627926777,-16.708316038739888,0.010955459770114943,-36.94342347613857,-13.398733480654213,-19.773950232434295,0.0
507,rating_history,29.0,27.333333333333332,-1.6666666666666679,0.3333333333333333,0.16666666666666666,-0.16666666666666666,1500.0,40,surface_management,-41.2800420391656,-13.623975627926777,-16.708316038739888,0.010955459770114943,-34.19286928722413,-13.225527459398426,-20.04265068861843,0.005555555555555556
508,control,27.166666666666668,28.0,0.8333333333333321,0.6666666666666666,0.0,-0.6666666666666666,1500.0,40,ordinary_practice,-39.41632773356911,-13.417707149172667,-18.965961959496443,0.019636015325670497,-35.83267955969105,-12.478584527435101,-17.05613798717247,0.0
508,rating_only,27.166666666666668,26.666666666666668,-0.5,0.6666666666666666,0.0,-0.6666666666666666,1500.0,40,rating_tier_board,-39.41632773356911,-13.417707149172667,-18.965961959496443,0.019636015325670497,-37.6505315980316,-13.109956918081918,-18.445020149603483,0.0
508,rating_history,27.166666666666668,27.166666666666668,0.0,0.6666666666666666,0.0,-0.6666666666666666,1500.0,40,hole_management,-39.41632773356911,-13.417707149172667,-18.965961959496443,0.019636015325670497,-38.03763698347959,-12.800356283810121,-16.166507486423132,0.0
509,control,28.0,25.666666666666668,-2.333333333333332,0.0,0.0,0.0,1500.0,40,ordinary_practice,-36.14139492372251,-13.13779090880384,-19.264171991003888,0.0,-38.425786366076224,-13.88046162104133,-22.351991411701555,0.0
509,rating_only,28.0,27.666666666666668,-0.33333333333333215,0.0,0.16666666666666666,0.16666666666666666,1500.0,40,rating_tier_board,-36.14139492372251,-13.13779090880384,-19.264171991003888,0.0,-39.56832891246684,-14.054807610439795,-20.950825883354618,0.005555555555555556
509,rating_history,28.0,27.333333333333332,-0.6666666666666679,0.0,0.16666666666666666,0.16666666666666666,1500.0,40,hole_management,-36.14139492372251,-13.13779090880384,-19.264171991003888,0.0,-34.5893789735169,-12.97730695549661,-20.416206896551724,0.005747126436781609
510,control,27.333333333333332,28.5,1.1666666666666679,0.16666666666666666,0.0,-0.16666666666666666,1500.0,40,ordinary_practice,-41.71633577338709,-13.180366070066704,-16.929278007811643,0.005555555555555556,-41.405530925013686,-14.000596606458675,-20.920320197044337,0.0
510,rating_only,27.333333333333332,27.5,0.16666666666666785,0.16666666666666666,0.0,-0.16666666666666666,1500.0,40,rating_tier_board,-41.71633577338709,-13.180366070066704,-16.929278007811643,0.005555555555555556,-39.30195107574418,-13.283674292661361,-19.288993884468024,0.0
510,rating_history,27.333333333333332,26.333333333333332,-1.0,0.16666666666666666,0.0,-0.16666666666666666,1500.0,40,surface_management,-41.71633577338709,-13.180366070066704,-16.929278007811643,0.005555555555555556,-40.6070465337132,-13.159396367521367,-17.362237060778728,0.0
511,control,28.166666666666668,27.0,-1.1666666666666679,0.0,0.0,0.0,1500.0,40,ordinary_practice,-38.016369997871436,-13.218734035759898,-17.78674302894849,0.0,-39.74376742333732,-13.696168857029072,-18.693269613699723,0.0
511,rating_only,28.166666666666668,28.333333333333332,0.1666666666666643,0.0,0.16666666666666666,0.16666666666666666,1500.0,40,rating_tier_board,-38.016369997871436,-13.218734035759898,-17.78674302894849,0.0,-41.14640112813963,-13.572223020434228,-16.66843976160068,0.005208333333333333
511,rating_history,28.166666666666668,27.833333333333332,-0.3333333333333357,0.0,0.0,0.0,1500.0,40,surface_management,-38.016369997871436,-13.218734035759898,-17.78674302894849,0.0,-39.279295714241954,-13.568544864136262,-18.590200042888217,0.0
512,control,25.833333333333332,28.666666666666668,2.8333333333333357,0.0,0.3333333333333333,0.3333333333333333,1500.0,40,ordinary_practice,-38.61775878442545,-13.169871794871796,-17.505579297245966,0.0,-33.39340845335469,-13.44079894617529,-22.135220305381594,0.011507936507936507
512,rating_only,25.833333333333332,27.333333333333332,1.5,0.0,0.0,0.0,1500.0,40,rating_tier_board,-38.61775878442545,-13.169871794871796,-17.505579297245966,0.0,-39.387648462648464,-13.75824730824731,-19.197613497613496,0.0
512,rating_history,25.833333333333332,26.333333333333332,0.5,0.0,0.0,0.0,1500.0,40,surface_management,-38.61775878442545,-13.169871794871796,-17.505579297245966,0.0,-41.419253201034806,-14.031541572518584,-19.559138749713462,0.0
513,control,26.666666666666668,25.333333333333332,-1.3333333333333357,0.0,0.0,0.0,1500.0,40,ordinary_practice,-38.03381936496879,-12.980591879384983,-17.73478896794989,0.0,-41.14625872249061,-13.063447706346256,-19.001892315950286,0.0
513,rating_only,26.666666666666668,26.0,-0.6666666666666679,0.0,0.16666666666666666,0.16666666666666666,1500.0,40,rating_tier_board,-38.03381936496879,-12.980591879384983,-17.73478896794989,0.0,-37.15829772079772,-13.169871794871796,-20.151234567901234,0.006410256410256411
513,rating_history,26.666666666666668,29.0,2.333333333333332,0.0,0.16666666666666666,0.16666666666666666,1500.0,40,surface_management,-38.03381936496879,-12.980591879384983,-17.73478896794989,0.0,-36.439235162084856,-13.371525835584512,-19.661122311827956,0.005376344086021505
514,control,27.5,27.833333333333332,0.33333333333333215,0.0,0.0,0.0,1500.0,40,ordinary_practice,-35.179251809280544,-13.473240892781122,-18.61512877820349,0.0,-37.433115341448676,-13.239202926702927,-18.122254597254596,0.0
514,rating_only,27.5,27.333333333333332,-0.16666666666666785,0.0,0.16666666666666666,0.16666666666666666,1500.0,40,rating_tier_board,-35.179251809280544,-13.473240892781122,-18.61512877820349,0.0,-38.65458214624881,-13.288615859449193,-20.158190883190883,0.005555555555555556
514,rating_history,27.5,27.833333333333332,0.33333333333333215,0.0,0.16666666666666666,0.16666666666666666,1500.0,40,height_management,-35.179251809280544,-13.473240892781122,-18.61512877820349,0.0,-35.93055555555556,-13.295515873015873,-18.84952380952381,0.0047619047619047615
515,control,29.5,27.666666666666668,-1.8333333333333321,0.5,0.0,-0.5,1500.0,40,ordinary_practice,-39.49119651308799,-13.658028107794841,-18.51973057326379,0.01670258620689655,-36.01784556439729,-13.045104627173593,-19.51366047745358,0.0
515,rating_only,29.5,26.333333333333332,-3.166666666666668,0.5,0.0,-0.5,1500.0,40,rating_tier_board,-39.49119651308799,-13.658028107794841,-18.51973057326379,0.01670258620689655,-38.96137718177948,-13.201975308641975,-19.28652405278842,0.0
515,rating_history,29.5,28.333333333333332,-1.1666666666666679,0.5,0.0,-0.5,1500.0,40,hole_management,-39.49119651308799,-13.658028107794841,-18.51973057326379,0.01670258620689655,-35.572624295464486,-13.320533004533747,-17.504681862857613,0.0
516,control,28.666666666666668,28.166666666666668,-0.5,0.6666666666666666,0.3333333333333333,-0.3333333333333333,1500.0,40,ordinary_practice,-43.12387794198139,-13.889872590159946,-20.394368424253482,0.02319376026272578,-37.637510748274096,-13.3839272361707,-19.88315275350036,0.010416666666666666
516,rating_only,28.666666666666668,28.0,-0.6666666666666679,0.6666666666666666,0.16666666666666666,-0.5,1500.0,40,rating_tier_board,-43.12387794198139,-13.889872590159946,-20.394368424253482,0.02319376026272578,-36.039034052367384,-12.674903083028083,-17.44775708859042,0.005208333333333333
516,rating_history,28.666666666666668,26.166666666666668,-2.5,0.6666666666666666,0.0,-0.6666666666666666,1500.0,40,hole_management,-43.12387794198139,-13.889872590159946,-20.394368424253482,0.02319376026272578,-40.47398653949379,-13.4763907911734,-17.953192239858907,0.0
517,control,27.333333333333332,26.166666666666668,-1.1666666666666643,0.16666666666666666,0.0,-0.16666666666666666,1500.0,40,ordinary_practice,-37.40567951265269,-12.89504236043682,-18.175011413825988,0.006410256410256411,-39.22638751033912,-12.879908326440585,-18.617210504549213,0.0
517,rating_only,27.333333333333332,25.833333333333332,-1.5,0.16666666666666666,0.0,-0.16666666666666666,1500.0,40,rating_tier_board,-37.40567951265269,-12.89504236043682,-18.175011413825988,0.006410256410256411,-37.760555555555555,-13.76626984126984,-22.93698412698413,0.0
517,rating_history,27.333333333333332,26.166666666666668,-1.1666666666666643,0.16666666666666666,0.16666666666666666,0.0,1500.0,40,hole_management,-37.40567951265269,-12.89504236043682,-18.175011413825988,0.006410256410256411,-38.89314814814815,-12.971274250440917,-19.568963844797178,0.005952380952380952
518,control,26.0,27.333333333333332,1.3333333333333321,0.0,0.0,0.0,1500.0,40,ordinary_practice,-36.918977455716586,-12.945736714975846,-18.150759527643586,0.0,-34.48663572588304,-13.247479223285675,-19.579098669152433,0.0
518,rating_only,26.0,27.0,1.0,0.0,0.16666666666666666,0.16666666666666666,1500.0,40,rating_tier_board,-36.918977455716586,-12.945736714975846,-18.150759527643586,0.0,-39.74119259871948,-13.558211452028656,-18.35576923076923,0.005376344086021505
518,rating_history,26.0,27.333333333333332,1.3333333333333321,0.0,0.0,0.0,1500.0,40,surface_management,-36.918977455716586,-12.945736714975846,-18.150759527643586,0.0,-34.51132708390773,-13.247479223285675,-19.591444348164778,0.0
519,control,28.166666666666668,26.0,-2.166666666666668,0.0,0.0,0.0,1500.0,40,ordinary_practice,-36.04627007780672,-13.253945045526391,-19.068812654444667,0.0,-35.526882716049386,-12.813003323836657,-18.908734567901234,0.0
519,rating_only,28.166666666666668,26.666666666666668,-1.5,0.0,0.0,0.0,1500.0,40,rating_tier_board,-36.04627007780672,-13.253945045526391,-19.068812654444667,0.0,-38.485693748567314,-13.27824835445525,-19.01720339260569,0.0
519,rating_history,28.166666666666668,26.333333333333332,-1.8333333333333357,0.0,0.0,0.0,1500.0,40,height_management,-36.04627007780672,-13.253945045526391,-19.068812654444667,0.0,-36.97525252525253,-12.976679292929294,-19.662190656565656,0.0
520,control,26.0,28.333333333333332,2.333333333333332,0.0,0.3333333333333333,0.3333333333333333,1500.0,40,ordinary_practice,-38.58467059760163,-13.837618798825694,-21.82507028412201,0.0,-38.700594775843435,-13.16659519542584,-17.918260190874438,0.011381172839506173
520,rating_only,26.0,25.833333333333332,-0.16666666666666785,0.0,0.0,0.0,1500.0,40,rating_tier_board,-38.58467059760163,-13.837618798825694,-21.82507028412201,0.0,-39.0,-13.199404761904763,-20.331900352733687,0.0
520,rating_history,26.0,26.333333333333332,0.33333333333333215,0.0,0.0,0.0,1500.0,40,hole_management,-38.58467059760163,-13.837618798825694,-21.82507028412201,0.0,-36.39327232367462,-13.224777385237156,-21.415869753915732,0.0
521,control,28.666666666666668,31.333333333333332,2.6666666666666643,0.0,0.5,0.5,1500.0,40,ordinary_practice,-37.02223706077873,-13.685099121557455,-19.86594254510921,0.0,-36.00551535992876,-13.690002546787863,-17.548195261520526,0.014705882352941176
521,rating_only,28.666666666666668,29.833333333333332,1.1666666666666643,0.0,0.6666666666666666,0.6666666666666666,1500.0,40,rating_tier_board,-37.02223706077873,-13.685099121557455,-19.86594254510921,0.0,-34.818976464148875,-13.279741254913668,-18.65776036224312,0.019047619047619046
521,rating_history,28.666666666666668,29.833333333333332,1.1666666666666643,0.0,0.6666666666666666,0.6666666666666666,1500.0,40,hole_management,-37.02223706077873,-13.685099121557455,-19.86594254510921,0.0,-34.84754789272031,-13.279741254913668,-18.562522267005026,0.019047619047619046
522,control,28.166666666666668,28.833333333333332,0.6666666666666643,0.16666666666666666,0.16666666666666666,0.0,1500.0,40,ordinary_practice,-37.74598044702211,-13.339506172839506,-20.250443884818885,0.005208333333333333,-34.36204790663164,-13.347542664087968,-18.28280956551355,0.004901960784313725
522,rating_only,28.166666666666668,27.0,-1.1666666666666679,0.16666666666666666,0.0,-0.16666666666666666,1500.0,40,rating_tier_board,-37.74598044702211,-13.339506172839506,-20.250443884818885,0.005208333333333333,-38.85067382637275,-13.439100572864014,-17.66072656137172,0.0
522,rating_history,28.166666666666668,27.0,-1.1666666666666679,0.16666666666666666,0.0,-0.16666666666666666,1500.0,40,hole_management,-37.74598044702211,-13.339506172839506,-20.250443884818885,0.005208333333333333,-38.85067382637275,-13.439100572864014,-17.66072656137172,0.0
523,control,25.5,26.666666666666668,1.1666666666666679,0.16666666666666666,0.0,-0.16666666666666666,1500.0,40,ordinary_practice,-33.74076225776001,-12.960972893183039,-23.463211125918523,0.006944444444444444,-35.179064331794216,-12.868326538297802,-19.127648835838492,0.0
523,rating_only,25.5,27.333333333333332,1.8333333333333321,0.16666666666666666,0.0,-0.16666666666666666,1500.0,40,rating_tier_board,-33.74076225776001,-12.960972893183039,-23.463211125918523,0.006944444444444444,-39.70802043422733,-13.211580705373809,-17.98039198349543,0.0
523,rating_history,25.5,26.166666666666668,0.6666666666666679,0.16666666666666666,0.0,-0.16666666666666666,1500.0,40,hole_management,-33.74076225776001,-12.960972893183039,-23.463211125918523,0.006944444444444444,-38.586610885274055,-13.710143755683486,-20.838631760358396,0.0
524,control,24.666666666666668,28.833333333333332,4.166666666666664,0.0,0.16666666666666666,0.16666666666666666,1500.0,40,ordinary_practice,-42.787297979797984,-13.524026806526807,-21.46197940947941,0.0,-36.618603310269975,-13.685089794464794,-18.058774250440916,0.0047619047619047615
524,rating_only,24.666666666666668,28.5,3.833333333333332,0.0,0.3333333333333333,0.3333333333333333,1500.0,40,rating_tier_board,-42.787297979797984,-13.524026806526807,-21.46197940947941,0.0,-42.63417227933357,-13.796579391337456,-18.857506367587014,0.009259259259259259
524,rating_history,24.666666666666668,27.833333333333332,3.1666666666666643,0.0,0.16666666666666666,0.16666666666666666,1500.0,40,hole_management,-42.787297979797984,-13.524026806526807,-21.46197940947941,0.0,-37.86050968906572,-13.41508989095196,-18.592811486884763,0.005747126436781609
525,control,26.5,27.0,0.5,0.16666666666666666,0.16666666666666666,0.0,1500.0,40,ordinary_practice,-38.140140075973406,-13.503537511870846,-20.853418803418805,0.006410256410256411,-36.77950922534256,-12.65872507122507,-17.983041649708316,0.006410256410256411
525,rating_only,26.5,27.666666666666668,1.1666666666666679,0.16666666666666666,0.3333333333333333,0.16666666666666666,1500.0,40,rating_tier_board,-38.140140075973406,-13.503537511870846,-20.853418803418805,0.006410256410256411,-35.399260212593546,-13.378196724863392,-20.940369048702383,0.009009009009009009
525,rating_history,26.5,28.166666666666668,1.6666666666666679,0.16666666666666666,0.3333333333333333,0.16666666666666666,1500.0,40,height_management,-38.140140075973406,-13.503537511870846,-20.853418803418805,0.006410256410256411,-36.4460898669232,-12.85331289081289,-18.338255571588906,0.011002886002886002
526,control,27.166666666666668,25.833333333333332,-1.3333333333333357,0.0,0.0,0.0,1500.0,40,ordinary_practice,-40.65290799044922,-14.275529272400837,-20.291608455031742,0.0,-39.870136305473636,-13.29142137264701,-18.99377411111294,0.0
526,rating_only,27.166666666666668,27.5,0.33333333333333215,0.0,0.16666666666666666,0.16666666666666666,1500.0,40,rating_tier_board,-40.65290799044922,-14.275529272400837,-20.291608455031742,0.0,-42.17532234790299,-13.745502606712284,-18.92014348554671,0.005050505050505051
526,rating_history,27.166666666666668,27.5,0.33333333333333215,0.0,0.16666666666666666,0.16666666666666666,1500.0,40,hole_management,-40.65290799044922,-14.275529272400837,-20.291608455031742,0.0,-42.17532234790299,-13.745502606712284,-18.92014348554671,0.005050505050505051
527,control,28.5,29.0,0.5,0.3333333333333333,0.3333333333333333,0.0,1500.0,40,ordinary_practice,-39.39478372255671,-13.380158426077966,-16.533712103934803,0.011728395061728394,-37.102153670084704,-13.372073864832485,-19.608941537389814,0.010101010101010102
527,rating_only,28.5,27.0,-1.5,0.3333333333333333,0.0,-0.3333333333333333,1500.0,40,rating_tier_board,-39.39478372255671,-13.380158426077966,-16.533712103934803,0.011728395061728394,-35.424455686903094,-12.422861725819118,-16.423144130699626,0.0
527,rating_history,28.5,26.0,-2.5,0.3333333333333333,0.0,-0.3333333333333333,1500.0,40,height_management,-39.39478372255671,-13.380158426077966,-16.533712103934803,0.011728395061728394,-35.76982091982092,-13.055684439017773,-19.22826617826618,0.0
528,control,26.666666666666668,28.0,1.3333333333333321,0.16666666666666666,0.5,0.33333333333333337,1500.0,40,ordinary_practice,-42.7614245014245,-13.318129154795821,-16.16576448243115,0.005555555555555556,-43.37058845769128,-13.43001427900148,-16.09873435658003,0.017296310028975952
528,rating_only,26.666666666666668,26.166666666666668,-0.5,0.16666666666666666,0.16666666666666666,0.0,1500.0,40,rating_tier_board,-42.7614245014245,-13.318129154795821,-16.16576448243115,0.005555555555555556,-39.99903443151525,-13.498018179603857,-19.61972321354248,0.004901960784313725
528,rating_history,26.666666666666668,26.166666666666668,-0.5,0.16666666666666666,0.16666666666666666,0.0,1500.0,40,surface_management,-42.7614245014245,-13.318129154795821,-16.16576448243115,0.005555555555555556,-39.99903443151525,-13.498018179603857,-19.61972321354248,0.004901960784313725
529,control,26.666666666666668,27.166666666666668,0.5,0.3333333333333333,0.0,-0.3333333333333333,1500.0,40,ordinary_practice,-40.808584995251664,-13.093691493691493,-18.574198209198208,0.012125220458553791,-34.178250623365564,-13.011800766283525,-19.70562397372742,0.0
529,rating_only,26.666666666666668,27.166666666666668,0.5,0.3333333333333333,0.16666666666666666,-0.16666666666666666,1500.0,40,rating_tier_board,-40.808584995251664,-13.093691493691493,-18.574198209198208,0.012125220458553791,-32.6953835978836,-12.885846560846561,-20.62477733686067,0.005208333333333333
529,rating_history,26.666666666666668,27.166666666666668,0.5,0.3333333333333333,0.16666666666666666,-0.16666666666666666,1500.0,40,hole_management,-40.808584995251664,-13.093691493691493,-18.574198209198208,0.012125220458553791,-32.6953835978836,-12.885846560846561,-20.62477733686067,0.005208333333333333
530,control,28.333333333333332,26.333333333333332,-2.0,0.3333333333333333,0.0,-0.3333333333333333,1500.0,40,ordinary_practice,-39.201845446892776,-13.291245889749947,-17.373786043546016,0.010649087221095335,-40.06927352868132,-13.82764798207327,-21.53305592218136,0.0
530,rating_only,28.333333333333332,26.666666666666668,-1.6666666666666643,0.3333333333333333,0.0,-0.3333333333333333,1500.0,40,rating_tier_board,-39.201845446892776,-13.291245889749947,-17.373786043546016,0.010649087221095335,-37.60057646695578,-13.626009314227705,-21.361313441773213,0.0
530,rating_history,28.333333333333332,27.166666666666668,-1.1666666666666643,0.3333333333333333,0.16666666666666666,-0.16666666666666666,1500.0,40,surface_management,-39.201845446892776,-13.291245889749947,-17.373786043546016,0.010649087221095335,-35.46867877889012,-12.834179644048943,-19.423196143863553,0.006666666666666667
531,control,26.833333333333332,26.5,-0.33333333333333215,0.0,0.0,0.0,1500.0,40,ordinary_practice,-41.504626106669114,-13.778626964433416,-18.011036363079374,0.0,-38.129980173083624,-13.36384549890297,-18.02831512888984,0.0
531,rating_only,26.833333333333332,29.0,2.166666666666668,0.0,0.5,0.5,1500.0,40,rating_tier_board,-41.504626106669114,-13.778626964433416,-18.011036363079374,0.0,-37.62413209958849,-12.907951570629056,-16.27289299611815,0.015699592271600386
531,rating_history,26.833333333333332,25.833333333333332,-1.0,0.0,0.0,0.0,1500.0,40,surface_management,-41.504626106669114,-13.778626964433416,-18.011036363079374,0.0,-38.580271902011035,-12.761079258905346,-16.315927068100983,0.0
532,control,26.166666666666668,28.5,2.333333333333332,0.0,0.5,0.5,1500.0,40,ordinary_practice,-41.91005731922399,-13.820427689594355,-18.657896825396826,0.0,-40.847260544981395,-13.526143880717944,-16.743591456213352,0.015961021505376344
532,rating_only,26.166666666666668,28.333333333333332,2.1666666666666643,0.0,0.3333333333333333,0.3333333333333333,1500.0,40,rating_tier_board,-41.91005731922399,-13.820427689594355,-18.657896825396826,0.0,-38.395308150767924,-13.932079219471461,-19.021449082260865,0.011965811965811967
532,rating_history,26.166666666666668,26.333333333333332,0.1666666666666643,0.0,0.0,0.0,1500.0,40,hole_management,-41.91005731922399,-13.820427689594355,-18.657896825396826,0.0,-34.72678482950222,-13.074025410981932,-19.558606510236945,0.0
533,control,24.833333333333332,26.166666666666668,1.3333333333333357,0.0,0.0,0.0,1500.0,40,ordinary_practice,-39.47819664902998,-13.46546737213404,-20.689219576719577,0.0,-36.573648272017834,-13.002524950894516,-19.456926527578702,0.0
533,rating_only,24.833333333333332,26.166666666666668,1.3333333333333357,0.0,0.0,0.0,1500.0,40,rating_tier_board,-39.47819664902998,-13.46546737213404,-20.689219576719577,0.0,-36.573648272017834,-13.002524950894516,-19.456926527578702,0.0
533,rating_history,24.833333333333332,28.0,3.166666666666668,0.0,0.16666666666666666,0.16666666666666666,1500.0,40,hole_management,-39.47819664902998,-13.46546737213404,-20.689219576719577,0.0,-39.59913724685276,-13.61771072796935,-19.255426929392446,0.006666666666666667
534,control,27.0,28.333333333333332,1.3333333333333321,0.0,0.0,0.0,1500.0,40,ordinary_practice,-40.9155818245872,-13.603964096437215,-18.34641768526177,0.0,-33.825018710776035,-13.088324132437963,-16.272636777489392,0.0
534,rating_only,27.0,28.166666666666668,1.1666666666666679,0.0,0.16666666666666666,0.16666666666666666,1500.0,40,rating_tier_board,-40.9155818245872,-13.603964096437215,-18.34641768526177,0.0,-38.28978136593079,-13.157711488171259,-16.695333880678707,0.005747126436781609
534,rating_history,27.0,28.0,1.0,0.0,0.0,0.0,1500.0,40,hole_management,-40.9155818245872,-13.603964096437215,-18.34641768526177,0.0,-32.506800766283526,-12.909296509152831,-16.81235632183908,0.0
535,control,27.333333333333332,27.333333333333332,0.0,0.16666666666666666,0.16666666666666666,0.0,1500.0,40,ordinary_practice,-41.78444213965047,-13.352758136924804,-18.382188652396987,0.005208333333333333,-37.72045591704194,-13.026251416842815,-19.326054131054132,0.005376344086021505
535,rating_only,27.333333333333332,27.666666666666668,0.3333333333333357,0.16666666666666666,0.16666666666666666,0.0,1500.0,40,rating_tier_board,-41.78444213965047,-13.352758136924804,-18.382188652396987,0.005208333333333333,-37.57223511641615,-12.880562923666371,-17.736944628647215,0.005208333333333333
535,rating_history,27.333333333333332,27.333333333333332,0.0,0.16666666666666666,0.16666666666666666,0.0,1500.0,40,surface_management,-41.78444213965047,-13.352758136924804,-18.382188652396987,0.005208333333333333,-37.94318941749142,-12.991212220605991,-18.86550283791107,0.005376344086021505
536,control,27.666666666666668,24.833333333333332,-2.8333333333333357,0.16666666666666666,0.0,-0.16666666666666666,1500.0,40,ordinary_practice,-39.953018305661985,-13.099233716475096,-17.761115368241803,0.005747126436781609,-34.58350279988211,-12.83819260241674,-23.92589154140878,0.0
536,rating_only,27.666666666666668,25.333333333333332,-2.3333333333333357,0.16666666666666666,0.0,-0.16666666666666666,1500.0,40,rating_tier_board,-39.953018305661985,-13.099233716475096,-17.761115368241803,0.005747126436781609,-37.70284754983212,-13.083225577601453,-19.85843067638299,0.0
536,rating_history,27.666666666666668,26.166666666666668,-1.5,0.16666666666666666,0.16666666666666666,0.0,1500.0,40,height_management,-39.953018305661985,-13.099233716475096,-17.761115368241803,0.005747126436781609,-37.84968272274119,-13.246315047604403,-21.387867668729736,0.005747126436781609
537,control,28.0,25.833333333333332,-2.166666666666668,0.0,0.0,0.0,1500.0,40,ordinary_practice,-37.74129477589248,-13.42797938332421,-18.918869427720004,0.0,-39.52155523488857,-13.415786435786437,-20.85060606060606,0.0
537,rating_only,28.0,27.166666666666668,-0.8333333333333321,0.0,0.0,0.0,1500.0,40,rating_tier_board,-37.74129477589248,-13.42797938332421,-18.918869427720004,0.0,-38.11847974822113,-13.512941034061724,-20.320966485621657,0.0
537,rating_history,28.0,25.666666666666668,-2.333333333333332,0.0,0.0,0.0,1500.0,40,surface_management,-37.74129477589248,-13.42797938332421,-18.918869427720004,0.0,-39.381181433092976,-13.187197651174413,-19.867174864948478,0.0
538,control,26.5,29.0,2.5,0.0,0.6666666666666666,0.6666666666666666,1500.0,40,ordinary_practice,-40.264886241897734,-13.714033412309275,-18.68492155992156,0.0,-41.40988255571589,-13.79949695366362,-17.490997274330606,0.020526695526695525
538,rating_only,26.5,25.833333333333332,-0.6666666666666679,0.0,0.0,0.0,1500.0,40,rating_tier_board,-40.264886241897734,-13.714033412309275,-18.68492155992156,0.0,-40.2654157336916,-13.703341239433193,-20.792913342511042,0.0
538,rating_history,26.5,29.0,2.5,0.0,0.6666666666666666,0.6666666666666666,1500.0,40,hole_management,-40.264886241897734,-13.714033412309275,-18.68492155992156,0.0,-41.40988255571589,-13.79949695366362,-17.490997274330606,0.020526695526695525
539,control,29.833333333333332,28.0,-1.8333333333333321,0.6666666666666666,0.5,-0.16666666666666663,1500.0,40,ordinary_practice,-39.32252423015581,-13.276613164008808,-17.732993421178538,0.018208399787347156,-40.298184523809525,-13.833154761904762,-20.586626984126983,0.015625
539,rating_only,29.833333333333332,27.833333333333332,-2.0,0.6666666666666666,0.5,-0.16666666666666663,1500.0,40,rating_tier_board,-39.32252423015581,-13.276613164008808,-17.732993421178538,0.018208399787347156,-36.92614310843477,-13.75678064219731,-22.51171744921745,0.015625
539,rating_history,29.833333333333332,27.833333333333332,-2.0,0.6666666666666666,0.16666666666666666,-0.5,1500.0,40,surface_management,-39.32252423015581,-13.276613164008808,-17.732993421178538,0.018208399787347156,-37.890972222222224,-13.560560897435899,-21.683189102564103,0.006410256410256411
540,control,27.333333333333332,29.833333333333332,2.5,0.3333333333333333,0.16666666666666666,-0.16666666666666666,1500.0,40,ordinary_practice,-36.05550970534841,-12.57462481962482,-16.930154540799702,0.010426849136526556,-34.39357414053154,-13.367519471316378,-18.187009153794143,0.004901960784313725
540,rating_only,27.333333333333332,25.833333333333332,-1.5,0.3333333333333333,0.0,-0.3333333333333333,1500.0,40,rating_tier_board,-36.05550970534841,-12.57462481962482,-16.930154540799702,0.010426849136526556,-37.489375932709265,-13.162081807081806,-18.98969542802876,0.0
540,rating_history,27.333333333333332,24.5,-2.833333333333332,0.3333333333333333,0.0,-0.3333333333333333,1500.0,40,hole_management,-36.05550970534841,-12.57462481962482,-16.930154540799702,0.010426849136526556,-40.33225853403265,-13.703182499659261,-21.959801664824152,0.0
541,control,28.333333333333332,26.166666666666668,-2.1666666666666643,0.16666666666666666,0.0,-0.16666666666666666,1500.0,40,ordinary_practice,-35.23658956908285,-13.157889763064494,-18.826452482702482,0.005208333333333333,-37.927032967032964,-13.327600732600732,-19.532344322344322,0.0
541,rating_only,28.333333333333332,26.333333333333332,-2.0,0.16666666666666666,0.3333333333333333,0.16666666666666666,1500.0,40,rating_tier_board,-35.23658956908285,-13.157889763064494,-18.826452482702482,0.005208333333333333,-41.02323607427056,-13.67259946949602,-21.122732095490715,0.011494252873563218
541,rating_history,28.333333333333332,26.166666666666668,-2.1666666666666643,0.16666666666666666,0.0,-0.16666666666666666,1500.0,40,surface_management,-35.23658956908285,-13.157889763064494,-18.826452482702482,0.005208333333333333,-37.927032967032964,-13.327600732600732,-19.532344322344322,0.0
542,control,29.666666666666668,27.5,-2.166666666666668,0.0,0.0,0.0,1500.0,40,ordinary_practice,-37.22794908635426,-13.571846448570586,-18.18883178603006,0.0,-36.28123318491853,-13.695193333964886,-18.405929960843753,0.0
542,rating_only,29.666666666666668,27.333333333333332,-2.3333333333333357,0.0,0.0,0.0,1500.0,40,rating_tier_board,-37.22794908635426,-13.571846448570586,-18.18883178603006,0.0,-38.40219036240541,-13.740294703305455,-18.61615292712067,0.0
542,rating_history,29.666666666666668,27.333333333333332,-2.3333333333333357,0.0,0.0,0.0,1500.0,40,hole_management,-37.22794908635426,-13.571846448570586,-18.18883178603006,0.0,-38.40219036240541,-13.740294703305455,-18.61615292712067,0.0
543,control,23.833333333333332,26.833333333333332,3.0,0.0,0.3333333333333333,0.3333333333333333,1500.0,40,ordinary_practice,-42.75732420826624,-14.162597193466759,-22.705714669120464,0.0,-40.50494299045024,-13.828913102463828,-18.561726920422572,0.010582010582010581
543,rating_only,23.833333333333332,26.666666666666668,2.8333333333333357,0.0,0.0,0.0,1500.0,40,rating_tier_board,-42.75732420826624,-14.162597193466759,-22.705714669120464,0.0,-37.6551097390865,-14.004625937946777,-21.837035374254263,0.0
543,rating_history,23.833333333333332,26.166666666666668,2.3333333333333357,0.0,0.16666666666666666,0.16666666666666666,1500.0,40,surface_management,-42.75732420826624,-14.162597193466759,-22.705714669120464,0.0,-38.99850902184235,-14.012954144620812,-20.063301451634786,0.005952380952380952
544,control,28.666666666666668,26.333333333333332,-2.3333333333333357,0.5,0.0,-0.5,1500.0,40,ordinary_practice,-38.35685608251398,-13.939081678555363,-19.481935608251398,0.015716374269005847,-37.339166666666664,-13.470128205128205,-22.196929181929182,0.0
544,rating_only,28.666666666666668,27.666666666666668,-1.0,0.5,0.0,-0.5,1500.0,40,rating_tier_board,-38.35685608251398,-13.939081678555363,-19.481935608251398,0.015716374269005847,-38.76973104056437,-13.473302469135803,-20.252733686067018,0.0
544,rating_history,28.666666666666668,26.833333333333332,-1.8333333333333357,0.5,0.0,-0.5,1500.0,40,surface_management,-38.35685608251398,-13.939081678555363,-19.481935608251398,0.015716374269005847,-37.97999639249639,-13.270039682539682,-19.920815295815295,0.0
545,control,27.666666666666668,26.666666666666668,-1.0,0.16666666666666666,0.0,-0.16666666666666666,1500.0,40,ordinary_practice,-38.25141010323806,-13.540820083938364,-17.651996140060657,0.005376344086021505,-37.20181725681726,-13.305518247184914,-19.152230701397368,0.0
545,rating_only,27.666666666666668,29.0,1.3333333333333321,0.16666666666666666,0.6666666666666666,0.5,1500.0,40,rating_tier_board,-38.25141010323806,-13.540820083938364,-17.651996140060657,0.005376344086021505,-38.60930555555556,-13.867366452991453,-18.71954712725546,0.01867283950617284
545,rating_history,27.666666666666668,26.833333333333332,-0.8333333333333357,0.16666666666666666,0.0,-0.16666666666666666,1500.0,40,height_management,-38.25141010323806,-13.540820083938364,-17.651996140060657,0.005376344086021505,-38.75157393184275,-13.229811685725664,-18.080659953348125,0.0
546,control,27.166666666666668,25.333333333333332,-1.8333333333333357,0.0,0.0,0.0,1500.0,40,ordinary_practice,-39.516484674329504,-12.995013683634374,-16.70324438970991,0.0,-38.16365129789418,-13.034937082093505,-17.871438524457016,0.0
546,rating_only,27.166666666666668,26.833333333333332,-0.3333333333333357,0.0,0.3333333333333333,0.3333333333333333,1500.0,40,rating_tier_board,-39.516484674329504,-12.995013683634374,-16.70324438970991,0.0,-38.574478021978024,-13.293621794871795,-19.64249771062271,0.010416666666666666
546,rating_history,27.166666666666668,26.833333333333332,-0.3333333333333357,0.0,0.3333333333333333,0.3333333333333333,1500.0,40,surface_management,-39.516484674329504,-12.995013683634374,-16.70324438970991,0.0,-38.574478021978024,-13.293621794871795,-19.64249771062271,0.010416666666666666
547,control,26.166666666666668,28.166666666666668,2.0,0.0,0.16666666666666666,0.16666666666666666,1500.0,40,ordinary_practice,-37.33492945326279,-13.13206349206349,-18.82062169312169,0.0,-38.84743295019157,-14.38028293545535,-19.937609784851166,0.005555555555555556
547,rating_only,26.166666666666668,28.333333333333332,2.1666666666666643,0.0,0.0,0.0,1500.0,40,rating_tier_board,-37.33492945326279,-13.13206349206349,-18.82062169312169,0.0,-39.90738250749374,-14.16323760901069,-18.93474488680273,0.0
547,rating_history,26.166666666666668,25.833333333333332,-0.3333333333333357,0.0,0.0,0.0,1500.0,40,surface_management,-37.33492945326279,-13.13206349206349,-18.82062169312169,0.0,-39.61042909184363,-13.884819155768358,-19.30870178826241,0.0
548,control,26.666666666666668,26.0,-0.6666666666666679,0.0,0.0,0.0,1500.0,40,ordinary_practice,-38.66679224490319,-13.018882866259178,-19.02275721113802,0.0,-36.56946918888948,-12.796088313189763,-18.727859797207625,0.0
548,rating_only,26.666666666666668,25.0,-1.6666666666666679,0.0,0.0,0.0,1500.0,40,rating_tier_board,-38.66679224490319,-13.018882866259178,-19.02275721113802,0.0,-37.29193773483628,-12.677563070316694,-18.580676328502417,0.0
548,rating_history,26.666666666666668,25.0,-1.6666666666666679,0.0,0.0,0.0,1500.0,40,height_management,-38.66679224490319,-13.018882866259178,-19.02275721113802,0.0,-37.29193773483628,-12.677563070316694,-18.580676328502417,0.0
549,control,26.333333333333332,28.166666666666668,1.8333333333333357,0.0,0.0,0.0,1500.0,40,ordinary_practice,-38.4598371998372,-13.411133496133496,-20.118031474698142,0.0,-36.26806085055992,-13.028657970862271,-19.297756204643488,0.0
549,rating_only,26.333333333333332,29.333333333333332,3.0,0.0,0.3333333333333333,0.3333333333333333,1500.0,40,rating_tier_board,-38.4598371998372,-13.411133496133496,-20.118031474698142,0.0,-31.129636016849666,-13.21402464909945,-21.135513500403636,0.00968013468013468
549,rating_history,26.333333333333332,28.166666666666668,1.8333333333333357,0.0,0.0,0.0,1500.0,40,hole_management,-38.4598371998372,-13.411133496133496,-20.118031474698142,0.0,-36.26806085055992,-13.028657970862271,-19.297756204643488,0.0
550,control,26.833333333333332,26.5,-0.33333333333333215,0.0,0.0,0.0,1500.0,40,ordinary_practice,-37.79802943969611,-13.126782322615655,-19.03763905847239,0.0,-36.468697073535786,-13.398238410335184,-19.46716097522549,0.0
550,rating_only,26.833333333333332,27.0,0.16666666666666785,0.0,0.16666666666666666,0.16666666666666666,1500.0,40,rating_tier_board,-37.79802943969611,-13.126782322615655,-19.03763905847239,0.0,-37.28443470572406,-13.608541882904701,-20.49231153653942,0.005747126436781609
550,rating_history,26.833333333333332,26.333333333333332,-0.5,0.0,0.0,0.0,1500.0,40,surface_management,-37.79802943969611,-13.126782322615655,-19.03763905847239,0.0,-37.07496947496948,-13.483363858363859,-19.814652014652015,0.0
551,control,28.5,27.666666666666668,-0.8333333333333321,0.5,0.0,-0.5,1500.0,40,ordinary_practice,-41.81090358724135,-14.103875033884522,-17.954207553989338,0.015756302521008403,-36.37597187758478,-13.599013352239158,-20.573478671865768,0.0
551,rating_only,28.5,28.333333333333332,-0.16666666666666785,0.5,0.0,-0.5,1500.0,40,rating_tier_board,-41.81090358724135,-14.103875033884522,-17.954207553989338,0.015756302521008403,-36.32340777502068,-13.78463606286187,-20.073570246957345,0.0
551,rating_history,28.5,27.833333333333332,-0.6666666666666679,0.5,0.3333333333333333,-0.16666666666666669,1500.0,40,hole_management,-41.81090358724135,-14.103875033884522,-17.954207553989338,0.015756302521008403,-35.363580151841184,-12.96371434124864,-20.117550354039047,0.01215738284703802
552,control,29.666666666666668,29.333333333333332,-0.3333333333333357,0.16666666666666666,0.3333333333333333,0.16666666666666666,1500.0,40,ordinary_practice,-37.261341497007486,-13.583584915447661,-20.531121235211838,0.004901960784313725,-38.83549382716049,-13.45906635802469,-17.61153549382716,0.010763888888888889
552,rating_only,29.666666666666668,25.0,-4.666666666666668,0.16666666666666666,0.0,-0.16666666666666666,1500.0,40,rating_tier_board,-37.261341497007486,-13.583584915447661,-20.531121235211838,0.004901960784313725,-36.05219735161659,-13.18227554838565,-21.111749680715196,0.0
552,rating_history,29.666666666666668,27.5,-2.166666666666668,0.16666666666666666,0.3333333333333333,0.16666666666666666,1500.0,40,height_management,-37.261341497007486,-13.583584915447661,-20.531121235211838,0.004901960784313725,-39.58179376179376,-13.859724164724165,-20.781879786879788,0.010101010101010102
553,control,25.5,26.0,0.5,0.0,0.16666666666666666,0.16666666666666666,1500.0,40,ordinary_practice,-35.19219208059788,-12.68313349023494,-18.508068045749205,0.0,-40.378541714592444,-13.740266275592361,-19.498979181044398,0.006172839506172839
553,rating_only,25.5,28.0,2.5,0.0,0.0,0.0,1500.0,40,rating_tier_board,-35.19219208059788,-12.68313349023494,-18.508068045749205,0.0,-36.0780476494557,-13.307593808915648,-18.18286862190598,0.0
553,rating_history,25.5,26.166666666666668,0.6666666666666679,0.0,0.0,0.0,1500.0,40,height_management,-35.19219208059788,-12.68313349023494,-18.508068045749205,0.0,-39.4644815558794,-13.466362291631109,-17.312146336339886,0.0
554,control,28.0,28.833333333333332,0.8333333333333321,0.0,0.0,0.0,1500.0,40,ordinary_practice,-35.727665150108926,-13.380625423219126,-20.11530903379479,0.0,-34.61253473537956,-13.635004184034356,-19.064157824933687,0.0
554,rating_only,28.0,28.333333333333332,0.33333333333333215,0.0,0.0,0.0,1500.0,40,rating_tier_board,-35.727665150108926,-13.380625423219126,-20.11530903379479,0.0,-35.214930365505076,-12.905292525694824,-18.031125706987776,0.0
554,rating_history,28.0,27.833333333333332,-0.16666666666666785,0.0,0.0,0.0,1500.0,40,height_management,-35.727665150108926,-13.380625423219126,-20.11530903379479,0.0,-34.96672128425002,-13.000843824119686,-18.058305732156306,0.0
555,control,26.833333333333332,27.166666666666668,0.3333333333333357,0.16666666666666666,0.0,-0.16666666666666666,1500.0,40,ordinary_practice,-41.381185762938635,-13.68386060937785,-17.410359727543636,0.005747126436781609,-39.84730158730159,-13.340833333333332,-18.47642857142857,0.0
555,rating_only,26.833333333333332,26.0,-0.8333333333333321,0.16666666666666666,0.0,-0.16666666666666666,1500.0,40,rating_tier_board,-41.381185762938635,-13.68386060937785,-17.410359727543636,0.005747126436781609,-37.13478835978836,-13.994611992945327,-24.727751322751324,0.0
555,rating_history,26.833333333333332,27.5,0.6666666666666679,0.16666666666666666,0.0,-0.16666666666666666,1500.0,40,hole_management,-41.381185762938635,-13.68386060937785,-17.410359727543636,0.005747126436781609,-35.23713200379867,-13.668480531813865,-21.966761633428302,0.0
556,control,27.166666666666668,26.0,-1.1666666666666679,0.0,0.16666666666666666,0.16666666666666666,1500.0,40,ordinary_practice,-37.09545292829775,-13.498551511281397,-20.489633126558413,0.0,-39.575519601310454,-13.303238513018623,-19.226021784081503,0.005952380952380952
556,rating_only,27.166666666666668,25.833333333333332,-1.3333333333333357,0.0,0.16666666666666666,0.16666666666666666,1500.0,40,rating_tier_board,-37.09545292829775,-13.498551511281397,-20.489633126558413,0.0,-40.10105858446438,-13.395530825856913,-20.0681962656238,0.005952380952380952
556,rating_history,27.166666666666668,27.166666666666668,0.0,0.0,0.0,0.0,1500.0,40,hole_management,-37.09545292829775,-13.498551511281397,-20.489633126558413,0.0,-35.87471554866809,-13.212808502007611,-18.31458748614848,0.0
557,control,26.166666666666668,26.666666666666668,0.5,0.16666666666666666,0.0,-0.16666666666666666,1500.0,40,ordinary_practice,-43.910503253664174,-14.303119564556345,-21.819276439822417,0.006172839506172839,-35.5714217143565,-12.999203105000207,-19.357792435690985,0.0
557,rating_only,26.166666666666668,27.833333333333332,1.6666666666666643,0.16666666666666666,0.3333333333333333,0.16666666666666666,1500.0,40,rating_tier_board,-43.910503253664174,-14.303119564556345,-21.819276439822417,0.006172839506172839,-37.59227332378357,-12.926196404006138,-18.08560929308771,0.010584677419354838
557,rating_history,26.166666666666668,26.666666666666668,0.5,0.16666666666666666,0.0,-0.16666666666666666,1500.0,40,hole_management,-43.910503253664174,-14.303119564556345,-21.819276439822417,0.006172839506172839,-35.51586615880095,-12.999203105000207,-19.185570213468765,0.0
558,control,25.666666666666668,28.5,2.833333333333332,0.3333333333333333,0.0,-0.3333333333333333,1500.0,40,ordinary_practice,-39.56539840088227,-13.327519863648895,-21.192511404366243,0.011786600496277916,-32.41964578392021,-12.76202464574591,-18.06902044182935,0.0
558,rating_only,25.666666666666668,28.5,2.833333333333332,0.3333333333333333,0.0,-0.3333333333333333,1500.0,40,rating_tier_board,-39.56539840088227,-13.327519863648895,-21.192511404366243,0.011786600496277916,-32.41964578392021,-12.76202464574591,-18.06902044182935,0.0
558,rating_history,25.666666666666668,24.5,-1.1666666666666679,0.3333333333333333,0.0,-0.3333333333333333,1500.0,40,height_management,-39.56539840088227,-13.327519863648895,-21.192511404366243,0.011786600496277916,-44.99938870308436,-13.071890561129692,-16.90278706800446,0.0
559,control,27.5,26.666666666666668,-0.8333333333333321,0.16666666666666666,0.0,-0.16666666666666666,1500.0,40,ordinary_practice,-35.95141762452107,-12.758103448275861,-16.935989782886335,0.004629629629629629,-36.577927959721436,-13.136386672110998,-17.60464232793693,0.0
559,rating_only,27.5,27.0,-0.5,0.16666666666666666,0.16666666666666666,0.0,1500.0,40,rating_tier_board,-35.95141762452107,-12.758103448275861,-16.935989782886335,0.004629629629629629,-33.77216186880105,-13.305474119879417,-21.019084983352847,0.005747126436781609
559,rating_history,27.5,27.0,-0.5,0.16666666666666666,0.16666666666666666,0.0,1500.0,40,height_management,-35.95141762452107,-12.758103448275861,-16.935989782886335,0.004629629629629629,-33.85549520213438,-13.364997929403227,-21.15598974525761,0.005747126436781609
560,control,28.166666666666668,26.666666666666668,-1.5,0.16666666666666666,0.16666666666666666,0.0,1500.0,40,ordinary_practice,-41.529137742053344,-13.608360735598588,-15.77694556083303,0.004901960784313725,-38.98469683147844,-13.498384722982424,-18.727235753816213,0.006172839506172839
560,rating_only,28.166666666666668,24.166666666666668,-4.0,0.16666666666666666,0.16666666666666666,0.0,1500.0,40,rating_tier_board,-41.529137742053344,-13.608360735598588,-15.77694556083303,0.004901960784313725,-45.01699900819171,-13.442457016876938,-19.206424864567197,0.006172839506172839
560,rating_history,28.166666666666668,24.166666666666668,-4.0,0.16666666666666666,0.16666666666666666,0.0,1500.0,40,hole_management,-41.529137742053344,-13.608360735598588,-15.77694556083303,0.004901960784313725,-45.01699900819171,-13.442457016876938,-19.206424864567197,0.006172839506172839
561,control,29.666666666666668,26.166666666666668,-3.5,0.3333333333333333,0.16666666666666666,-0.16666666666666666,1500.0,40,ordinary_practice,-36.28214443602375,-12.491993495010737,-15.226869394972844,0.009523809523809523,-42.14057632953467,-13.936404320987654,-18.842939221272555,0.005208333333333333
561,rating_only,29.666666666666668,27.0,-2.666666666666668,0.3333333333333333,0.16666666666666666,-0.16666666666666666,1500.0,40,rating_tier_board,-36.28214443602375,-12.491993495010737,-15.226869394972844,0.009523809523809523,-38.72100559406906,-13.787080081245499,-20.495429533910293,0.006410256410256411
561,rating_history,29.666666666666668,27.166666666666668,-2.5,0.3333333333333333,0.16666666666666666,-0.16666666666666666,1500.0,40,hole_management,-36.28214443602375,-12.491993495010737,-15.226869394972844,0.009523809523809523,-35.272462851763926,-13.183193946634807,-20.70336299502966,0.006172839506172839
562,control,27.166666666666668,28.0,0.8333333333333321,0.16666666666666666,0.16666666666666666,0.0,1500.0,40,ordinary_practice,-41.093484383000515,-13.335897435897436,-17.165645555161685,0.005376344086021505,-35.8348268377004,-13.518658599396456,-19.317856075179026,0.005376344086021505
562,rating_only,27.166666666666668,28.0,0.8333333333333321,0.16666666666666666,0.16666666666666666,0.0,1500.0,40,rating_tier_board,-41.093484383000515,-13.335897435897436,-17.165645555161685,0.005376344086021505,-33.85673968604076,-13.413787576421985,-20.598445958661014,0.005376344086021505
562,rating_history,27.166666666666668,26.5,-0.6666666666666679,0.16666666666666666,0.5,0.33333333333333337,1500.0,40,hole_management,-41.093484383000515,-13.335897435897436,-17.165645555161685,0.005376344086021505,-43.69175580860363,-13.715532445417503,-19.652202503245732,0.01744663382594417
563,control,27.666666666666668,27.833333333333332,0.1666666666666643,0.16666666666666666,0.16666666666666666,0.0,1500.0,40,ordinary_practice,-38.07810081887161,-13.702301918213006,-19.388154596449052,0.005747126436781609,-37.18287884954552,-13.254675826514907,-17.1233684897478,0.005747126436781609
563,rating_only,27.666666666666668,26.166666666666668,-1.5,0.16666666666666666,0.16666666666666666,0.0,1500.0,40,rating_tier_board,-38.07810081887161,-13.702301918213006,-19.388154596449052,0.005747126436781609,-40.64054351029613,-13.549612213124208,-19.46647109137739,0.005747126436781609
563,rating_history,27.666666666666668,28.0,0.33333333333333215,0.16666666666666666,0.0,-0.16666666666666666,1500.0,40,surface_management,-38.07810081887161,-13.702301918213006,-19.388154596449052,0.005747126436781609,-40.60416560238399,-13.728731983214741,-18.134535972754364,0.0
564,control,27.5,26.166666666666668,-1.3333333333333321,0.0,0.0,0.0,1500.0,40,ordinary_practice,-38.493052526443336,-13.495066219434035,-17.74168895812574,0.0,-38.882544126797,-12.851602526889883,-20.10887462898957,0.0
564,rating_only,27.5,27.5,0.0,0.0,0.3333333333333333,0.3333333333333333,1500.0,40,rating_tier_board,-38.493052526443336,-13.495066219434035,-17.74168895812574,0.0,-41.916047862312226,-13.502218269172293,-18.518975399866203,0.012345679012345678
564,rating_history,27.5,26.333333333333332,-1.1666666666666679,0.0,0.0,0.0,1500.0,40,surface_management,-38.493052526443336,-13.495066219434035,-17.74168895812574,0.0,-41.487193362193366,-13.011884720218053,-17.90602453102453,0.0
565,control,27.166666666666668,27.333333333333332,0.1666666666666643,0.0,0.0,0.0,1500.0,40,ordinary_practice,-34.71373897707231,-13.14337499239798,-20.006195037401934,0.0,-42.88522562792678,-13.836693273733504,-17.826699659429543,0.0
565,rating_only,27.166666666666668,27.166666666666668,0.0,0.0,0.16666666666666666,0.16666666666666666,1500.0,40,rating_tier_board,-34.71373897707231,-13.14337499239798,-20.006195037401934,0.0,-47.65656621211497,-14.357562140375451,-16.57008188110246,0.005747126436781609
565,rating_history,27.166666666666668,27.333333333333332,0.1666666666666643,0.0,0.0,0.0,1500.0,40,hole_management,-34.71373897707231,-13.14337499239798,-20.006195037401934,0.0,-42.88522562792678,-13.836693273733504,-17.826699659429543,0.0
566,control,27.5,28.166666666666668,0.6666666666666679,0.3333333333333333,0.0,-0.3333333333333333,1500.0,40,ordinary_practice,-42.03172676089343,-14.088991255657923,-21.461546940713607,0.01122334455667789,-38.53124144772852,-13.457230090311986,-19.995039682539684,0.0
566,rating_only,27.5,28.166666666666668,0.6666666666666679,0.3333333333333333,0.16666666666666666,-0.16666666666666666,1500.0,40,rating_tier_board,-42.03172676089343,-14.088991255657923,-21.461546940713607,0.01122334455667789,-39.4737701833607,-13.485965722495894,-20.261870552818827,0.005747126436781609
566,rating_history,27.5,28.666666666666668,1.1666666666666679,0.3333333333333333,0.0,-0.3333333333333333,1500.0,40,hole_management,-42.03172676089343,-14.088991255657923,-21.461546940713607,0.01122334455667789,-37.58846640667761,-13.757750068418172,-20.315879857690202,0.0
567,control,25.5,27.833333333333332,2.333333333333332,0.0,0.16666666666666666,0.16666666666666666,1500.0,40,ordinary_practice,-40.663961038961034,-13.828433140933141,-21.214025172358504,0.0,-34.23996146767886,-13.086961314316387,-17.53691722260563,0.006172839506172839
567,rating_only,25.5,27.5,2.0,0.0,0.16666666666666666,0.16666666666666666,1500.0,40,rating_tier_board,-40.663961038961034,-13.828433140933141,-21.214025172358504,0.0,-36.960912297578965,-13.85669392336059,-21.03556758056758,0.005050505050505051
567,rating_history,25.5,29.166666666666668,3.666666666666668,0.0,0.6666666666666666,0.6666666666666666,1500.0,40,surface_management,-40.663961038961034,-13.828433140933141,-21.214025172358504,0.0,-37.41152456285938,-13.476285133589545,-18.311462275348074,0.022877908630596803
568,control,26.333333333333332,27.0,0.6666666666666679,0.3333333333333333,0.0,-0.3333333333333333,1500.0,40,ordinary_practice,-34.98092414831545,-12.942399460442939,-19.25021425434469,0.011111111111111112,-38.85131874298541,-13.73112073112073,-19.093045534712203,0.0
568,rating_only,26.333333333333332,27.833333333333332,1.5,0.3333333333333333,0.16666666666666666,-0.16666666666666666,1500.0,40,rating_tier_board,-34.98092414831545,-12.942399460442939,-19.25021425434469,0.011111111111111112,-38.85790166126188,-13.527422910621835,-20.41051800648575,0.005555555555555556
568,rating_history,26.333333333333332,26.333333333333332,0.0,0.3333333333333333,0.16666666666666666,-0.16666666666666666,1500.0,40,surface_management,-34.98092414831545,-12.942399460442939,-19.25021425434469,0.011111111111111112,-37.5213906009958,-13.021773974124049,-19.920705804505154,0.006666666666666667
569,control,28.166666666666668,27.0,-1.1666666666666679,0.5,0.0,-0.5,1500.0,40,ordinary_practice,-38.47173054070113,-13.052278669043375,-18.354845513963163,0.014705882352941176,-35.325773277382474,-12.696010394273763,-18.83082208895552,0.0
569,rating_only,28.166666666666668,27.333333333333332,-0.8333333333333357,0.5,0.0,-0.5,1500.0,40,rating_tier_board,-38.47173054070113,-13.052278669043375,-18.354845513963163,0.014705882352941176,-34.14771488965037,-12.719061678067055,-22.53777581936184,0.0
569,rating_history,28.166666666666668,27.166666666666668,-1.0,0.5,0.16666666666666666,-0.33333333333333337,1500.0,40,height_management,-38.47173054070113,-13.052278669043375,-18.354845513963163,0.014705882352941176,-36.0214526639814,-13.117770245931165,-20.263528260798374,0.005555555555555556
570,control,27.333333333333332,26.333333333333332,-1.0,0.5,0.0,-0.5,1500.0,40,ordinary_practice,-46.75268994290734,-13.898464458247066,-16.594575412510196,0.016053391053391052,-40.574450549450546,-13.415425315425315,-17.40766042599376,0.0
570,rating_only,27.333333333333332,26.666666666666668,-0.6666666666666643,0.5,0.3333333333333333,-0.16666666666666669,1500.0,40,rating_tier_board,-46.75268994290734,-13.898464458247066,-16.594575412510196,0.016053391053391052,-38.29295550128884,-12.796796567629901,-17.314797856464523,0.012896825396825396
570,rating_history,27.333333333333332,27.333333333333332,0.0,0.5,0.0,-0.5,1500.0,40,hole_management,-46.75268994290734,-13.898464458247066,-16.594575412510196,0.016053391053391052,-37.580202427998124,-13.414796477914757,-19.24583995256038,0.0
571,control,25.666666666666668,26.833333333333332,1.1666666666666643,0.0,0.0,0.0,1500.0,40,ordinary_practice,-39.83413031413031,-13.267647475980809,-20.465427227093894,0.0,-36.08804229295609,-13.508719340472215,-22.807413056292365,0.0
571,rating_only,25.666666666666668,26.166666666666668,0.5,0.0,0.0,0.0,1500.0,40,rating_tier_board,-39.83413031413031,-13.267647475980809,-20.465427227093894,0.0,-33.895641857910725,-13.09533442292063,-20.748393719483175,0.0
571,rating_history,25.666666666666668,26.333333333333332,0.6666666666666643,0.0,0.0,0.0,1500.0,40,hole_management,-39.83413031413031,-13.267647475980809,-20.465427227093894,0.0,-34.026373780309314,-13.13633971392592,-20.872291426714217,0.0
572,control,27.166666666666668,26.0,-1.1666666666666679,0.16666666666666666,0.16666666666666666,0.0,1500.0,40,ordinary_practice,-37.204397612320214,-13.218482946026986,-18.596257307472637,0.005208333333333333,-42.486385246530176,-13.394263476727245,-18.37518901924699,0.005952380952380952
572,rating_only,27.166666666666668,25.166666666666668,-2.0,0.16666666666666666,0.0,-0.16666666666666666,1500.0,40,rating_tier_board,-37.204397612320214,-13.218482946026986,-18.596257307472637,0.005208333333333333,-44.93639516913757,-13.813033453298099,-17.63426562288492,0.0
572,rating_history,27.166666666666668,27.833333333333332,0.6666666666666643,0.16666666666666666,0.16666666666666666,0.0,1500.0,40,height_management,-37.204397612320214,-13.218482946026986,-18.596257307472637,0.005208333333333333,-37.53447502439256,-13.006178458389853,-17.904346041265082,0.005555555555555556
573,control,27.333333333333332,25.166666666666668,-2.1666666666666643,0.16666666666666666,0.0,-0.16666666666666666,1500.0,40,ordinary_practice,-37.41591467493767,-13.581422489813294,-20.667949583409353,0.005747126436781609,-36.535384615384615,-13.500021367521366,-22.120192307692307,0.0
573,rating_only,27.333333333333332,26.333333333333332,-1.0,0.16666666666666666,0.0,-0.16666666666666666,1500.0,40,rating_tier_board,-37.41591467493767,-13.581422489813294,-20.667949583409353,0.005747126436781609,-39.65624202957536,-14.070174331840999,-22.430958485958485,0.0
573,rating_history,27.333333333333332,26.5,-0.8333333333333321,0.16666666666666666,0.0,-0.16666666666666666,1500.0,40,hole_management,-37.41591467493767,-13.581422489813294,-20.667949583409353,0.005747126436781609,-39.414862719230534,-14.018860702941163,-22.132107911245843,0.0
574,control,25.833333333333332,24.0,-1.8333333333333321,0.0,0.0,0.0,1500.0,40,ordinary_practice,-41.25368307131465,-13.70668603326498,-18.17330181514392,0.0,-37.47435938725794,-13.201484578223708,-19.794581526900366,0.0
574,rating_only,25.833333333333332,24.833333333333332,-1.0,0.0,0.0,0.0,1500.0,40,rating_tier_board,-41.25368307131465,-13.70668603326498,-18.17330181514392,0.0,-38.299789364576974,-13.282962685324005,-20.155602939271105,0.0
574,rating_history,25.833333333333332,25.0,-0.8333333333333321,0.0,0.16666666666666666,0.16666666666666666,1500.0,40,surface_management,-41.25368307131465,-13.70668603326498,-18.17330181514392,0.0,-42.66052265635599,-13.487286324786325,-18.169544498711165,0.005208333333333333
575,control,28.5,25.333333333333332,-3.166666666666668,0.0,0.0,0.0,1500.0,40,ordinary_practice,-33.90007460212202,-12.722618258178603,-15.905324381078692,0.0,-41.02041336600476,-13.321458183393666,-19.76489983930844,0.0
575,rating_only,28.5,25.333333333333332,-3.166666666666668,0.0,0.0,0.0,1500.0,40,rating_tier_board,-33.90007460212202,-12.722618258178603,-15.905324381078692,0.0,-41.189900545491945,-13.328124850060334,-19.719258813667416,0.0
575,rating_history,28.5,23.666666666666668,-4.833333333333332,0.0,0.16666666666666666,0.16666666666666666,1500.0,40,height_management,-33.90007460212202,-12.722618258178603,-15.905324381078692,0.0,-42.19987922705314,-12.517293841424276,-18.413582142495187,0.006410256410256411
576,control,27.333333333333332,27.666666666666668,0.3333333333333357,0.16666666666666666,0.16666666666666666,0.0,1500.0,40,ordinary_practice,-36.61735147993769,-13.220753582305306,-19.368462029668926,0.005747126436781609,-36.985536866283994,-13.418672547120824,-21.689326414326416,0.005555555555555556
576,rating_only,27.333333333333332,26.5,-0.8333333333333321,0.16666666666666666,0.16666666666666666,0.0,1500.0,40,rating_tier_board,-36.61735147993769,-13.220753582305306,-19.368462029668926,0.005747126436781609,-43.21885534453469,-13.666073585231194,-20.383024433296175,0.007246376811594203
576,rating_history,27.333333333333332,26.5,-0.8333333333333321,0.16666666666666666,0.16666666666666666,0.0,1500.0,40,hole_management,-36.61735147993769,-13.220753582305306,-19.368462029668926,0.005747126436781609,-43.21885534453469,-13.666073585231194,-20.383024433296175,0.007246376811594203
577,control,28.5,28.166666666666668,-0.33333333333333215,0.16666666666666666,0.3333333333333333,0.16666666666666666,1500.0,40,ordinary_practice,-37.941421783561196,-13.813215938540374,-20.11608332205292,0.005376344086021505,-38.62632786195286,-13.476351711560046,-19.31394921436588,0.01122334455667789
577,rating_only,28.5,27.333333333333332,-1.1666666666666679,0.16666666666666666,0.3333333333333333,0.16666666666666666,1500.0,40,rating_tier_board,-37.941421783561196,-13.813215938540374,-20.11608332205292,0.005376344086021505,-40.17658723992057,-13.432585685919019,-18.81730035396702,0.01122334455667789
577,rating_history,28.5,27.5,-1.0,0.16666666666666666,0.3333333333333333,0.16666666666666666,1500.0,40,surface_management,-37.941421783561196,-13.813215938540374,-20.11608332205292,0.005376344086021505,-37.32743024042044,-13.132891754215283,-19.65536864188825,0.009952465834818775
578,control,25.166666666666668,26.5,1.3333333333333321,0.3333333333333333,0.0,-0.3333333333333333,1500.0,40,ordinary_practice,-42.61781440781441,-13.999236874236875,-21.550885225885224,0.012820512820512822,-33.99932089515423,-13.17025085254252,-20.677720620428953,0.0
578,rating_only,25.166666666666668,25.833333333333332,0.6666666666666643,0.3333333333333333,0.0,-0.3333333333333333,1500.0,40,rating_tier_board,-42.61781440781441,-13.999236874236875,-21.550885225885224,0.012820512820512822,-36.22974569598133,-13.339744520060613,-21.17081513633238,0.0
578,rating_history,25.166666666666668,26.333333333333332,1.1666666666666643,0.3333333333333333,0.0,-0.3333333333333333,1500.0,40,surface_management,-42.61781440781441,-13.999236874236875,-21.550885225885224,0.012820512820512822,-33.54578786904056,-13.128752196628541,-20.70491436082834,0.0
579,control,28.166666666666668,27.333333333333332,-0.8333333333333357,0.16666666666666666,0.3333333333333333,0.16666666666666666,1500.0,40,ordinary_practice,-39.12360780268681,-14.082280326810482,-21.191304904383447,0.005376344086021505,-37.59233343285067,-13.872073568194258,-20.315995546598995,0.01079763148728666
579,rating_only,28.166666666666668,28.5,0.33333333333333215,0.16666666666666666,0.16666666666666666,0.0,1500.0,40,rating_tier_board,-39.12360780268681,-14.082280326810482,-21.191304904383447,0.005376344086021505,-39.268323630392594,-14.441026645768025,-21.34927787729512,0.005747126436781609
579,rating_history,28.166666666666668,29.0,0.8333333333333321,0.16666666666666666,0.5,0.33333333333333337,1500.0,40,height_management,-39.12360780268681,-14.082280326810482,-21.191304904383447,0.005376344086021505,-38.88627864260048,-14.103570928858286,-19.560429821349363,0.016353187042842214
580,control,27.333333333333332,28.333333333333332,1.0,0.0,0.16666666666666666,0.16666666666666666,1500.0,40,ordinary_practice,-35.02013917542653,-13.573295674100272,-19.86281134361594,0.0,-37.00362938877956,-13.19069516258059,-16.667538480552942,0.005555555555555556
580,rating_only,27.333333333333332,28.666666666666668,1.3333333333333357,0.0,0.16666666666666666,0.16666666666666666,1500.0,40,rating_tier_board,-35.02013917542653,-13.573295674100272,-19.86281134361594,0.0,-35.60251653439153,-12.885966710758378,-16.271919091710757,0.005208333333333333
580,rating_history,27.333333333333332,28.666666666666668,1.3333333333333357,0.0,0.16666666666666666,0.16666666666666666,1500.0,40,hole_management,-35.02013917542653,-13.573295674100272,-19.86281134361594,0.0,-35.60251653439153,-12.885966710758378,-16.271919091710757,0.005208333333333333
581,control,28.666666666666668,27.666666666666668,-1.0,0.5,0.16666666666666666,-0.33333333333333337,1500.0,40,ordinary_practice,-36.20012695371891,-13.04294380587484,-18.405863247278475,0.016163793103448277,-38.43038281429086,-13.39433146674526,-17.6896027769591,0.005747126436781609
581,rating_only,28.666666666666668,27.666666666666668,-1.0,0.5,0.0,-0.5,1500.0,40,rating_tier_board,-36.20012695371891,-13.04294380587484,-18.405863247278475,0.016163793103448277,-35.3466802333469,-13.203703703703704,-18.535576583909915,0.0
581,rating_history,28.666666666666668,29.0,0.33333333333333215,0.5,0.3333333333333333,-0.16666666666666669,1500.0,40,hole_management,-36.20012695371891,-13.04294380587484,-18.405863247278475,0.016163793103448277,-37.90881455834126,-13.430309518443392,-17.174663805005252,0.010649087221095335
582,control,25.5,28.333333333333332,2.833333333333332,0.0,0.6666666666666666,0.6666666666666666,1500.0,40,ordinary_practice,-34.73532948532949,-13.14988175404842,-20.21951967785301,0.0,-42.951556758123786,-14.327628101903464,-19.81758872166481,0.02214506172839506
582,rating_only,25.5,27.5,2.0,0.0,0.3333333333333333,0.3333333333333333,1500.0,40,rating_tier_board,-34.73532948532949,-13.14988175404842,-20.21951967785301,0.0,-38.62570656966491,-13.326119402269764,-19.28506901311249,0.011728395061728394
582,rating_history,25.5,27.666666666666668,2.166666666666668,0.0,0.0,0.0,1500.0,40,height_management,-34.73532948532949,-13.14988175404842,-20.21951967785301,0.0,-38.967246081526994,-13.481783622557641,-19.49374512393914,0.0
583,control,29.333333333333332,28.666666666666668,-0.6666666666666643,0.0,0.6666666666666666,0.6666666666666666,1500.0,40,ordinary_practice,-34.41024199300061,-13.316046756563999,-19.03851376380112,0.0,-39.69044115681213,-13.23676710237194,-17.971271686049914,0.01909722222222222
583,rating_only,29.333333333333332,27.333333333333332,-2.0,0.0,0.0,0.0,1500.0,40,rating_tier_board,-34.41024199300061,-13.316046756563999,-19.03851376380112,0.0,-34.48484866426677,-13.29067789250979,-20.69823967938192,0.0
583,rating_history,29.333333333333332,27.333333333333332,-2.0,0.0,0.0,0.0,1500.0,40,surface_management,-34.41024199300061,-13.316046756563999,-19.03851376380112,0.0,-34.68127723569534,-13.314487416319313,-20.495858727000968,0.0
584,control,26.666666666666668,28.333333333333332,1.6666666666666643,0.0,0.5,0.5,1500.0,40,ordinary_practice,-37.827729477981606,-13.669189232402061,-19.24052129251981,0.0,-41.43404458050361,-13.76149319651359,-18.210409212726603,0.016129032258064516
584,rating_only,26.666666666666668,27.333333333333332,0.6666666666666643,0.0,0.0,0.0,1500.0,40,rating_tier_board,-37.827729477981606,-13.669189232402061,-19.24052129251981,0.0,-39.65550903119868,-13.652186340692088,-18.427774432889375,0.0
584,rating_history,26.666666666666668,27.833333333333332,1.1666666666666643,0.0,0.3333333333333333,0.3333333333333333,1500.0,40,surface_management,-37.827729477981606,-13.669189232402061,-19.24052129251981,0.0,-43.46069223985891,-13.839065255731922,-17.426168430335096,0.012896825396825396
585,control,27.333333333333332,25.833333333333332,-1.5,0.0,0.0,0.0,1500.0,40,ordinary_practice,-38.80544159544159,-13.493418803418804,-17.083966218966218,0.0,-35.481623376623375,-12.718961840628507,-18.35473544973545,0.0
585,rating_only,27.333333333333332,28.833333333333332,1.5,0.0,0.3333333333333333,0.3333333333333333,1500.0,40,rating_tier_board,-38.80544159544159,-13.493418803418804,-17.083966218966218,0.0,-35.210915077109,-13.379505177220231,-19.113370136914817,0.011123470522803115
585,rating_history,27.333333333333332,28.0,0.6666666666666679,0.0,0.3333333333333333,0.3333333333333333,1500.0,40,surface_management,-38.80544159544159,-13.493418803418804,-17.083966218966218,0.0,-37.103303592272816,-13.345517040293643,-19.01204208870134,0.011699507389162561
586,control,27.333333333333332,28.333333333333332,1.0,0.0,0.3333333333333333,0.3333333333333333,1500.0,40,ordinary_practice,-37.493574048344165,-13.168336818566704,-17.847088426686128,0.0,-36.16519978106185,-13.893708264915162,-20.79620415982485,0.011302681992337164
586,rating_only,27.333333333333332,25.833333333333332,-1.5,0.0,0.0,0.0,1500.0,40,rating_tier_board,-37.493574048344165,-13.168336818566704,-17.847088426686128,0.0,-39.46803505136838,-13.54249762583096,-18.502913752913752,0.0
586,rating_history,27.333333333333332,27.333333333333332,0.0,0.0,0.16666666666666666,0.16666666666666666,1500.0,40,surface_management,-37.493574048344165,-13.168336818566704,-17.847088426686128,0.0,-35.80963054187192,-13.612543261336365,-20.923564060460613,0.005747126436781609
587,control,26.333333333333332,26.833333333333332,0.5,0.0,0.0,0.0,1500.0,40,ordinary_practice,-40.986182874171384,-13.440880009730584,-20.072405582922823,0.0,-37.34515428297756,-13.269806692349796,-21.58727956191318,0.0
587,rating_only,26.333333333333332,27.166666666666668,0.8333333333333357,0.0,0.0,0.0,1500.0,40,rating_tier_board,-40.986182874171384,-13.440880009730584,-20.072405582922823,0.0,-38.690572896930654,-13.213920624394762,-18.135162177382007,0.0
587,rating_history,26.333333333333332,28.666666666666668,2.3333333333333357,0.0,0.3333333333333333,0.3333333333333333,1500.0,40,surface_management,-40.986182874171384,-13.440880009730584,-20.072405582922823,0.0,-40.39972058901425,-13.416789513786178,-17.333360734556507,0.011302681992337164
588,control,26.0,28.333333333333332,2.333333333333332,0.16666666666666666,0.16666666666666666,0.0,1500.0,40,ordinary_practice,-40.325811965811965,-14.210833333333333,-21.257837132003797,0.006944444444444444,-35.01136121753938,-13.17161558109834,-20.729924968071522,0.005747126436781609
588,rating_only,26.0,28.666666666666668,2.666666666666668,0.16666666666666666,0.16666666666666666,0.0,1500.0,40,rating_tier_board,-40.325811965811965,-14.210833333333333,-21.257837132003797,0.006944444444444444,-37.66495068756296,-13.315144247663223,-19.029539877480264,0.004901960784313725
588,rating_history,26.0,27.166666666666668,1.1666666666666679,0.16666666666666666,0.0,-0.16666666666666666,1500.0,40,hole_management,-40.325811965811965,-14.210833333333333,-21.257837132003797,0.006944444444444444,-38.02943069063759,-13.413616268788683,-20.59575924288568,0.0
589,control,28.5,29.666666666666668,1.1666666666666679,0.16666666666666666,0.0,-0.16666666666666666,1500.0,40,ordinary_practice,-37.88330066917386,-13.292198317550561,-18.232357675488934,0.005376344086021505,-34.30611145320197,-13.542716885604817,-16.396948549534756,0.0
589,rating_only,28.5,26.666666666666668,-1.8333333333333321,0.16666666666666666,0.0,-0.16666666666666666,1500.0,40,rating_tier_board,-37.88330066917386,-13.292198317550561,-18.232357675488934,0.005376344086021505,-35.99406662409536,-13.160140333272517,-21.79722754363559,0.0
589,rating_history,28.5,27.666666666666668,-0.8333333333333321,0.16666666666666666,0.0,-0.16666666666666666,1500.0,40,hole_management,-37.88330066917386,-13.292198317550561,-18.232357675488934,0.005376344086021505,-36.186013805266676,-13.35848461351335,-19.874950586875876,0.0
590,control,25.833333333333332,28.833333333333332,3.0,0.0,0.16666666666666666,0.16666666666666666,1500.0,40,ordinary_practice,-38.120674603174606,-13.618253968253969,-22.21333333333333,0.0,-36.084736154649946,-13.266025992685476,-20.903506400208986,0.005208333333333333
590,rating_only,25.833333333333332,28.333333333333332,2.5,0.0,0.3333333333333333,0.3333333333333333,1500.0,40,rating_tier_board,-38.120674603174606,-13.618253968253969,-22.21333333333333,0.0,-33.05651837409902,-13.201283306747015,-22.23322041533735,0.010584677419354838
590,rating_history,25.833333333333332,28.833333333333332,3.0,0.0,0.16666666666666666,0.16666666666666666,1500.0,40,height_management,-38.120674603174606,-13.618253968253969,-22.21333333333333,0.0,-36.084736154649946,-13.266025992685476,-20.903506400208986,0.005208333333333333
591,control,26.166666666666668,26.166666666666668,0.0,0.16666666666666666,0.16666666666666666,0.0,1500.0,40,ordinary_practice,-36.81897886064553,-13.58610371110371,-20.57904132904133,0.005050505050505051,-43.12640395485767,-14.130274587497588,-20.457441022044808,0.005376344086021505
591,rating_only,26.166666666666668,27.666666666666668,1.5,0.16666666666666666,0.0,-0.16666666666666666,1500.0,40,rating_tier_board,-36.81897886064553,-13.58610371110371,-20.57904132904133,0.005050505050505051,-36.48472999967253,-13.773599240265908,-18.924660248223468,0.0
591,rating_history,26.166666666666668,30.333333333333332,4.166666666666664,0.16666666666666666,0.3333333333333333,0.16666666666666666,1500.0,40,surface_management,-36.81897886064553,-13.58610371110371,-20.57904132904133,0.005050505050505051,-35.96956751689788,-13.66152182078211,-20.602806268629404,0.010101010101010102
592,control,27.833333333333332,28.166666666666668,0.3333333333333357,0.5,0.16666666666666666,-0.33333333333333337,1500.0,40,ordinary_practice,-38.846394913696706,-13.814424220280998,-19.90946119027321,0.015002970885323827,-34.39279164033722,-13.320257703181968,-20.80072566517167,0.005376344086021505
592,rating_only,27.833333333333332,25.666666666666668,-2.1666666666666643,0.5,0.0,-0.5,1500.0,40,rating_tier_board,-38.846394913696706,-13.814424220280998,-19.90946119027321,0.015002970885323827,-40.84170568561873,-13.467757339279078,-18.712486064659977,0.0
592,rating_history,27.833333333333332,26.666666666666668,-1.1666666666666643,0.5,0.16666666666666666,-0.33333333333333337,1500.0,40,hole_management,-38.846394913696706,-13.814424220280998,-19.90946119027321,0.015002970885323827,-39.4900607402392,-13.376901608932691,-18.497981200558623,0.005376344086021505
593,control,26.833333333333332,26.833333333333332,0.0,0.16666666666666666,0.16666666666666666,0.0,1500.0,40,ordinary_practice,-29.338978253547218,-12.726944128668267,-22.685671761189003,0.005952380952380952,-40.96950011461506,-13.182673302644567,-17.120952509601935,0.006172839506172839
593,rating_only,26.833333333333332,28.166666666666668,1.3333333333333357,0.16666666666666666,0.5,0.33333333333333337,1500.0,40,rating_tier_board,-29.338978253547218,-12.726944128668267,-22.685671761189003,0.005952380952380952,-38.169480053378834,-13.235487090464844,-18.138615987892962,0.016173975573308165
593,rating_history,26.833333333333332,26.5,-0.33333333333333215,0.16666666666666666,0.16666666666666666,0.0,1500.0,40,surface_management,-29.338978253547218,-12.726944128668267,-22.685671761189003,0.005952380952380952,-41.16821806333301,-13.089266709237974,-17.05272906637849,0.006172839506172839
594,control,28.0,26.833333333333332,-1.1666666666666679,0.16666666666666666,0.0,-0.16666666666666666,1500.0,40,ordinary_practice,-39.153252119246744,-13.426192609660351,-20.10305228423508,0.005555555555555556,-38.282868674535344,-13.931705331705333,-22.010220797720798,0.0
594,rating_only,28.0,26.166666666666668,-1.8333333333333321,0.16666666666666666,0.0,-0.16666666666666666,1500.0,40,rating_tier_board,-39.153252119246744,-13.426192609660351,-20.10305228423508,0.005555555555555556,-39.118186134852806,-13.91980056980057,-21.878276353276352,0.0
594,rating_history,28.0,26.166666666666668,-1.8333333333333321,0.16666666666666666,0.0,-0.16666666666666666,1500.0,40,hole_management,-39.153252119246744,-13.426192609660351,-20.10305228423508,0.005555555555555556,-39.118186134852806,-13.91980056980057,-21.878276353276352,0.0
595,control,26.0,25.166666666666668,-0.8333333333333321,0.0,0.16666666666666666,0.16666666666666666,1500.0,40,ordinary_practice,-41.7872347625721,-13.18460291998523,-18.569542035509052,0.0,-42.03291009756527,-13.457255388289871,-17.421937018919778,0.005747126436781609
595,rating_only,26.0,24.333333333333332,-1.6666666666666679,0.0,0.0,0.0,1500.0,40,rating_tier_board,-41.7872347625721,-13.18460291998523,-18.569542035509052,0.0,-38.83479499566456,-12.811384243775548,-17.112382943143814,0.0
595,rating_history,26.0,25.166666666666668,-0.8333333333333321,0.0,0.0,0.0,1500.0,40,height_management,-41.7872347625721,-13.18460291998523,-18.569542035509052,0.0,-41.894874569874574,-13.75112887112887,-17.363741536241534,0.0
596,control,28.166666666666668,28.333333333333332,0.1666666666666643,0.16666666666666666,0.0,-0.16666666666666666,1500.0,40,ordinary_practice,-37.90976242992372,-13.23403447906136,-16.928246484698096,0.005376344086021505,-34.17811245299009,-13.553115203298741,-20.379380345275784,0.0
596,rating_only,28.166666666666668,25.166666666666668,-3.0,0.16666666666666666,0.0,-0.16666666666666666,1500.0,40,rating_tier_board,-37.90976242992372,-13.23403447906136,-16.928246484698096,0.005376344086021505,-39.65804309485469,-13.145411011425505,-18.41965876849935,0.0
596,rating_history,28.166666666666668,26.166666666666668,-2.0,0.16666666666666666,0.0,-0.16666666666666666,1500.0,40,surface_management,-37.90976242992372,-13.23403447906136,-16.928246484698096,0.005376344086021505,-39.55146825396825,-13.635714285714286,-20.63718253968254,0.0
597,control,28.333333333333332,27.5,-0.8333333333333321,0.16666666666666666,0.0,-0.16666666666666666,1500.0,40,ordinary_practice,-35.28874380408863,-13.140531212082935,-17.809966202379997,0.005747126436781609,-36.54440106389031,-13.419347727143426,-17.907954998008762,0.0
597,rating_only,28.333333333333332,27.5,-0.8333333333333321,0.16666666666666666,0.0,-0.16666666666666666,1500.0,40,rating_tier_board,-35.28874380408863,-13.140531212082935,-17.809966202379997,0.005747126436781609,-37.27119209958939,-13.69067139070847,-18.148270025680112,0.0
597,rating_history,28.333333333333332,26.833333333333332,-1.5,0.16666666666666666,0.0,-0.16666666666666666,1500.0,40,surface_management,-35.28874380408863,-13.140531212082935,-17.809966202379997,0.005747126436781609,-36.61827601410935,-13.113095238095239,-18.89969135802469,0.0
598,control,28.333333333333332,28.833333333333332,0.5,0.16666666666666666,0.0,-0.16666666666666666,1500.0,40,ordinary_practice,-38.3480870980871,-13.46725817392484,-18.91653778320445,0.0047619047619047615,-35.299998479596184,-13.017938104360518,-17.404861681262545,0.0
598,rating_only,28.333333333333332,28.666666666666668,0.3333333333333357,0.16666666666666666,0.16666666666666666,0.0,1500.0,40,rating_tier_board,-38.3480870980871,-13.46725817392484,-18.91653778320445,0.0047619047619047615,-34.50680623973727,-13.01558360700602,-18.36758654898741,0.005555555555555556
598,rating_history,28.333333333333332,29.166666666666668,0.8333333333333357,0.16666666666666666,0.16666666666666666,0.0,1500.0,40,surface_management,-38.3480870980871,-13.46725817392484,-18.91653778320445,0.0047619047619047615,-35.937169882320745,-12.942706622879037,-16.779294950738915,0.005208333333333333
599,control,25.5,27.666666666666668,2.166666666666668,0.0,0.5,0.5,1500.0,40,ordinary_practice,-36.60202075702075,-12.67680402930403,-19.287973137973136,0.0,-42.9607038640372,-13.969526214526216,-20.350456148789483,0.016053391053391052
599,rating_only,25.5,26.666666666666668,1.1666666666666679,0.0,0.0,0.0,1500.0,40,rating_tier_board,-36.60202075702075,-12.67680402930403,-19.287973137973136,0.0,-40.43070393374741,-13.162436162870947,-17.808688750862665,0.0
599,rating_history,25.5,26.666666666666668,1.1666666666666679,0.0,0.0,0.0,1500.0,40,hole_management,-36.60202075702075,-12.67680402930403,-19.287973137973136,0.0,-40.43070393374741,-13.162436162870947,-17.808688750862665,0.0
600,control,28.5,25.166666666666668,-3.333333333333332,0.16666666666666666,0.0,-0.16666666666666666,1500.0,40,ordinary_practice,-36.74310384955546,-13.026794442117023,-16.93494856398082,0.005555555555555556,-41.708139329805995,-13.038928232261565,-17.14371930538597,0.0
600,rating_only,28.5,27.666666666666668,-0.8333333333333321,0.16666666666666666,0.5,0.33333333333333337,1500.0,40,rating_tier_board,-36.74310384955546,-13.026794442117023,-16.93494856398082,0.005555555555555556,-38.71406687010093,-13.30832586730828,-19.45016043234586,0.015961021505376344
600,rating_history,28.5,26.666666666666668,-1.8333333333333321,0.16666666666666666,0.16666666666666666,0.0,1500.0,40,surface_management,-36.74310384955546,-13.026794442117023,-16.93494856398082,0.005555555555555556,-40.969945380290206,-13.432866128124749,-18.887143603522915,0.0047619047619047615
601,control,27.333333333333332,28.5,1.1666666666666679,0.16666666666666666,0.6666666666666666,0.5,1500.0,40,ordinary_practice,-30.823454905543862,-12.628195094372005,-21.830664600359754,0.005050505050505051,-35.27155529953917,-13.010552995391706,-21.167535522273425,0.021337365591397848
601,rating_only,27.333333333333332,28.5,1.1666666666666679,0.16666666666666666,0.6666666666666666,0.5,1500.0,40,rating_tier_board,-30.823454905543862,-12.628195094372005,-21.830664600359754,0.005050505050505051,-35.27155529953917,-13.010552995391706,-21.210546274961597,0.021337365591397848
601,rating_history,27.333333333333332,29.0,1.6666666666666679,0.16666666666666666,0.3333333333333333,0.16666666666666666,1500.0,40,height_management,-30.823454905543862,-12.628195094372005,-21.830664600359754,0.005050505050505051,-35.57910615370293,-13.674163175534144,-20.271831215379603,0.010101010101010102
602,control,26.666666666666668,28.166666666666668,1.5,0.0,0.0,0.0,1500.0,40,ordinary_practice,-33.65516302288416,-12.868702873837806,-21.331206704340136,0.0,-38.83224072700806,-13.795777887639215,-17.303012140669722,0.0
602,rating_only,26.666666666666668,28.5,1.8333333333333321,0.0,0.0,0.0,1500.0,40,rating_tier_board,-33.65516302288416,-12.868702873837806,-21.331206704340136,0.0,-35.06403695660277,-13.328592370907906,-17.758460311574883,0.0
602,rating_history,26.666666666666668,28.166666666666668,1.5,0.0,0.0,0.0,1500.0,40,hole_management,-33.65516302288416,-12.868702873837806,-21.331206704340136,0.0,-37.52189589942186,-13.542904324420824,-17.481173060209954,0.0
603,control,27.166666666666668,27.333333333333332,0.1666666666666643,0.16666666666666666,0.16666666666666666,0.0,1500.0,40,ordinary_practice,-39.20546490546491,-13.528869086160753,-19.780549620132952,0.005555555555555556,-37.15786808976464,-13.347209591175108,-18.920906488147867,0.005555555555555556
603,rating_only,27.166666666666668,28.0,0.8333333333333321,0.16666666666666666,0.16666666666666666,0.0,1500.0,40,rating_tier_board,-39.20546490546491,-13.528869086160753,-19.780549620132952,0.005555555555555556,-39.495933641975306,-13.540601851851852,-18.296766975308643,0.005208333333333333
603,rating_history,27.166666666666668,27.166666666666668,0.0,0.16666666666666666,0.16666666666666666,0.0,1500.0,40,height_management,-39.20546490546491,-13.528869086160753,-19.780549620132952,0.005555555555555556,-40.97387935526585,-13.803580157071536,-21.13146894851636,0.005208333333333333
604,control,26.666666666666668,26.0,-0.6666666666666679,0.16666666666666666,0.0,-0.16666666666666666,1500.0,40,ordinary_practice,-42.12487500958515,-13.492483321831148,-17.785096234951308,0.006172839506172839,-38.74689403319137,-13.075312571175123,-18.28261462084744,0.0
604,rating_only,26.666666666666668,26.0,-0.6666666666666679,0.16666666666666666,0.0,-0.16666666666666666,1500.0,40,rating_tier_board,-42.12487500958515,-13.492483321831148,-17.785096234951308,0.006172839506172839,-37.94689403319137,-13.069757015619569,-19.39116162939445,0.0
604,rating_history,26.666666666666668,26.0,-0.6666666666666679,0.16666666666666666,0.0,-0.16666666666666666,1500.0,40,surface_management,-42.12487500958515,-13.492483321831148,-17.785096234951308,0.006172839506172839,-37.97018261006767,-13.263536187099405,-18.091245225613044,0.0
605,control,25.666666666666668,26.666666666666668,1.0,0.0,0.16666666666666666,0.16666666666666666,1500.0,40,ordinary_practice,-40.08057929724596,-13.584271130104463,-20.217367046533713,0.0,-37.817580792936866,-13.463564348777991,-21.464693248613788,0.005747126436781609
605,rating_only,25.666666666666668,26.333333333333332,0.6666666666666643,0.0,0.0,0.0,1500.0,40,rating_tier_board,-40.08057929724596,-13.584271130104463,-20.217367046533713,0.0,-38.7964612443473,-13.813277554344522,-20.810350986492914,0.0
605,rating_history,25.666666666666668,27.833333333333332,2.1666666666666643,0.0,0.16666666666666666,0.16666666666666666,1500.0,40,hole_management,-40.08057929724596,-13.584271130104463,-20.217367046533713,0.0,-42.8088013136289,-13.675878489326765,-19.69997536945813,0.005747126436781609
606,control,29.5,26.333333333333332,-3.166666666666668,0.0,0.0,0.0,1500.0,40,ordinary_practice,-36.3255566149337,-13.460991931069795,-17.47464819817434,0.0,-37.556564577397914,-13.565187898521232,-23.04663546330213,0.0
606,rating_only,29.5,27.666666666666668,-1.8333333333333321,0.0,0.16666666666666666,0.16666666666666666,1500.0,40,rating_tier_board,-36.3255566149337,-13.460991931069795,-17.47464819817434,0.0,-36.92664142796327,-13.513527640941435,-20.029521680958464,0.006666666666666667
606,rating_history,29.5,26.333333333333332,-3.166666666666668,0.0,0.0,0.0,1500.0,40,surface_management,-36.3255566149337,-13.460991931069795,-17.47464819817434,0.0,-37.140847578347575,-13.565187898521232,-23.543074209740876,0.0
607,control,29.5,25.0,-4.5,0.5,0.0,-0.5,1500.0,40,ordinary_practice,-35.34070512820513,-12.868667656268462,-18.08102795501989,0.016487455197132617,-44.48412261105914,-13.2444793577977,-17.42745772006142,0.0
607,rating_only,29.5,25.5,-4.0,0.5,0.0,-0.5,1500.0,40,rating_tier_board,-35.34070512820513,-12.868667656268462,-18.08102795501989,0.016487455197132617,-44.90367072263624,-13.139104961662433,-16.80669030309835,0.0
607,rating_history,29.5,25.5,-4.0,0.5,0.0,-0.5,1500.0,40,hole_management,-35.34070512820513,-12.868667656268462,-18.08102795501989,0.016487455197132617,-45.17527566090784,-13.139104961662433,-16.6585421549502,0.0
608,control,27.5,27.5,0.0,0.16666666666666666,0.0,-0.16666666666666666,1500.0,40,ordinary_practice,-39.928858784893265,-13.16052324112669,-18.81694612858406,0.005952380952380952,-38.42306188175753,-14.067312706080822,-20.411575032589525,0.0
608,rating_only,27.5,27.166666666666668,-0.33333333333333215,0.16666666666666666,0.0,-0.16666666666666666,1500.0,40,rating_tier_board,-39.928858784893265,-13.16052324112669,-18.81694612858406,0.005952380952380952,-35.740801439939375,-13.223836508319266,-21.089239017687294,0.0
608,rating_history,27.5,29.166666666666668,1.6666666666666679,0.16666666666666666,0.0,-0.16666666666666666,1500.0,40,surface_management,-39.928858784893265,-13.16052324112669,-18.81694612858406,0.005952380952380952,-32.76483206448724,-12.860711051400706,-18.10585360999154,0.0
609,control,28.333333333333332,26.0,-2.333333333333332,0.3333333333333333,0.0,-0.3333333333333333,1500.0,40,ordinary_practice,-38.2618084873832,-12.651261839480231,-14.951442182764023,0.010101010101010102,-38.14446106362773,-13.451536087369421,-19.637196106362772,0.0
609,rating_only,28.333333333333332,29.0,0.6666666666666679,0.3333333333333333,0.3333333333333333,0.0,1500.0,40,rating_tier_board,-38.2618084873832,-12.651261839480231,-14.951442182764023,0.010101010101010102,-35.874729425060195,-13.439169610270621,-19.623969208577527,0.010101010101010102
609,rating_history,28.333333333333332,26.833333333333332,-1.5,0.3333333333333333,0.16666666666666666,-0.16666666666666666,1500.0,40,surface_management,-38.2618084873832,-12.651261839480231,-14.951442182764023,0.010101010101010102,-37.982110636277305,-13.673587369420703,-20.106149097815763,0.005555555555555556
610,control,25.333333333333332,27.166666666666668,1.8333333333333357,0.0,0.0,0.0,1500.0,40,ordinary_practice,-39.76550087593566,-13.155581302755216,-21.50266523331741,0.0,-38.35921589469815,-13.120363759918982,-16.94010369154047,0.0
610,rating_only,25.333333333333332,28.333333333333332,3.0,0.0,0.16666666666666666,0.16666666666666666,1500.0,40,rating_tier_board,-39.76550087593566,-13.155581302755216,-21.50266523331741,0.0,-36.309138078170335,-12.970962621607782,-19.507885873584797,0.005376344086021505
610,rating_history,25.333333333333332,28.333333333333332,3.0,0.0,0.16666666666666666,0.16666666666666666,1500.0,40,hole_management,-39.76550087593566,-13.155581302755216,-21.50266523331741,0.0,-36.309138078170335,-12.970962621607782,-19.507885873584797,0.005376344086021505
611,control,27.833333333333332,28.0,0.16666666666666785,0.0,0.3333333333333333,0.3333333333333333,1500.0,40,ordinary_practice,-36.17889002673949,-13.363612675655686,-18.318388519087442,0.0,-37.22181106579327,-12.775760996443235,-18.783764127494198,0.012043010752688172
611,rating_only,27.833333333333332,28.166666666666668,0.3333333333333357,0.0,0.16666666666666666,0.16666666666666666,1500.0,40,rating_tier_board,-36.17889002673949,-13.363612675655686,-18.318388519087442,0.0,-33.98224791289678,-12.808628992644566,-17.86021237060911,0.005376344086021505
611,rating_history,27.833333333333332,27.166666666666668,-0.6666666666666643,0.0,0.16666666666666666,0.16666666666666666,1500.0,40,surface_management,-36.17889002673949,-13.363612675655686,-18.318388519087442,0.0,-40.10116559165472,-13.14705018713171,-18.4588832815735,0.005208333333333333
612,control,26.5,25.666666666666668,-0.8333333333333321,0.0,0.16666666666666666,0.16666666666666666,1500.0,40,ordinary_practice,-38.42143408289242,-13.118138227513228,-17.907793209876544,0.0,-40.33119418895281,-13.196579761234934,-19.004563444218615,0.005747126436781609
612,rating_only,26.5,27.0,0.5,0.0,0.0,0.0,1500.0,40,rating_tier_board,-38.42143408289242,-13.118138227513228,-17.907793209876544,0.0,-36.25064967516242,-13.78771649889341,-21.4520054258585,0.0
612,rating_history,26.5,25.666666666666668,-0.8333333333333321,0.0,0.16666666666666666,0.16666666666666666,1500.0,40,surface_management,-38.42143408289242,-13.118138227513228,-17.907793209876544,0.0,-40.33119418895281,-13.196579761234934,-19.004563444218615,0.005747126436781609
613,control,24.333333333333332,27.0,2.666666666666668,0.0,0.0,0.0,1500.0,40,ordinary_practice,-41.36349591230026,-12.900197881828317,-17.85599498327759,0.0,-42.318961352657006,-13.901818495514148,-16.469713595583162,0.0
613,rating_only,24.333333333333332,29.833333333333332,5.5,0.0,0.3333333333333333,0.3333333333333333,1500.0,40,rating_tier_board,-41.36349591230026,-12.900197881828317,-17.85599498327759,0.0,-33.6892360443831,-13.910872758666876,-20.248053871583284,0.009009009009009009
613,rating_history,24.333333333333332,27.333333333333332,3.0,0.0,0.0,0.0,1500.0,40,height_management,-41.36349591230026,-12.900197881828317,-17.85599498327759,0.0,-38.98858265390523,-13.532578764085994,-19.1719021847637,0.0
614,control,27.166666666666668,26.666666666666668,-0.5,0.16666666666666666,0.16666666666666666,0.0,1500.0,40,ordinary_practice,-44.65686181634457,-13.464001515725654,-15.387962612100543,0.005747126436781609,-39.69662138627656,-13.256318107180176,-16.302755386376077,0.005747126436781609
614,rating_only,27.166666666666668,26.5,-0.6666666666666679,0.16666666666666666,0.0,-0.16666666666666666,1500.0,40,rating_tier_board,-44.65686181634457,-13.464001515725654,-15.387962612100543,0.005747126436781609,-39.188247803707576,-13.268327859879584,-16.310283043903734,0.0
614,rating_history,27.166666666666668,28.833333333333332,1.6666666666666643,0.16666666666666666,0.0,-0.16666666666666666,1500.0,40,surface_management,-44.65686181634457,-13.464001515725654,-15.387962612100543,0.005747126436781609,-36.268199605554365,-13.010635307346327,-16.119320919897195,0.0
615,control,26.833333333333332,28.333333333333332,1.5,0.0,0.3333333333333333,0.3333333333333333,1500.0,40,ordinary_practice,-33.83253360092441,-12.137765462506842,-17.694047162926474,0.0,-36.88011746376705,-13.332422714973315,-18.639245207319213,0.00980392156862745
615,rating_only,26.833333333333332,27.833333333333332,1.0,0.0,0.5,0.5,1500.0,40,rating_tier_board,-33.83253360092441,-12.137765462506842,-17.694047162926474,0.0,-38.658916473399394,-13.781239361289963,-19.35807135031202,0.01597676107480029
615,rating_history,26.833333333333332,28.166666666666668,1.3333333333333357,0.0,0.5,0.5,1500.0,40,height_management,-33.83253360092441,-12.137765462506842,-17.694047162926474,0.0,-38.60101964800257,-13.341852914403516,-19.086719091459763,0.01597676107480029
616,control,26.333333333333332,30.166666666666668,3.8333333333333357,0.0,0.6666666666666666,0.6666666666666666,1500.0,40,ordinary_practice,-39.2359711170056,-13.081189213085764,-18.524120247568522,0.0,-34.66488903370624,-13.28908982296079,-17.789509793273236,0.02103290974258716
616,rating_only,26.333333333333332,30.0,3.666666666666668,0.0,0.5,0.5,1500.0,40,rating_tier_board,-39.2359711170056,-13.081189213085764,-18.524120247568522,0.0,-33.898865056447555,-13.22989442066194,-17.587303638286212,0.015477354187031606
616,rating_history,26.333333333333332,30.166666666666668,3.8333333333333357,0.0,0.6666666666666666,0.6666666666666666,1500.0,40,surface_management,-39.2359711170056,-13.081189213085764,-18.524120247568522,0.0,-34.66488903370624,-13.28908982296079,-17.789509793273236,0.02103290974258716
617,control,28.666666666666668,27.5,-1.1666666666666679,0.0,0.0,0.0,1500.0,40,ordinary_practice,-32.8849282901007,-12.598120748982817,-18.071505601678016,0.0,-35.45059691053944,-13.185261813537675,-18.9252952624217,0.0
617,rating_only,28.666666666666668,27.333333333333332,-1.3333333333333357,0.0,0.16666666666666666,0.16666666666666666,1500.0,40,rating_tier_board,-32.8849282901007,-12.598120748982817,-18.071505601678016,0.0,-34.78586622011575,-13.174992839601705,-19.92272190181791,0.005747126436781609
617,rating_history,28.666666666666668,27.333333333333332,-1.3333333333333357,0.0,0.16666666666666666,0.16666666666666666,1500.0,40,hole_management,-32.8849282901007,-12.598120748982817,-18.071505601678016,0.0,-34.73031066456019,-13.140270617379482,-19.39494412404013,0.005747126436781609
618,control,26.166666666666668,26.833333333333332,0.6666666666666643,0.0,0.0,0.0,1500.0,40,ordinary_practice,-42.37416387959866,-13.466664675903806,-17.77978844826671,0.0,-36.39586352657005,-13.219366277509394,-20.77913177670424,0.0
618,rating_only,26.166666666666668,28.0,1.8333333333333321,0.0,0.3333333333333333,0.3333333333333333,1500.0,40,rating_tier_board,-42.37416387959866,-13.466664675903806,-17.77978844826671,0.0,-34.68753019323671,-12.823304378436742,-19.466092577751063,0.011328725038402458
618,rating_history,26.166666666666668,28.0,1.8333333333333321,0.0,0.3333333333333333,0.3333333333333333,1500.0,40,hole_management,-42.37416387959866,-13.466664675903806,-17.77978844826671,0.0,-34.68753019323671,-12.823304378436742,-19.466092577751063,0.011328725038402458
619,control,27.0,26.333333333333332,-0.6666666666666679,0.0,0.0,0.0,1500.0,40,ordinary_practice,-36.21762884837597,-13.14949048928934,-20.372744539411205,0.0,-37.933180076628354,-13.479616858237549,-20.357739463601533,0.0
619,rating_only,27.0,26.5,-0.5,0.0,0.0,0.0,1500.0,40,rating_tier_board,-36.21762884837597,-13.14949048928934,-20.372744539411205,0.0,-35.67866804692892,-13.063195188120226,-21.187957211870255,0.0
619,rating_history,27.0,26.333333333333332,-0.6666666666666679,0.0,0.0,0.0,1500.0,40,hole_management,-36.21762884837597,-13.14949048928934,-20.372744539411205,0.0,-36.413532763532764,-13.64075369075369,-20.54850211516878,0.0
620,control,27.333333333333332,27.166666666666668,-0.1666666666666643,0.16666666666666666,0.0,-0.16666666666666666,1500.0,40,ordinary_practice,-34.66376737808189,-13.220799504905688,-19.248010911082147,0.005208333333333333,-36.37154761904762,-13.201349206349207,-19.735674603174605,0.0
620,rating_only,27.333333333333332,25.0,-2.333333333333332,0.16666666666666666,0.0,-0.16666666666666666,1500.0,40,rating_tier_board,-34.66376737808189,-13.220799504905688,-19.248010911082147,0.005208333333333333,-40.95254496669414,-12.975196249277959,-17.862331956316215,0.0
620,rating_history,27.333333333333332,25.0,-2.333333333333332,0.16666666666666666,0.0,-0.16666666666666666,1500.0,40,hole_management,-34.66376737808189,-13.220799504905688,-19.248010911082147,0.005208333333333333,-40.95254496669414,-12.975196249277959,-17.862331956316215,0.0
621,control,24.0,29.666666666666668,5.666666666666668,0.0,0.16666666666666666,0.16666666666666666,1500.0,40,ordinary_practice,-40.18826568359177,-13.093401658727746,-20.862393753589405,0.0,-33.59376539408867,-13.008596363194064,-16.405011821139695,0.005208333333333333
621,rating_only,24.0,28.5,4.5,0.0,0.16666666666666666,0.16666666666666666,1500.0,40,rating_tier_board,-40.18826568359177,-13.093401658727746,-20.862393753589405,0.0,-35.24743998161337,-12.814664065772938,-17.047868518130617,0.005208333333333333
621,rating_history,24.0,27.666666666666668,3.666666666666668,0.0,0.0,0.0,1500.0,40,height_management,-40.18826568359177,-13.093401658727746,-20.862393753589405,0.0,-35.34047771672772,-12.760386904761905,-17.533174603174604,0.0
622,control,25.5,25.666666666666668,0.16666666666666785,0.0,0.3333333333333333,0.3333333333333333,1500.0,40,ordinary_practice,-35.78329926154139,-13.537136376866512,-21.826733062040407,0.0,-41.50124875124875,-13.468538406038405,-20.211524586524586,0.010101010101010102
622,rating_only,25.5,25.666666666666668,0.16666666666666785,0.0,0.3333333333333333,0.3333333333333333,1500.0,40,rating_tier_board,-35.78329926154139,-13.537136376866512,-21.826733062040407,0.0,-41.50124875124875,-13.468538406038405,-20.211524586524586,0.010101010101010102
622,rating_history,25.5,24.5,-1.0,0.0,0.0,0.0,1500.0,40,surface_management,-35.78329926154139,-13.537136376866512,-21.826733062040407,0.0,-35.51829064863173,-13.349891560629942,-22.25805091959515,0.0
623,control,30.0,28.0,-2.0,0.5,0.16666666666666666,-0.33333333333333337,1500.0,40,ordinary_practice,-36.002457589965495,-13.116533220217597,-16.757207530563,0.015359477124183006,-38.33518654477706,-14.129499152667256,-21.124623042187697,0.005208333333333333
623,rating_only,30.0,27.0,-3.0,0.5,0.3333333333333333,-0.16666666666666669,1500.0,40,rating_tier_board,-36.002457589965495,-13.116533220217597,-16.757207530563,0.015359477124183006,-40.32869744614872,-13.696862081779622,-19.47211522443906,0.011302681992337164
623,rating_history,30.0,27.833333333333332,-2.166666666666668,0.5,0.16666666666666666,-0.33333333333333337,1500.0,40,height_management,-36.002457589965495,-13.116533220217597,-16.757207530563,0.015359477124183006,-32.963753965311255,-12.79818137066932,-19.305010328559643,0.005555555555555556
624,control,28.166666666666668,29.666666666666668,1.5,0.3333333333333333,0.5,0.16666666666666669,1500.0,40,ordinary_practice,-35.772458616868384,-13.10589733433761,-20.081706826918083,0.010584677419354838,-35.88469095055117,-13.405173126275276,-19.242733805233804,0.013513513513513514
624,rating_only,28.166666666666668,26.333333333333332,-1.8333333333333357,0.3333333333333333,0.16666666666666666,-0.16666666666666666,1500.0,40,rating_tier_board,-35.772458616868384,-13.10589733433761,-20.081706826918083,0.010584677419354838,-37.95880004442223,-13.137497963980973,-19.6188610787199,0.006172839506172839
624,rating_history,28.166666666666668,27.166666666666668,-1.0,0.3333333333333333,0.0,-0.3333333333333333,1500.0,40,hole_management,-35.772458616868384,-13.10589733433761,-20.081706826918083,0.010584677419354838,-37.21653115008695,-13.226974213148667,-19.301699309870425,0.0
625,control,25.0,26.833333333333332,1.8333333333333321,0.0,0.0,0.0,1500.0,40,ordinary_practice,-36.82813051146385,-12.909656084656085,-20.034656084656085,0.0,-39.20015447515448,-13.398531098531098,-19.738775113775112,0.0
625,rating_only,25.0,26.5,1.5,0.0,0.0,0.0,1500.0,40,rating_tier_board,-36.82813051146385,-12.909656084656085,-20.034656084656085,0.0,-37.32055729562976,-12.854527673078397,-20.605731597977975,0.0
625,rating_history,25.0,25.5,0.5,0.0,0.0,0.0,1500.0,40,height_management,-36.82813051146385,-12.909656084656085,-20.034656084656085,0.0,-32.12141414141414,-12.558411033411033,-20.10691919191919,0.0
626,control,28.666666666666668,26.333333333333332,-2.3333333333333357,0.0,0.0,0.0,1500.0,40,ordinary_practice,-33.29514587944123,-13.472092678699052,-19.698526236113896,0.0,-37.9047082868822,-13.040969899665551,-19.043858231140838,0.0
626,rating_only,28.666666666666668,30.333333333333332,1.6666666666666643,0.0,0.5,0.5,1500.0,40,rating_tier_board,-33.29514587944123,-13.472092678699052,-19.698526236113896,0.0,-35.648896332517026,-13.775422330077502,-19.93937655075586,0.013513513513513514
626,rating_history,28.666666666666668,25.833333333333332,-2.8333333333333357,0.0,0.0,0.0,1500.0,40,hole_management,-33.29514587944123,-13.472092678699052,-19.698526236113896,0.0,-39.68634615384615,-13.443910256410255,-20.064594017094016,0.0
627,control,27.5,27.666666666666668,0.16666666666666785,0.16666666666666666,0.16666666666666666,0.0,1500.0,40,ordinary_practice,-41.96227149990591,-13.896923317622242,-17.19537168327491,0.005376344086021505,-34.78343289526085,-14.032024093986461,-24.053693747510952,0.006172839506172839
627,rating_only,27.5,26.666666666666668,-0.8333333333333321,0.16666666666666666,0.16666666666666666,0.0,1500.0,40,rating_tier_board,-41.96227149990591,-13.896923317622242,-17.19537168327491,0.005376344086021505,-37.1853217884065,-14.17464887311589,-24.578115752729698,0.005050505050505051
627,rating_history,27.5,25.666666666666668,-1.8333333333333321,0.16666666666666666,0.0,-0.16666666666666666,1500.0,40,hole_management,-41.96227149990591,-13.896923317622242,-17.19537168327491,0.005376344086021505,-36.932967401626826,-14.203499834840414,-26.59375335480408,0.0
628,control,26.666666666666668,27.0,0.33333333333333215,0.16666666666666666,0.3333333333333333,0.16666666666666666,1500.0,40,ordinary_practice,-36.762405353267425,-13.22749924280284,-20.483114943111193,0.006666666666666667,-41.52115073517372,-14.02663522939385,-20.168172591563398,0.01258309591642925
628,rating_only,26.666666666666668,27.0,0.33333333333333215,0.16666666666666666,0.0,-0.16666666666666666,1500.0,40,rating_tier_board,-36.762405353267425,-13.22749924280284,-20.483114943111193,0.006666666666666667,-39.63795985198284,-14.149379768805057,-21.59077468083215,0.0
628,rating_history,26.666666666666668,27.0,0.33333333333333215,0.16666666666666666,0.0,-0.16666666666666666,1500.0,40,height_management,-36.762405353267425,-13.22749924280284,-20.483114943111193,0.006666666666666667,-39.63795985198284,-14.149379768805057,-21.59077468083215,0.0
629,control,28.0,28.833333333333332,0.8333333333333321,0.16666666666666666,0.16666666666666666,0.0,1500.0,40,ordinary_practice,-40.10831839244196,-13.731850398696663,-20.087704055735664,0.005208333333333333,-34.46041666666667,-13.309259259259258,-18.333487654320987,0.005555555555555556
629,rating_only,28.0,28.0,0.0,0.16666666666666666,0.0,-0.16666666666666666,1500.0,40,rating_tier_board,-40.10831839244196,-13.731850398696663,-20.087704055735664,0.005208333333333333,-34.85568326947637,-13.342190911712603,-19.83428088822972,0.0
629,rating_history,28.0,28.333333333333332,0.33333333333333215,0.16666666666666666,0.0,-0.16666666666666666,1500.0,40,height_management,-40.10831839244196,-13.731850398696663,-20.087704055735664,0.005208333333333333,-34.11229000884173,-13.516067778914296,-21.79399002945318,0.0
630,control,25.333333333333332,27.333333333333332,2.0,0.0,0.16666666666666666,0.16666666666666666,1500.0,40,ordinary_practice,-39.053395061728395,-13.132098765432099,-18.706172839506173,0.0,-39.06671223911854,-13.480976773518003,-19.494725613383785,0.005555555555555556
630,rating_only,25.333333333333332,29.0,3.666666666666668,0.0,0.3333333333333333,0.3333333333333333,1500.0,40,rating_tier_board,-39.053395061728395,-13.132098765432099,-18.706172839506173,0.0,-34.119309647630004,-13.374064102035923,-17.998486880537307,0.010802469135802469
630,rating_history,25.333333333333332,29.0,3.666666666666668,0.0,0.3333333333333333,0.3333333333333333,1500.0,40,hole_management,-39.053395061728395,-13.132098765432099,-18.706172839506173,0.0,-34.119309647630004,-13.374064102035923,-17.998486880537307,0.010802469135802469
631,control,26.333333333333332,28.666666666666668,2.3333333333333357,0.0,0.0,0.0,1500.0,40,ordinary_practice,-36.245924310571986,-13.43048233459028,-19.97428255569185,0.0,-40.84883594082588,-13.807890325670499,-17.902534323116218,0.0
631,rating_only,26.333333333333332,27.333333333333332,1.0,0.0,0.3333333333333333,0.3333333333333333,1500.0,40,rating_tier_board,-36.245924310571986,-13.43048233459028,-19.97428255569185,0.0,-43.01563938828306,-13.444791564331794,-18.08286275665586,0.011302681992337164
631,rating_history,26.333333333333332,29.333333333333332,3.0,0.0,0.5,0.5,1500.0,40,height_management,-36.245924310571986,-13.43048233459028,-19.97428255569185,0.0,-40.29136141636142,-13.229161579161579,-15.567246642246642,0.016137566137566138
632,control,25.5,26.333333333333332,0.8333333333333321,0.0,0.16666666666666666,0.16666666666666666,1500.0,40,ordinary_practice,-42.28353038936372,-13.38974833808167,-18.398034188034188,0.0,-41.06961680295014,-13.383970658970659,-18.679182700016035,0.005555555555555556
632,rating_only,25.5,27.0,1.5,0.0,0.16666666666666666,0.16666666666666666,1500.0,40,rating_tier_board,-42.28353038936372,-13.38974833808167,-18.398034188034188,0.0,-40.06270755546118,-13.498046471778355,-19.943490352910644,0.005208333333333333
632,rating_history,25.5,27.0,1.5,0.0,0.16666666666666666,0.16666666666666666,1500.0,40,hole_management,-42.28353038936372,-13.38974833808167,-18.398034188034188,0.0,-39.06082349749016,-13.597744539411206,-21.8348778998779,0.005555555555555556
633,control,26.833333333333332,28.833333333333332,2.0,0.16666666666666666,0.3333333333333333,0.16666666666666666,1500.0,40,ordinary_practice,-39.996383712905455,-13.850690131124914,-20.760417529330574,0.005555555555555556,-33.7015587244999,-12.741423219119298,-17.471690763847626,0.009952465834818775
633,rating_only,26.833333333333332,28.833333333333332,2.0,0.16666666666666666,0.3333333333333333,0.16666666666666666,1500.0,40,rating_tier_board,-39.996383712905455,-13.850690131124914,-20.760417529330574,0.005555555555555556,-37.43870147820179,-13.048356349708342,-16.57697659709045,0.011074800290486565
633,rating_history,26.833333333333332,29.333333333333332,2.5,0.16666666666666666,0.5,0.33333333333333337,1500.0,40,hole_management,-39.996383712905455,-13.850690131124914,-20.760417529330574,0.005555555555555556,-33.7978550207962,-12.912410873440285,-18.046999405822934,0.015508021390374332
634,control,28.0,28.0,0.0,0.3333333333333333,0.0,-0.3333333333333333,1500.0,40,ordinary_practice,-38.933797992131325,-13.068562610229277,-18.157478632478632,0.011111111111111112,-34.90953635736244,-13.291226165139209,-16.501420198159327,0.0
634,rating_only,28.0,29.833333333333332,1.8333333333333321,0.3333333333333333,0.3333333333333333,0.0,1500.0,40,rating_tier_board,-38.933797992131325,-13.068562610229277,-18.157478632478632,0.011111111111111112,-35.93341543513957,-13.232567049808429,-15.165996168582375,0.009523809523809523
634,rating_history,28.0,26.0,-2.0,0.3333333333333333,0.0,-0.3333333333333333,1500.0,40,surface_management,-38.933797992131325,-13.068562610229277,-18.157478632478632,0.011111111111111112,-41.77057773006049,-13.524661441155693,-15.443605275099529,0.0
635,control,29.0,26.166666666666668,-2.833333333333332,0.5,0.0,-0.5,1500.0,40,ordinary_practice,-36.352685051031905,-12.950560707041436,-18.36930970089185,0.014705882352941176,-37.49845374931582,-13.579815422976342,-18.511945508727116,0.0
635,rating_only,29.0,28.333333333333332,-0.6666666666666679,0.5,0.0,-0.5,1500.0,40,rating_tier_board,-36.352685051031905,-12.950560707041436,-18.36930970089185,0.014705882352941176,-32.98477011494253,-12.854722374262604,-18.428331204767986,0.0
635,rating_history,29.0,26.166666666666668,-2.833333333333332,0.5,0.0,-0.5,1500.0,40,height_management,-36.352685051031905,-12.950560707041436,-18.36930970089185,0.014705882352941176,-37.49845374931582,-13.579815422976342,-18.511945508727116,0.0
636,control,25.666666666666668,27.166666666666668,1.5,0.0,0.0,0.0,1500.0,40,ordinary_practice,-38.382445542753544,-12.875725897146108,-19.19919438428934,0.0,-35.893010400415086,-12.56751660737305,-16.85295907814995,0.0
636,rating_only,25.666666666666668,26.5,0.8333333333333321,0.0,0.0,0.0,1500.0,40,rating_tier_board,-38.382445542753544,-12.875725897146108,-19.19919438428934,0.0,-37.051283911916094,-12.889244801601123,-17.11714987864413,0.0
636,rating_history,25.666666666666668,29.166666666666668,3.5,0.0,0.16666666666666666,0.16666666666666666,1500.0,40,hole_management,-38.382445542753544,-12.875725897146108,-19.19919438428934,0.0,-35.783096638775405,-13.066062297917137,-18.003185981680605,0.005376344086021505
637,control,28.0,25.833333333333332,-2.166666666666668,0.0,0.3333333333333333,0.3333333333333333,1500.0,40,ordinary_practice,-34.875962349513074,-12.907181197760908,-19.962173146231116,0.0,-39.00214351740214,-13.570031642208367,-20.467537287903667,0.010955459770114943
637,rating_only,28.0,25.833333333333332,-2.166666666666668,0.0,0.3333333333333333,0.3333333333333333,1500.0,40,rating_tier_board,-34.875962349513074,-12.907181197760908,-19.962173146231116,0.0,-39.00214351740214,-13.570031642208367,-20.467537287903667,0.010955459770114943
637,rating_history,28.0,27.333333333333332,-0.6666666666666679,0.0,0.16666666666666666,0.16666666666666666,1500.0,40,hole_management,-34.875962349513074,-12.907181197760908,-19.962173146231116,0.0,-37.74074134890227,-13.407802104238886,-18.682668612783555,0.005555555555555556
638,control,27.0,28.0,1.0,0.0,0.16666666666666666,0.16666666666666666,1500.0,40,ordinary_practice,-38.41875901875902,-13.1740564990565,-18.796794871794873,0.0,-38.16730907059911,-13.713387845727674,-18.77548213460474,0.005376344086021505
638,rating_only,27.0,27.333333333333332,0.33333333333333215,0.0,0.0,0.0,1500.0,40,rating_tier_board,-38.41875901875902,-13.1740564990565,-18.796794871794873,0.0,-33.160908897403154,-12.930977923736544,-18.88845922276957,0.0
638,rating_history,27.0,27.333333333333332,0.33333333333333215,0.0,0.0,0.0,1500.0,40,hole_management,-38.41875901875902,-13.1740564990565,-18.796794871794873,0.0,-33.14090889740315,-12.930977923736544,-18.88845922276957,0.0
639,control,27.666666666666668,28.5,0.8333333333333321,0.16666666666666666,0.16666666666666666,0.0,1500.0,40,ordinary_practice,-39.01898988293871,-13.4703593940357,-19.160977276338787,0.005952380952380952,-39.25751769138866,-13.511927518916766,-19.011484851269795,0.005376344086021505
639,rating_only,27.666666666666668,26.833333333333332,-0.8333333333333357,0.16666666666666666,0.16666666666666666,0.0,1500.0,40,rating_tier_board,-39.01898988293871,-13.4703593940357,-19.160977276338787,0.005952380952380952,-39.19014563346026,-13.5762541140054,-19.84773385065578,0.005376344086021505
639,rating_history,27.666666666666668,26.833333333333332,-0.8333333333333357,0.16666666666666666,0.16666666666666666,0.0,1500.0,40,hole_management,-39.01898988293871,-13.4703593940357,-19.160977276338787,0.005952380952380952,-39.19014563346026,-13.5762541140054,-19.84773385065578,0.005376344086021505
640,control,29.166666666666668,27.333333333333332,-1.8333333333333357,0.5,0.3333333333333333,-0.16666666666666669,1500.0,40,ordinary_practice,-40.663797590292155,-14.135994411854918,-18.496171689287632,0.01507936507936508,-39.11936730512926,-13.719951938296395,-21.85198425182667,0.011549183592194345
640,rating_only,29.166666666666668,25.5,-3.666666666666668,0.5,0.16666666666666666,-0.33333333333333337,1500.0,40,rating_tier_board,-40.663797590292155,-14.135994411854918,-18.496171689287632,0.01507936507936508,-39.08553042502318,-13.521226760357195,-23.418636851607864,0.006172839506172839
640,rating_history,29.166666666666668,27.333333333333332,-1.8333333333333357,0.5,0.8333333333333334,0.33333333333333337,1500.0,40,hole_management,-40.663797590292155,-14.135994411854918,-18.496171689287632,0.01507936507936508,-41.0292269856786,-13.661805199977243,-21.93757105101191,0.02583489787790863
641,control,26.0,26.833333333333332,0.8333333333333321,0.16666666666666666,0.3333333333333333,0.16666666666666666,1500.0,40,ordinary_practice,-41.949298515104964,-13.480428969676282,-19.469283723047166,0.005376344086021505,-40.85571869488536,-13.585114638447973,-18.679589947089948,0.012345679012345678
641,rating_only,26.0,25.833333333333332,-0.16666666666666785,0.16666666666666666,0.3333333333333333,0.16666666666666666,1500.0,40,rating_tier_board,-41.949298515104964,-13.480428969676282,-19.469283723047166,0.005376344086021505,-39.74149168801843,-13.268286987458652,-18.553741482433388,0.012345679012345678
641,rating_history,26.0,26.833333333333332,0.8333333333333321,0.16666666666666666,0.3333333333333333,0.16666666666666666,1500.0,40,hole_management,-41.949298515104964,-13.480428969676282,-19.469283723047166,0.005376344086021505,-40.85571869488536,-13.585114638447973,-18.679589947089948,0.012345679012345678
642,control,27.0,25.666666666666668,-1.3333333333333321,0.16666666666666666,0.0,-0.16666666666666666,1500.0,40,ordinary_practice,-39.894708505628046,-13.07020340238731,-18.444065034582277,0.006172839506172839,-40.227259117693904,-13.262642405903275,-17.805174656261613,0.0
642,rating_only,27.0,28.0,1.0,0.16666666666666666,0.3333333333333333,0.16666666666666666,1500.0,40,rating_tier_board,-39.894708505628046,-13.07020340238731,-18.444065034582277,0.006172839506172839,-38.64538439955107,-13.160381593714927,-17.387079124579124,0.010606060606060607
642,rating_history,27.0,29.0,2.0,0.16666666666666666,0.3333333333333333,0.16666666666666666,1500.0,40,height_management,-39.894708505628046,-13.07020340238731,-18.444065034582277,0.006172839506172839,-35.12477924374476,-13.263747650816615,-18.273493556252177,0.010606060606060607
643,control,25.833333333333332,29.0,3.166666666666668,0.0,0.3333333333333333,0.3333333333333333,1500.0,40,ordinary_practice,-41.102241187098755,-14.008076346442163,-18.563406373736207,0.0,-34.51279174960717,-13.449349728673303,-18.288110041373116,0.009952465834818775
643,rating_only,25.833333333333332,29.0,3.166666666666668,0.0,0.3333333333333333,0.3333333333333333,1500.0,40,rating_tier_board,-41.102241187098755,-14.008076346442163,-18.563406373736207,0.0,-33.038053882845546,-12.635755525338858,-16.934183447725115,0.010258838383838384
643,rating_history,25.833333333333332,29.166666666666668,3.3333333333333357,0.0,0.0,0.0,1500.0,40,surface_management,-41.102241187098755,-14.008076346442163,-18.563406373736207,0.0,-33.79985732604128,-13.193188673040591,-19.026117886717163,0.0
644,control,29.666666666666668,24.666666666666668,-5.0,0.3333333333333333,0.0,-0.3333333333333333,1500.0,40,ordinary_practice,-36.67043976331727,-13.21450840439995,-16.967801801384255,0.010584677419354838,-39.21134307185032,-13.157831071236869,-18.811534774940572,0.0
644,rating_only,29.666666666666668,26.833333333333332,-2.8333333333333357,0.3333333333333333,0.0,-0.3333333333333333,1500.0,40,rating_tier_board,-36.67043976331727,-13.21450840439995,-16.967801801384255,0.010584677419354838,-37.66803746275011,-13.61301161588518,-21.05468101927872,0.0
644,rating_history,29.666666666666668,25.5,-4.166666666666668,0.3333333333333333,0.0,-0.3333333333333333,1500.0,40,surface_management,-36.67043976331727,-13.21450840439995,-16.967801801384255,0.010584677419354838,-38.58691179191179,-12.98533337033337,-18.97667955501289,0.0
645,control,26.666666666666668,28.5,1.8333333333333321,0.0,0.0,0.0,1500.0,40,ordinary_practice,-36.34257226710719,-13.38871900855128,-18.812274256390324,0.0,-38.52057597574839,-13.204941897183277,-17.258771209633277,0.0
645,rating_only,26.666666666666668,29.833333333333332,3.1666666666666643,0.0,0.3333333333333333,0.3333333333333333,1500.0,40,rating_tier_board,-36.34257226710719,-13.38871900855128,-18.812274256390324,0.0,-39.2888619630277,-13.16761365141162,-15.920343757172873,0.010416666666666666
645,rating_history,26.666666666666668,28.5,1.8333333333333321,0.0,0.0,0.0,1500.0,40,hole_management,-36.34257226710719,-13.38871900855128,-18.812274256390324,0.0,-38.52057597574839,-13.204941897183277,-17.258771209633277,0.0
646,control,26.833333333333332,27.0,0.16666666666666785,0.0,0.0,0.0,1500.0,40,ordinary_practice,-36.96210103302494,-13.359024278861236,-18.746148205659075,0.0,-38.114556915090844,-13.2090730441231,-19.134145390822255,0.0
646,rating_only,26.833333333333332,27.0,0.16666666666666785,0.0,0.16666666666666666,0.16666666666666666,1500.0,40,rating_tier_board,-36.96210103302494,-13.359024278861236,-18.746148205659075,0.0,-41.425620542821136,-13.650210271093659,-17.615934157611022,0.006172839506172839
646,rating_history,26.833333333333332,27.666666666666668,0.8333333333333357,0.0,0.0,0.0,1500.0,40,surface_management,-36.96210103302494,-13.359024278861236,-18.746148205659075,0.0,-38.247178699436766,-13.00526625704045,-16.929276753712237,0.0
647,control,29.0,28.166666666666668,-0.8333333333333321,0.3333333333333333,0.3333333333333333,0.0,1500.0,40,ordinary_practice,-37.66648089120706,-13.972302714189123,-19.361064747738176,0.009663865546218488,-40.08106637426623,-13.5035272704609,-17.60359987408189,0.011123470522803115
647,rating_only,29.0,26.666666666666668,-2.333333333333332,0.3333333333333333,0.16666666666666666,-0.16666666666666666,1500.0,40,rating_tier_board,-37.66648089120706,-13.972302714189123,-19.361064747738176,0.009663865546218488,-36.78572057434868,-12.783026403141346,-18.091719359342644,0.005747126436781609
647,rating_history,29.0,27.5,-1.5,0.3333333333333333,0.0,-0.3333333333333333,1500.0,40,surface_management,-37.66648089120706,-13.972302714189123,-19.361064747738176,0.009663865546218488,-37.408986802894844,-13.148390804597701,-18.56064282673478,0.0
648,control,25.0,28.333333333333332,3.333333333333332,0.16666666666666666,0.5,0.33333333333333337,1500.0,40,ordinary_practice,-37.49487768936045,-12.86203549324239,-20.969568860258516,0.006666666666666667,-39.1828190966122,-13.680830185140529,-19.63966062672959,0.01584813653779171
648,rating_only,25.0,28.0,3.0,0.16666666666666666,0.3333333333333333,0.16666666666666666,1500.0,40,rating_tier_board,-37.49487768936045,-12.86203549324239,-20.969568860258516,0.006666666666666667,-35.45838578620188,-12.991103764264684,-19.134123970963053,0.010101010101010102
648,rating_history,25.0,28.0,3.0,0.16666666666666666,0.3333333333333333,0.16666666666666666,1500.0,40,hole_management,-37.49487768936045,-12.86203549324239,-20.969568860258516,0.006666666666666667,-35.45838578620188,-12.991103764264684,-19.134123970963053,0.010101010101010102
649,control,27.166666666666668,29.166666666666668,2.0,0.3333333333333333,0.16666666666666666,-0.16666666666666666,1500.0,40,ordinary_practice,-40.477359584859585,-13.343382173382173,-17.36484126984127,0.011507936507936507,-39.202541484939346,-13.791928609558857,-17.564706046597912,0.005050505050505051
649,rating_only,27.166666666666668,29.166666666666668,2.0,0.3333333333333333,0.16666666666666666,-0.16666666666666666,1500.0,40,rating_tier_board,-40.477359584859585,-13.343382173382173,-17.36484126984127,0.011507936507936507,-39.249416484939346,-13.791928609558857,-17.549081046597912,0.005050505050505051
649,rating_history,27.166666666666668,27.666666666666668,0.5,0.3333333333333333,0.3333333333333333,0.0,1500.0,40,surface_management,-40.477359584859585,-13.343382173382173,-17.36484126984127,0.011507936507936507,-38.29256792734585,-13.133952815259036,-18.791333648651865,0.011904761904761904
650,control,25.666666666666668,26.333333333333332,0.6666666666666643,0.3333333333333333,0.0,-0.3333333333333333,1500.0,40,ordinary_practice,-40.06108460505012,-13.190367678298713,-18.766987610091057,0.011494252873563218,-39.75165174331841,-13.51704483787817,-19.99728835978836,0.0
650,rating_only,25.666666666666668,26.166666666666668,0.5,0.3333333333333333,0.0,-0.3333333333333333,1500.0,40,rating_tier_board,-40.06108460505012,-13.190367678298713,-18.766987610091057,0.011494252873563218,-39.65322179162759,-13.373023098747737,-19.49638256268691,0.0
650,rating_history,25.666666666666668,26.166666666666668,0.5,0.3333333333333333,0.0,-0.3333333333333333,1500.0,40,hole_management,-40.06108460505012,-13.190367678298713,-18.766987610091057,0.011494252873563218,-38.66168792892931,-13.283527535682708,-19.089696223316913,0.0
651,control,26.166666666666668,26.666666666666668,0.5,0.16666666666666666,0.0,-0.16666666666666666,1500.0,40,ordinary_practice,-39.65565239358343,-12.830620184413288,-17.8004717696097,0.006666666666666667,-37.37754782254782,-13.174942341609007,-21.570448378781713,0.0
651,rating_only,26.166666666666668,25.833333333333332,-0.3333333333333357,0.16666666666666666,0.16666666666666666,0.0,1500.0,40,rating_tier_board,-39.65565239358343,-12.830620184413288,-17.8004717696097,0.006666666666666667,-41.49770569260824,-12.990039071373404,-17.18360138112762,0.007246376811594203
651,rating_history,26.166666666666668,24.333333333333332,-1.8333333333333357,0.16666666666666666,0.0,-0.16666666666666666,1500.0,40,surface_management,-39.65565239358343,-12.830620184413288,-17.8004717696097,0.006666666666666667,-37.56098629765297,-13.29924297924298,-21.919594356261022,0.0
652,control,26.833333333333332,25.833333333333332,-1.0,0.0,0.0,0.0,1500.0,40,ordinary_practice,-34.19692520548843,-13.070714215541802,-20.683401856763926,0.0,-34.66444444444445,-12.846666666666668,-19.934444444444445,0.0
652,rating_only,26.833333333333332,27.666666666666668,0.8333333333333357,0.0,0.8333333333333334,0.8333333333333334,1500.0,40,rating_tier_board,-34.19692520548843,-13.070714215541802,-20.683401856763926,0.0,-45.471429188095854,-14.044145360812028,-19.48659180325847,0.02766246099579433
652,rating_history,26.833333333333332,28.333333333333332,1.5,0.0,0.16666666666666666,0.16666666666666666,1500.0,40,height_management,-34.19692520548843,-13.070714215541802,-20.683401856763926,0.0,-39.73837377899878,-13.688667582417583,-20.68597374847375,0.005208333333333333
653,control,26.666666666666668,25.166666666666668,-1.5,0.0,0.16666666666666666,0.16666666666666666,1500.0,40,ordinary_practice,-37.12656164822832,-12.866661054994388,-16.309173480840148,0.0,-36.23711105621432,-12.890772672375933,-18.810914031620555,0.005208333333333333
653,rating_only,26.666666666666668,25.166666666666668,-1.5,0.0,0.0,0.0,1500.0,40,rating_tier_board,-37.12656164822832,-12.866661054994388,-16.309173480840148,0.0,-39.2100892599081,-13.19564996195431,-17.428035397238297,0.0
653,rating_history,26.666666666666668,25.166666666666668,-1.5,0.0,0.16666666666666666,0.16666666666666666,1500.0,40,surface_management,-37.12656164822832,-12.866661054994388,-16.309173480840148,0.0,-36.94377772288098,-12.890772672375933,-18.538186758893282,0.005208333333333333
654,control,25.166666666666668,25.666666666666668,0.5,0.0,0.16666666666666666,0.16666666666666666,1500.0,40,ordinary_practice,-41.96597423510467,-13.914814814814815,-19.30132045088567,0.0,-42.40531425364759,-13.647580373628761,-19.523084609536223,0.005376344086021505
654,rating_only,25.166666666666668,25.666666666666668,0.5,0.0,0.16666666666666666,0.16666666666666666,1500.0,40,rating_tier_board,-41.96597423510467,-13.914814814814815,-19.30132045088567,0.0,-42.34975869809203,-13.647580373628761,-19.550862387314,0.005376344086021505
654,rating_history,25.166666666666668,26.5,1.3333333333333321,0.0,0.3333333333333333,0.3333333333333333,1500.0,40,height_management,-41.96597423510467,-13.914814814814815,-19.30132045088567,0.0,-41.885299009481436,-13.832640628435957,-19.96019728108994,0.011123470522803115
655,control,28.166666666666668,25.833333333333332,-2.3333333333333357,0.5,0.0,-0.5,1500.0,40,ordinary_practice,-39.765398196417564,-13.22765411040049,-17.153632567578317,0.015625,-36.58771072796935,-13.15718816517667,-20.79428373776075,0.0
655,rating_only,28.166666666666668,28.0,-0.16666666666666785,0.5,0.3333333333333333,-0.16666666666666669,1500.0,40,rating_tier_board,-39.765398196417564,-13.22765411040049,-17.153632567578317,0.015625,-38.31345633588867,-13.873355445588482,-21.6028251555226,0.01075268817204301
655,rating_history,28.166666666666668,26.333333333333332,-1.8333333333333357,0.5,0.0,-0.5,1500.0,40,hole_management,-39.765398196417564,-13.22765411040049,-17.153632567578317,0.015625,-37.198735246235245,-13.305849952516619,-21.282971102971104,0.0
656,control,30.666666666666668,27.5,-3.166666666666668,1.0,0.0,-1.0,1500.0,40,ordinary_practice,-42.48157113157113,-14.092537042537042,-17.97952347952348,0.028592878592878592,-35.805589028962224,-13.250831685411775,-18.005565168431318,0.0
656,rating_only,30.666666666666668,28.5,-2.166666666666668,1.0,0.0,-1.0,1500.0,40,rating_tier_board,-42.48157113157113,-14.092537042537042,-17.97952347952348,0.028592878592878592,-32.3836315041404,-13.126591936366687,-19.669961774105268,0.0
656,rating_history,30.666666666666668,28.5,-2.166666666666668,1.0,0.0,-1.0,1500.0,40,hole_management,-42.48157113157113,-14.092537042537042,-17.97952347952348,0.028592878592878592,-32.3836315041404,-13.126591936366687,-19.669961774105268,0.0
657,control,26.833333333333332,26.666666666666668,-0.1666666666666643,0.5,0.0,-0.5,1500.0,40,ordinary_practice,-36.82231444883619,-12.939705753184015,-19.272942468159858,0.015151515151515152,-38.275210837804536,-13.834387705414692,-20.81956890144671,0.0
657,rating_only,26.833333333333332,29.833333333333332,3.0,0.5,0.5,0.0,1500.0,40,rating_tier_board,-36.82231444883619,-12.939705753184015,-19.272942468159858,0.015151515151515152,-37.94904201732159,-13.669982639572693,-19.21701583089352,0.014900153609831029
657,rating_history,26.833333333333332,26.666666666666668,-0.1666666666666643,0.5,0.0,-0.5,1500.0,40,hole_management,-36.82231444883619,-12.939705753184015,-19.272942468159858,0.015151515151515152,-38.12201499982609,-13.834387705414692,-20.849037500480527,0.0
658,control,26.5,29.0,2.5,0.16666666666666666,0.3333333333333333,0.16666666666666666,1500.0,40,ordinary_practice,-35.813509115405665,-12.854111405835544,-20.470541029851375,0.005747126436781609,-37.19749075031748,-13.44162231306817,-16.47743052167559,0.008771929824561403
658,rating_only,26.5,28.0,1.5,0.16666666666666666,0.16666666666666666,0.0,1500.0,40,rating_tier_board,-35.813509115405665,-12.854111405835544,-20.470541029851375,0.005747126436781609,-36.05947854518489,-13.202043422733077,-16.442043784776452,0.005747126436781609
658,rating_history,26.5,28.0,1.5,0.16666666666666666,0.16666666666666666,0.0,1500.0,40,hole_management,-35.813509115405665,-12.854111405835544,-20.470541029851375,0.005747126436781609,-35.47923163160464,-13.12179650915283,-16.367969710702376,0.005747126436781609
659,control,27.333333333333332,27.666666666666668,0.3333333333333357,0.0,0.16666666666666666,0.16666666666666666,1500.0,40,ordinary_practice,-33.4007172595391,-13.16511705620901,-19.13616511415362,0.0,-37.11088205897052,-13.21960448347255,-19.986783394017277,0.005952380952380952
659,rating_only,27.333333333333332,28.666666666666668,1.3333333333333357,0.0,0.16666666666666666,0.16666666666666666,1500.0,40,rating_tier_board,-33.4007172595391,-13.16511705620901,-19.13616511415362,0.0,-39.576023869359055,-13.726305732609033,-18.60036676063743,0.005952380952380952
659,rating_history,27.333333333333332,28.666666666666668,1.3333333333333357,0.0,0.16666666666666666,0.16666666666666666,1500.0,40,hole_management,-33.4007172595391,-13.16511705620901,-19.13616511415362,0.0,-39.576023869359055,-13.726305732609033,-18.60036676063743,0.005952380952380952
660,control,26.833333333333332,26.333333333333332,-0.5,0.6666666666666666,0.0,-0.6666666666666666,1500.0,40,ordinary_practice,-39.09626436781609,-13.152702517788725,-16.971784345922277,0.023002189381499727,-39.29936691554508,-13.549714608507712,-19.218750532141335,0.0
660,rating_only,26.833333333333332,27.833333333333332,1.0,0.6666666666666666,0.0,-0.6666666666666666,1500.0,40,rating_tier_board,-39.09626436781609,-13.152702517788725,-16.971784345922277,0.023002189381499727,-37.71918743009448,-13.457691392399038,-18.5483984198377,0.0
660,rating_history,26.833333333333332,26.666666666666668,-0.1666666666666643,0.6666666666666666,0.16666666666666666,-0.5,1500.0,40,height_management,-39.09626436781609,-13.152702517788725,-16.971784345922277,0.023002189381499727,-39.22407014441497,-13.731160477453582,-19.291269525493664,0.005555555555555556
661,control,26.5,27.333333333333332,0.8333333333333321,0.0,0.5,0.5,1500.0,40,ordinary_practice,-40.98202824208571,-13.536571559560066,-19.894078728848843,0.0,-40.757529799914856,-13.98291672806759,-19.604295608605952,0.018028846153846156
661,rating_only,26.5,26.666666666666668,0.16666666666666785,0.0,0.0,0.0,1500.0,40,rating_tier_board,-40.98202824208571,-13.536571559560066,-19.894078728848843,0.0,-38.94126848460182,-13.508287884954552,-20.802720458553793,0.0
661,rating_history,26.5,24.0,-2.5,0.0,0.0,0.0,1500.0,40,hole_management,-40.98202824208571,-13.536571559560066,-19.894078728848843,0.0,-41.43296296296296,-13.215032206119163,-20.551832681542827,0.0
662,control,26.5,26.0,-0.5,0.0,0.5,0.5,1500.0,40,ordinary_practice,-44.50341669824428,-13.568020913739304,-17.565776598880046,0.0,-43.166415314422565,-13.928260869565218,-20.429673500144514,0.01728395061728395
662,rating_only,26.5,26.333333333333332,-0.16666666666666785,0.0,0.0,0.0,1500.0,40,rating_tier_board,-44.50341669824428,-13.568020913739304,-17.565776598880046,0.0,-34.51951566951567,-12.822497625830959,-21.162716049382716,0.0
662,rating_history,26.5,26.166666666666668,-0.33333333333333215,0.0,0.5,0.5,1500.0,40,height_management,-44.50341669824428,-13.568020913739304,-17.565776598880046,0.0,-42.924869420702755,-13.970833333333333,-20.75002374169041,0.01728395061728395
663,control,28.333333333333332,28.333333333333332,0.0,0.3333333333333333,0.5,0.16666666666666669,1500.0,40,ordinary_practice,-37.0359015984016,-13.436258186258186,-20.557165057165058,0.010101010101010102,-39.37628125324204,-13.393369502683228,-17.62531830914184,0.014425770308123248
663,rating_only,28.333333333333332,27.0,-1.3333333333333321,0.3333333333333333,0.0,-0.3333333333333333,1500.0,40,rating_tier_board,-37.0359015984016,-13.436258186258186,-20.557165057165058,0.010101010101010102,-38.3042359235129,-13.25029371259071,-17.650116355032928,0.0
663,rating_history,28.333333333333332,28.166666666666668,-0.1666666666666643,0.3333333333333333,0.5,0.16666666666666669,1500.0,40,hole_management,-37.0359015984016,-13.436258186258186,-20.557165057165058,0.010101010101010102,-37.04936078079194,-13.74902887250332,-19.693266731643924,0.013980263157894737
664,control,26.666666666666668,28.833333333333332,2.1666666666666643,0.0,0.16666666666666666,0.16666666666666666,1500.0,40,ordinary_practice,-42.129744244686776,-13.43403330386089,-17.725094557422143,0.0,-37.2360639969847,-13.957233707401718,-21.044317502986857,0.005952380952380952
664,rating_only,26.666666666666668,28.166666666666668,1.5,0.0,0.3333333333333333,0.3333333333333333,1500.0,40,rating_tier_board,-42.129744244686776,-13.43403330386089,-17.725094557422143,0.0,-38.44950295000698,-13.918593335428014,-20.57081762323698,0.011904761904761904
664,rating_history,26.666666666666668,27.5,0.8333333333333321,0.0,0.0,0.0,1500.0,40,hole_management,-42.129744244686776,-13.43403330386089,-17.725094557422143,0.0,-34.521377836722664,-13.246935988660127,-20.452196749610543,0.0
665,control,28.833333333333332,28.333333333333332,-0.5,0.16666666666666666,0.16666666666666666,0.0,1500.0,40,ordinary_practice,-39.41238633755319,-14.202309123332482,-18.05027925047391,0.005050505050505051,-38.701340388007054,-13.54778659611993,-18.994938271604937,0.005952380952380952
665,rating_only,28.833333333333332,28.0,-0.8333333333333321,0.16666666666666666,0.16666666666666666,0.0,1500.0,40,rating_tier_board,-39.41238633755319,-14.202309123332482,-18.05027925047391,0.005050505050505051,-43.23289188738964,-14.61471116293705,-19.329460269865066,0.005747126436781609
665,rating_history,28.833333333333332,28.166666666666668,-0.6666666666666643,0.16666666666666666,0.3333333333333333,0.16666666666666666,1500.0,40,height_management,-39.41238633755319,-14.202309123332482,-18.05027925047391,0.005050505050505051,-38.85294642857143,-14.462250843824119,-20.741516678829896,0.011160714285714286
666,control,25.0,27.166666666666668,2.166666666666668,0.0,0.0,0.0,1500.0,40,ordinary_practice,-42.26777777777778,-13.554906328239662,-18.830009496676162,0.0,-37.283816026459704,-13.392302452762223,-20.081144185741888,0.0
666,rating_only,25.0,24.5,-0.5,0.0,0.0,0.0,1500.0,40,rating_tier_board,-42.26777777777778,-13.554906328239662,-18.830009496676162,0.0,-40.136599326599324,-13.425462962962964,-20.80935185185185,0.0
666,rating_history,25.0,26.166666666666668,1.1666666666666679,0.0,0.0,0.0,1500.0,40,height_management,-42.26777777777778,-13.554906328239662,-18.830009496676162,0.0,-40.58978598561932,-13.454093745760412,-19.456840998507666,0.0
667,control,29.0,25.166666666666668,-3.833333333333332,0.16666666666666666,0.0,-0.16666666666666666,1500.0,40,ordinary_practice,-32.31119601028203,-13.06510408746968,-17.149299368492915,0.005376344086021505,-32.92253278122843,-12.15613258185722,-18.744038033893105,0.0
667,rating_only,29.0,27.5,-1.5,0.16666666666666666,0.16666666666666666,0.0,1500.0,40,rating_tier_board,-32.31119601028203,-13.06510408746968,-17.149299368492915,0.005376344086021505,-36.05498164112388,-12.834106268624947,-16.353915229885057,0.005208333333333333
667,rating_history,29.0,27.666666666666668,-1.3333333333333321,0.16666666666666666,0.16666666666666666,0.0,1500.0,40,hole_management,-32.31119601028203,-13.06510408746968,-17.149299368492915,0.005376344086021505,-37.429632904345546,-13.131620656908012,-18.74986246193143,0.005555555555555556
668,control,29.166666666666668,28.166666666666668,-1.0,0.5,0.3333333333333333,-0.16666666666666669,1500.0,40,ordinary_practice,-38.33069592315977,-13.789055495720309,-20.14547714195471,0.01649981460882462,-39.82939562972524,-13.675460942533288,-19.676871117075645,0.00980392156862745
668,rating_only,29.166666666666668,25.5,-3.666666666666668,0.5,0.16666666666666666,-0.33333333333333337,1500.0,40,rating_tier_board,-38.33069592315977,-13.789055495720309,-20.14547714195471,0.01649981460882462,-41.83230121304834,-13.007431266051956,-17.957613480601985,0.006410256410256411
668,rating_history,29.166666666666668,26.333333333333332,-2.8333333333333357,0.5,0.16666666666666666,-0.33333333333333337,1500.0,40,hole_management,-38.33069592315977,-13.789055495720309,-20.14547714195471,0.01649981460882462,-40.66144814317228,-12.966874353828377,-17.619657715634727,0.005747126436781609
669,control,26.166666666666668,27.333333333333332,1.1666666666666643,0.16666666666666666,0.16666666666666666,0.0,1500.0,40,ordinary_practice,-42.20392745185849,-13.884762651141962,-18.85029855202269,0.005747126436781609,-44.936766159930784,-14.022532752440984,-17.695939589942185,0.006944444444444444
669,rating_only,26.166666666666668,29.333333333333332,3.1666666666666643,0.16666666666666666,0.3333333333333333,0.16666666666666666,1500.0,40,rating_tier_board,-42.20392745185849,-13.884762651141962,-18.85029855202269,0.005747126436781609,-35.03248190719455,-13.037335036185612,-17.094018731375055,0.011919965942954448
669,rating_history,26.166666666666668,27.666666666666668,1.5,0.16666666666666666,0.3333333333333333,0.16666666666666666,1500.0,40,hole_management,-42.20392745185849,-13.884762651141962,-18.85029855202269,0.005747126436781609,-37.12918645073068,-14.07297661608756,-22.12512740882306,0.009523809523809523
670,control,25.666666666666668,28.166666666666668,2.5,0.0,0.16666666666666666,0.16666666666666666,1500.0,40,ordinary_practice,-40.53898282340312,-13.449989087670247,-19.79773112019489,0.0,-38.15916973430496,-13.493560642647864,-18.45182130962219,0.005747126436781609
670,rating_only,25.666666666666668,29.666666666666668,4.0,0.0,0.3333333333333333,0.3333333333333333,1500.0,40,rating_tier_board,-40.53898282340312,-13.449989087670247,-19.79773112019489,0.0,-37.16417795417795,-13.499473716140383,-18.387827174493843,0.009009009009009009
670,rating_history,25.666666666666668,28.166666666666668,2.5,0.0,0.16666666666666666,0.16666666666666666,1500.0,40,height_management,-40.53898282340312,-13.449989087670247,-19.79773112019489,0.0,-38.15916973430496,-13.493560642647864,-18.45182130962219,0.005747126436781609
671,control,25.666666666666668,27.666666666666668,2.0,0.0,0.0,0.0,1500.0,40,ordinary_practice,-39.19907788779603,-13.305223532922184,-21.249227492480866,0.0,-34.83411166313465,-12.761538110676042,-16.83558177667373,0.0
671,rating_only,25.666666666666668,28.333333333333332,2.6666666666666643,0.0,0.3333333333333333,0.3333333333333333,1500.0,40,rating_tier_board,-39.19907788779603,-13.305223532922184,-21.249227492480866,0.0,-36.57497051559552,-13.226439671439671,-18.680834096459098,0.010258838383838384
671,rating_history,25.666666666666668,28.166666666666668,2.5,0.0,0.16666666666666666,0.16666666666666666,1500.0,40,hole_management,-39.19907788779603,-13.305223532922184,-21.249227492480866,0.0,-36.325580592247256,-13.164771648104981,-19.355603038936373,0.005050505050505051
672,control,26.166666666666668,27.833333333333332,1.6666666666666643,0.0,0.3333333333333333,0.3333333333333333,1500.0,40,ordinary_practice,-35.04614242786286,-12.949803979373872,-20.59789329547394,0.0,-41.379808101647185,-13.358984183122114,-17.27159675148181,0.011494252873563218
672,rating_only,26.166666666666668,27.833333333333332,1.6666666666666643,0.0,0.3333333333333333,0.3333333333333333,1500.0,40,rating_tier_board,-35.04614242786286,-12.949803979373872,-20.59789329547394,0.0,-40.87363526214101,-13.247873072011004,-17.47530045518551,0.011494252873563218
672,rating_history,26.166666666666668,27.833333333333332,1.6666666666666643,0.0,0.16666666666666666,0.16666666666666666,1500.0,40,hole_management,-35.04614242786286,-12.949803979373872,-20.59789329547394,0.0,-38.01259783213806,-13.239031339031339,-18.308044339653534,0.005747126436781609
673,control,29.833333333333332,26.833333333333332,-3.0,0.3333333333333333,0.0,-0.3333333333333333,1500.0,40,ordinary_practice,-37.02673948910508,-13.670250168738072,-19.742113596280262,0.010101010101010102,-39.10844340844341,-13.67894327894328,-20.10551238884572,0.0
673,rating_only,29.833333333333332,29.0,-0.8333333333333321,0.3333333333333333,0.16666666666666666,-0.16666666666666666,1500.0,40,rating_tier_board,-37.02673948910508,-13.670250168738072,-19.742113596280262,0.010101010101010102,-35.10198728474591,-13.217372748991213,-18.02995069138006,0.005747126436781609
673,rating_history,29.833333333333332,26.833333333333332,-3.0,0.3333333333333333,0.3333333333333333,0.0,1500.0,40,hole_management,-37.02673948910508,-13.670250168738072,-19.742113596280262,0.010101010101010102,-41.92422947422948,-13.879336096002763,-18.619291202624535,0.011111111111111112
674,control,27.333333333333332,26.333333333333332,-1.0,0.16666666666666666,0.3333333333333333,0.16666666666666666,1500.0,40,ordinary_practice,-39.404452409398644,-13.49762399289281,-20.823471800998682,0.005376344086021505,-39.95438882105549,-13.339110025776693,-17.540042735042736,0.012345679012345678
674,rating_only,27.333333333333332,27.333333333333332,0.0,0.16666666666666666,0.3333333333333333,0.16666666666666666,1500.0,40,rating_tier_board,-39.404452409398644,-13.49762399289281,-20.823471800998682,0.005376344086021505,-39.801519468186136,-13.272260208926875,-17.288974358974357,0.012345679012345678
674,rating_history,27.333333333333332,26.166666666666668,-1.1666666666666643,0.16666666666666666,0.16666666666666666,0.0,1500.0,40,surface_management,-39.404452409398644,-13.49762399289281,-20.823471800998682,0.005376344086021505,-37.85840511978443,-12.83426139952002,-17.85481895499137,0.005952380952380952
675,control,26.0,26.333333333333332,0.33333333333333215,0.0,0.16666666666666666,0.16666666666666666,1500.0,40,ordinary_practice,-37.36521739130435,-13.668821999256782,-21.36301374953549,0.0,-40.84413712455942,-13.211654754633265,-17.62503437434722,0.005952380952380952
675,rating_only,26.0,27.5,1.5,0.0,0.0,0.0,1500.0,40,rating_tier_board,-37.36521739130435,-13.668821999256782,-21.36301374953549,0.0,-39.316838191608305,-13.970769558240823,-20.37195523931156,0.0
675,rating_history,26.0,27.5,1.5,0.0,0.0,0.0,1500.0,40,hole_management,-37.36521739130435,-13.668821999256782,-21.36301374953549,0.0,-39.316838191608305,-13.970769558240823,-20.37195523931156,0.0
676,control,26.666666666666668,29.333333333333332,2.6666666666666643,0.0,0.6666666666666666,0.6666666666666666,1500.0,40,ordinary_practice,-39.19190951662216,-13.128625817562598,-20.57571403692093,0.0,-37.7397560391678,-13.620488560096403,-20.901894946012593,0.01906318082788671
676,rating_only,26.666666666666668,26.166666666666668,-0.5,0.0,0.0,0.0,1500.0,40,rating_tier_board,-39.19190951662216,-13.128625817562598,-20.57571403692093,0.0,-35.31786731786732,-13.362645841812508,-21.914385768552435,0.0
676,rating_history,26.666666666666668,27.166666666666668,0.5,0.0,0.16666666666666666,0.16666666666666666,1500.0,40,surface_management,-39.19190951662216,-13.128625817562598,-20.57571403692093,0.0,-34.212445839292336,-13.660814043822942,-22.653544679273267,0.005952380952380952
677,control,25.5,28.333333333333332,2.833333333333332,0.0,0.0,0.0,1500.0,40,ordinary_practice,-41.57129774144267,-13.748898385565052,-19.432851067343822,0.0,-33.03588438089157,-13.050814746396643,-18.953562116098034,0.0
677,rating_only,25.5,25.666666666666668,0.16666666666666785,0.0,0.16666666666666666,0.16666666666666666,1500.0,40,rating_tier_board,-41.57129774144267,-13.748898385565052,-19.432851067343822,0.0,-40.922360400614714,-13.62492958191234,-21.041724348448486,0.006410256410256411
677,rating_history,25.5,29.166666666666668,3.666666666666668,0.0,0.16666666666666666,0.16666666666666666,1500.0,40,height_management,-41.57129774144267,-13.748898385565052,-19.432851067343822,0.0,-35.206102423810755,-13.101595819304153,-17.715091891133557,0.005050505050505051
678,control,27.166666666666668,27.5,0.33333333333333215,0.0,0.16666666666666666,0.16666666666666666,1500.0,40,ordinary_practice,-39.08534798534799,-13.67051282051282,-19.4767094017094,0.0,-39.214581610146126,-13.86872147167846,-20.851820068621144,0.005376344086021505
678,rating_only,27.166666666666668,26.166666666666668,-1.0,0.0,0.0,0.0,1500.0,40,rating_tier_board,-39.08534798534799,-13.67051282051282,-19.4767094017094,0.0,-36.6634829059829,-13.073091168091167,-21.017571225071226,0.0
678,rating_history,27.166666666666668,27.166666666666668,0.0,0.0,0.0,0.0,1500.0,40,hole_management,-39.08534798534799,-13.67051282051282,-19.4767094017094,0.0,-36.22995758073344,-13.057158365261813,-19.607730797299762,0.0
679,control,25.5,29.0,3.5,0.16666666666666666,0.5,0.33333333333333337,1500.0,40,ordinary_practice,-38.63833916083916,-13.127892385392386,-21.464322066822067,0.006410256410256411,-38.59546437234609,-13.84755498761802,-21.92800637201824,0.016173975573308165
679,rating_only,25.5,29.0,3.5,0.16666666666666666,0.5,0.33333333333333337,1500.0,40,rating_tier_board,-38.63833916083916,-13.127892385392386,-21.464322066822067,0.006410256410256411,-38.59546437234609,-13.84755498761802,-21.92800637201824,0.016173975573308165
679,rating_history,25.5,28.333333333333332,2.833333333333332,0.16666666666666666,0.16666666666666666,0.0,1500.0,40,surface_management,-38.63833916083916,-13.127892385392386,-21.464322066822067,0.006410256410256411,-36.92446082066493,-13.62678107950633,-19.528272154245457,0.005747126436781609
680,control,27.333333333333332,27.0,-0.33333333333333215,0.0,0.0,0.0,1500.0,40,ordinary_practice,-37.52674413897532,-13.562344366107807,-20.110739668535366,0.0,-37.00610911987256,-12.692552767821585,-18.325535643170053,0.0
680,rating_only,27.333333333333332,28.0,0.6666666666666679,0.0,0.0,0.0,1500.0,40,rating_tier_board,-37.52674413897532,-13.562344366107807,-20.110739668535366,0.0,-36.776773361004686,-13.035420657726693,-20.394502979991486,0.0
680,rating_history,27.333333333333332,28.0,0.6666666666666679,0.0,0.0,0.0,1500.0,40,surface_management,-37.52674413897532,-13.562344366107807,-20.110739668535366,0.0,-37.36911987256073,-12.933197929111907,-19.1631700517722,0.0
681,control,26.166666666666668,27.166666666666668,1.0,0.0,0.16666666666666666,0.16666666666666666,1500.0,40,ordinary_practice,-37.33011732839319,-13.544502734387791,-20.59206990115036,0.0,-35.260181133614104,-12.92251081279161,-19.429448831495932,0.005208333333333333
681,rating_only,26.166666666666668,27.166666666666668,1.0,0.0,0.16666666666666666,0.16666666666666666,1500.0,40,rating_tier_board,-37.33011732839319,-13.544502734387791,-20.59206990115036,0.0,-34.826847800280774,-12.88251081279161,-19.362782164829266,0.005208333333333333
681,rating_history,26.166666666666668,28.666666666666668,2.5,0.0,0.16666666666666666,0.16666666666666666,1500.0,40,surface_management,-37.33011732839319,-13.544502734387791,-20.59206990115036,0.0,-32.8565919611816,-12.637711452943353,-18.15643794013964,0.005555555555555556
682,control,27.166666666666668,28.666666666666668,1.5,0.16666666666666666,0.16666666666666666,0.0,1500.0,40,ordinary_practice,-41.158661740558294,-13.72720095995958,-16.745042314007833,0.005747126436781609,-38.28047514015256,-13.904685537481237,-20.202401740036148,0.006410256410256411
682,rating_only,27.166666666666668,28.666666666666668,1.5,0.16666666666666666,0.16666666666666666,0.0,1500.0,40,rating_tier_board,-41.158661740558294,-13.72720095995958,-16.745042314007833,0.005747126436781609,-38.28047514015256,-13.904685537481237,-20.202401740036148,0.006410256410256411
682,rating_history,27.166666666666668,28.5,1.3333333333333321,0.16666666666666666,0.16666666666666666,0.0,1500.0,40,surface_management,-41.158661740558294,-13.72720095995958,-16.745042314007833,0.005747126436781609,-37.92310755751616,-13.876907759703458,-20.20166498177251,0.006410256410256411
683,control,27.833333333333332,28.0,0.16666666666666785,0.0,0.0,0.0,1500.0,40,ordinary_practice,-36.48223559196678,-13.467665415031007,-18.599753370882404,0.0,-35.67938219594744,-13.733726106613194,-19.618517747997128,0.0
683,rating_only,27.833333333333332,28.0,0.16666666666666785,0.0,0.0,0.0,1500.0,40,rating_tier_board,-36.48223559196678,-13.467665415031007,-18.599753370882404,0.0,-35.67938219594744,-13.733726106613194,-19.618517747997128,0.0
683,rating_history,27.833333333333332,28.0,0.16666666666666785,0.0,0.16666666666666666,0.16666666666666666,1500.0,40,hole_management,-36.48223559196678,-13.467665415031007,-18.599753370882404,0.0,-35.061986537748496,-14.011561278913893,-22.3740409571889,0.005376344086021505
684,control,26.833333333333332,26.0,-0.8333333333333321,0.3333333333333333,0.0,-0.3333333333333333,1500.0,40,ordinary_practice,-39.99361932000107,-13.35563679519732,-19.282582119617423,0.01075268817204301,-36.72692387322822,-13.228490205446727,-20.33587912087912,0.0
684,rating_only,26.833333333333332,28.5,1.6666666666666679,0.3333333333333333,0.3333333333333333,0.0,1500.0,40,rating_tier_board,-39.99361932000107,-13.35563679519732,-19.282582119617423,0.01075268817204301,-36.15131626291047,-13.301830027192345,-19.349439637120796,0.009523809523809523
684,rating_history,26.833333333333332,26.666666666666668,-0.1666666666666643,0.3333333333333333,0.0,-0.3333333333333333,1500.0,40,surface_management,-39.99361932000107,-13.35563679519732,-19.282582119617423,0.01075268817204301,-39.543646629066416,-13.525641808725267,-19.25903053764123,0.0
685,control,28.0,26.5,-1.5,0.0,0.0,0.0,1500.0,40,ordinary_practice,-39.554126130739036,-13.3373709961882,-15.881907322068614,0.0,-40.05834689797958,-12.914991487772596,-17.52040496235399,0.0
685,rating_only,28.0,28.166666666666668,0.16666666666666785,0.0,0.5,0.5,1500.0,40,rating_tier_board,-39.554126130739036,-13.3373709961882,-15.881907322068614,0.0,-40.90549607637327,-13.277981706402759,-17.85646073874144,0.013157894736842105
685,rating_history,28.0,25.333333333333332,-2.666666666666668,0.0,0.16666666666666666,0.16666666666666666,1500.0,40,height_management,-39.554126130739036,-13.3373709961882,-15.881907322068614,0.0,-39.95956935784522,-13.374894358515048,-19.039920924116327,0.005747126436781609
686,control,27.166666666666668,27.0,-0.16666666666666785,0.0,0.0,0.0,1500.0,40,ordinary_practice,-36.47059162154271,-12.754463953920476,-17.89210463449594,0.0,-44.474440061133606,-13.861179188195317,-16.80108050551599,0.0
686,rating_only,27.166666666666668,26.0,-1.1666666666666679,0.0,0.0,0.0,1500.0,40,rating_tier_board,-36.47059162154271,-12.754463953920476,-17.89210463449594,0.0,-43.58482582232582,-13.377198264698265,-15.71714257964258,0.0
686,rating_history,27.166666666666668,25.833333333333332,-1.3333333333333357,0.0,0.0,0.0,1500.0,40,height_management,-36.47059162154271,-12.754463953920476,-17.89210463449594,0.0,-44.531290468790466,-13.352981740481741,-16.570134032634034,0.0
687,control,26.666666666666668,25.833333333333332,-0.8333333333333357,0.0,0.0,0.0,1500.0,40,ordinary_practice,-35.73131815502505,-13.850771307236824,-22.265114339683304,0.0,-38.451053113553115,-13.612802197802198,-20.989456654456653,0.0
687,rating_only,26.666666666666668,25.833333333333332,-0.8333333333333357,0.0,0.16666666666666666,0.16666666666666666,1500.0,40,rating_tier_board,-35.73131815502505,-13.850771307236824,-22.265114339683304,0.0,-38.3842032967033,-13.53496336996337,-20.53432844932845,0.006410256410256411
687,rating_history,26.666666666666668,27.166666666666668,0.5,0.0,0.5,0.5,1500.0,40,surface_management,-35.73131815502505,-13.850771307236824,-22.265114339683304,0.0,-40.14430199430199,-13.741566951566952,-19.487599715099716,0.01566951566951567
688,control,27.166666666666668,26.666666666666668,-0.5,0.0,0.0,0.0,1500.0,40,ordinary_practice,-39.7772302218854,-13.031710033261756,-16.16886025851543,0.0,-38.17051101526908,-13.554054468032962,-20.873174242125856,0.0
688,rating_only,27.166666666666668,27.5,0.33333333333333215,0.0,0.16666666666666666,0.16666666666666666,1500.0,40,rating_tier_board,-39.7772302218854,-13.031710033261756,-16.16886025851543,0.0,-38.20068342906218,-13.673546805197713,-20.492906042892137,0.005747126436781609
688,rating_history,27.166666666666668,27.333333333333332,0.1666666666666643,0.0,0.0,0.0,1500.0,40,surface_management,-39.7772302218854,-13.031710033261756,-16.16886025851543,0.0,-38.83510378510378,-13.070909645909646,-16.759371184371183,0.0
689,control,26.0,27.333333333333332,1.3333333333333321,0.0,0.0,0.0,1500.0,40,ordinary_practice,-38.34486693466454,-13.337665398070197,-20.570126749811905,0.0,-36.727709039473964,-13.95230918753722,-21.20211212358413,0.0
689,rating_only,26.0,28.5,2.5,0.0,0.0,0.0,1500.0,40,rating_tier_board,-38.34486693466454,-13.337665398070197,-20.570126749811905,0.0,-39.22032953875626,-14.460563107869142,-20.529819665487768,0.0
689,rating_history,26.0,27.333333333333332,1.3333333333333321,0.0,0.0,0.0,1500.0,40,hole_management,-38.34486693466454,-13.337665398070197,-20.570126749811905,0.0,-36.727709039473964,-13.95230918753722,-21.20211212358413,0.0
690,control,27.5,27.5,0.0,0.16666666666666666,0.5,0.33333333333333337,1500.0,40,ordinary_practice,-39.06419163637555,-13.152585388217572,-20.081747715885648,0.006172839506172839,-40.33687465790914,-13.678092501368363,-19.730484400656813,0.016666666666666666
690,rating_only,27.5,28.333333333333332,0.8333333333333321,0.16666666666666666,0.16666666666666666,0.0,1500.0,40,rating_tier_board,-39.06419163637555,-13.152585388217572,-20.081747715885648,0.006172839506172839,-36.07283678906408,-13.276856452299537,-18.742201201413287,0.005376344086021505
690,rating_history,27.5,28.333333333333332,0.8333333333333321,0.16666666666666666,0.16666666666666666,0.0,1500.0,40,surface_management,-39.06419163637555,-13.152585388217572,-20.081747715885648,0.006172839506172839,-33.57913447331973,-12.71340302699329,-19.15624618351123,0.004901960784313725
691,control,29.5,26.0,-3.5,0.16666666666666666,0.0,-0.16666666666666666,1500.0,40,ordinary_practice,-36.79622316751349,-13.592265548072,-17.007567450470678,0.0047619047619047615,-34.890262756567104,-12.99732308754048,-21.36652581717799,0.0
691,rating_only,29.5,25.833333333333332,-3.666666666666668,0.16666666666666666,0.0,-0.16666666666666666,1500.0,40,rating_tier_board,-36.79622316751349,-13.592265548072,-17.007567450470678,0.0047619047619047615,-36.988943833943836,-13.405884960450177,-21.410154217762912,0.0
691,rating_history,29.5,26.0,-3.5,0.16666666666666666,0.0,-0.16666666666666666,1500.0,40,height_management,-36.79622316751349,-13.592265548072,-17.007567450470678,0.0047619047619047615,-34.890262756567104,-12.99732308754048,-21.36652581717799,0.0
692,control,25.333333333333332,25.833333333333332,0.5,0.0,0.0,0.0,1500.0,40,ordinary_practice,-39.52130741507553,-13.269815965033356,-18.112374817882063,0.0,-36.63187499477822,-13.303278163493218,-20.730079955886406,0.0
692,rating_only,25.333333333333332,25.833333333333332,0.5,0.0,0.0,0.0,1500.0,40,rating_tier_board,-39.52130741507553,-13.269815965033356,-18.112374817882063,0.0,-36.76879979836969,-13.303278163493218,-20.884962110768562,0.0
692,rating_history,25.333333333333332,27.0,1.6666666666666679,0.0,0.0,0.0,1500.0,40,height_management,-39.52130741507553,-13.269815965033356,-18.112374817882063,0.0,-36.53522102747909,-13.000931899641577,-18.71878932696137,0.0
693,control,26.5,27.166666666666668,0.6666666666666679,0.0,0.16666666666666666,0.16666666666666666,1500.0,40,ordinary_practice,-40.004034804646594,-13.416306192880164,-20.374695286174706,0.0,-39.41694896764581,-13.721953490847168,-18.299447371221795,0.005208333333333333
693,rating_only,26.5,28.166666666666668,1.6666666666666679,0.0,0.3333333333333333,0.3333333333333333,1500.0,40,rating_tier_board,-40.004034804646594,-13.416306192880164,-20.374695286174706,0.0,-39.768328664799256,-13.235719991700384,-16.525406162464986,0.00980392156862745
693,rating_history,26.5,28.333333333333332,1.8333333333333321,0.0,0.16666666666666666,0.16666666666666666,1500.0,40,surface_management,-40.004034804646594,-13.416306192880164,-20.374695286174706,0.0,-40.02319246546722,-13.147953948439673,-16.76057701777205,0.005376344086021505
694,control,25.333333333333332,27.666666666666668,2.3333333333333357,0.16666666666666666,0.16666666666666666,0.0,1500.0,40,ordinary_practice,-39.72386678455644,-13.375689163965026,-19.76209025117071,0.009259259259259259,-38.86197399875561,-13.493805874840358,-18.323986475423258,0.005555555555555556
694,rating_only,25.333333333333332,27.833333333333332,2.5,0.16666666666666666,0.16666666666666666,0.0,1500.0,40,rating_tier_board,-39.72386678455644,-13.375689163965026,-19.76209025117071,0.009259259259259259,-41.36602849368966,-13.557437749379279,-17.00815438841426,0.005555555555555556
694,rating_history,25.333333333333332,27.666666666666668,2.3333333333333357,0.16666666666666666,0.16666666666666666,0.0,1500.0,40,surface_management,-39.72386678455644,-13.375689163965026,-19.76209025117071,0.009259259259259259,-38.86197399875561,-13.493805874840358,-18.323986475423258,0.005555555555555556
695,control,24.333333333333332,26.666666666666668,2.3333333333333357,0.0,0.16666666666666666,0.16666666666666666,1500.0,40,ordinary_practice,-40.9446386946387,-13.372814685314685,-20.78035159285159,0.0,-35.71020595115547,-13.368523943156626,-20.84747307258052,0.005555555555555556
695,rating_only,24.333333333333332,26.333333333333332,2.0,0.0,0.0,0.0,1500.0,40,rating_tier_board,-40.9446386946387,-13.372814685314685,-20.78035159285159,0.0,-39.79746347318811,-13.90004969533955,-19.830041201418013,0.0
695,rating_history,24.333333333333332,26.166666666666668,1.8333333333333357,0.0,0.0,0.0,1500.0,40,surface_management,-40.9446386946387,-13.372814685314685,-20.78035159285159,0.0,-37.72144968826128,-13.356042363433668,-21.319032164829267,0.0
696,control,27.333333333333332,26.5,-0.8333333333333321,0.0,0.0,0.0,1500.0,40,ordinary_practice,-37.18088684396805,-13.403331070116387,-20.42427435004743,0.0,-37.0729012345679,-13.055837742504409,-21.70095238095238,0.0
696,rating_only,27.333333333333332,25.333333333333332,-2.0,0.0,0.0,0.0,1500.0,40,rating_tier_board,-37.18088684396805,-13.403331070116387,-20.42427435004743,0.0,-38.957969348659006,-13.255019157088123,-20.6929214559387,0.0
696,rating_history,27.333333333333332,26.666666666666668,-0.6666666666666643,0.0,0.16666666666666666,0.16666666666666666,1500.0,40,hole_management,-37.18088684396805,-13.403331070116387,-20.42427435004743,0.0,-42.03910137701804,-13.171920702754036,-16.94145299145299,0.005208333333333333
697,control,28.666666666666668,28.0,-0.6666666666666679,0.16666666666666666,0.0,-0.16666666666666666,1500.0,40,ordinary_practice,-40.21219937315599,-13.357630774723841,-17.25730208831803,0.005555555555555556,-35.44314161918329,-13.372596153846153,-21.221465455840455,0.0
697,rating_only,28.666666666666668,26.666666666666668,-2.0,0.16666666666666666,0.3333333333333333,0.16666666666666666,1500.0,40,rating_tier_board,-40.21219937315599,-13.357630774723841,-17.25730208831803,0.005555555555555556,-37.49601548940629,-12.997344205390183,-20.350506762288372,0.011728395061728394
697,rating_history,28.666666666666668,24.666666666666668,-4.0,0.16666666666666666,0.0,-0.16666666666666666,1500.0,40,hole_management,-40.21219937315599,-13.357630774723841,-17.25730208831803,0.005555555555555556,-42.355921855921856,-13.23233529755269,-18.7044778892605,0.0
698,control,26.333333333333332,26.0,-0.33333333333333215,0.0,0.0,0.0,1500.0,40,ordinary_practice,-37.67128581720536,-13.819034040671973,-20.232681091790287,0.0,-40.026912551050486,-13.205773230600817,-19.257695675971537,0.0
698,rating_only,26.333333333333332,27.333333333333332,1.0,0.0,0.16666666666666666,0.16666666666666666,1500.0,40,rating_tier_board,-37.67128581720536,-13.819034040671973,-20.232681091790287,0.0,-39.94923280423281,-13.658968253968254,-19.854294532627865,0.006172839506172839
698,rating_history,26.333333333333332,26.166666666666668,-0.1666666666666643,0.0,0.0,0.0,1500.0,40,hole_management,-37.67128581720536,-13.819034040671973,-20.232681091790287,0.0,-36.873538868538866,-13.357009225342559,-20.220790259123593,0.0
699,control,30.166666666666668,25.0,-5.166666666666668,0.16666666666666666,0.0,-0.16666666666666666,1500.0,40,ordinary_practice,-35.009035030349224,-13.278180102377128,-18.34367425568876,0.005747126436781609,-37.93027601629752,-13.779755091583048,-20.51714484241366,0.0
699,rating_only,30.166666666666668,25.0,-5.166666666666668,0.16666666666666666,0.0,-0.16666666666666666,1500.0,40,rating_tier_board,-35.009035030349224,-13.278180102377128,-18.34367425568876,0.005747126436781609,-37.93027601629752,-13.779755091583048,-20.51714484241366,0.0
699,rating_history,30.166666666666668,28.0,-2.166666666666668,0.16666666666666666,0.0,-0.16666666666666666,1500.0,40,hole_management,-35.009035030349224,-13.278180102377128,-18.34367425568876,0.005747126436781609,-34.438859416445624,-13.593312434691745,-21.504713447472067,0.0
700,control,27.333333333333332,25.5,-1.8333333333333321,0.16666666666666666,0.16666666666666666,0.0,1500.0,40,ordinary_practice,-36.40283417299546,-12.85921851446045,-18.271072565427403,0.005050505050505051,-41.01293883062778,-13.740463031789426,-20.1629137650524,0.004901960784313725
700,rating_only,27.333333333333332,26.166666666666668,-1.1666666666666643,0.16666666666666666,0.0,-0.16666666666666666,1500.0,40,rating_tier_board,-36.40283417299546,-12.85921851446045,-18.271072565427403,0.005050505050505051,-36.8346295679629,-13.497857235357234,-20.6876961001961,0.0
700,rating_history,27.333333333333332,25.0,-2.333333333333332,0.16666666666666666,0.0,-0.16666666666666666,1500.0,40,hole_management,-36.40283417299546,-12.85921851446045,-18.271072565427403,0.005050505050505051,-36.465549185114405,-13.012937967829272,-20.25084275627754,0.0
701,control,27.0,26.666666666666668,-0.33333333333333215,0.0,0.0,0.0,1500.0,40,ordinary_practice,-37.41187948849239,-13.51481448658868,-21.258045643126287,0.0,-37.63440117141266,-12.98114659499717,-17.605654545539604,0.0
701,rating_only,27.0,27.333333333333332,0.33333333333333215,0.0,0.0,0.0,1500.0,40,rating_tier_board,-37.41187948849239,-13.51481448658868,-21.258045643126287,0.0,-35.595555555555556,-13.62118363437329,-20.21230158730159,0.0
701,rating_history,27.0,26.333333333333332,-0.6666666666666679,0.0,0.0,0.0,1500.0,40,height_management,-37.41187948849239,-13.51481448658868,-21.258045643126287,0.0,-37.439566802882645,-12.919407464562386,-17.77129636748577,0.0
702,control,26.833333333333332,27.0,0.16666666666666785,0.0,0.0,0.0,1500.0,40,ordinary_practice,-37.53079514731455,-13.025214348790787,-17.939260112647208,0.0,-37.41327623047451,-12.857466475095785,-16.160713048924254,0.0
702,rating_only,26.833333333333332,29.0,2.166666666666668,0.0,0.6666666666666666,0.6666666666666666,1500.0,40,rating_tier_board,-37.53079514731455,-13.025214348790787,-17.939260112647208,0.0,-40.532638775750335,-13.30712591868506,-16.58365464682669,0.020527859237536656
702,rating_history,26.833333333333332,27.0,0.16666666666666785,0.0,0.16666666666666666,0.16666666666666666,1500.0,40,height_management,-37.53079514731455,-13.025214348790787,-17.939260112647208,0.0,-35.90293770608082,-12.914813281190092,-19.990966806609922,0.005208333333333333
703,control,25.166666666666668,27.833333333333332,2.6666666666666643,0.0,0.16666666666666666,0.16666666666666666,1500.0,40,ordinary_practice,-33.75859545095177,-12.552115337833728,-19.773888584808127,0.0,-34.52936964057653,-12.999951347077785,-18.88815879097488,0.005747126436781609
703,rating_only,25.166666666666668,27.0,1.8333333333333321,0.0,0.0,0.0,1500.0,40,rating_tier_board,-33.75859545095177,-12.552115337833728,-19.773888584808127,0.0,-38.97455458015803,-13.829266545502177,-19.845688368676875,0.0
703,rating_history,25.166666666666668,26.666666666666668,1.5,0.0,0.16666666666666666,0.16666666666666666,1500.0,40,height_management,-33.75859545095177,-12.552115337833728,-19.773888584808127,0.0,-38.55929808803372,-13.298406148980861,-18.876947871200745,0.005747126436781609
704,control,26.0,26.0,0.0,0.0,0.0,0.0,1500.0,40,ordinary_practice,-39.139300349825085,-13.007208988098544,-18.306386806596702,0.0,-39.76009758653437,-13.08581195157407,-19.67103835546614,0.0
704,rating_only,26.0,27.0,1.0,0.0,0.16666666666666666,0.16666666666666666,1500.0,40,rating_tier_board,-39.139300349825085,-13.007208988098544,-18.306386806596702,0.0,-38.60095818187772,-12.801107181452009,-17.105376101123227,0.006410256410256411
704,rating_history,26.0,26.0,0.0,0.0,0.0,0.0,1500.0,40,height_management,-39.139300349825085,-13.007208988098544,-18.306386806596702,0.0,-41.77868829118204,-13.311629043028343,-19.87513630649063,0.0
705,control,27.666666666666668,29.333333333333332,1.6666666666666643,0.3333333333333333,0.16666666666666666,-0.16666666666666666,1500.0,40,ordinary_practice,-41.061151062645315,-13.475388336652705,-17.97619239849125,0.011494252873563218,-34.180408468747366,-13.01141112111635,-19.945720014203513,0.005376344086021505
705,rating_only,27.666666666666668,25.833333333333332,-1.8333333333333357,0.3333333333333333,0.0,-0.3333333333333333,1500.0,40,rating_tier_board,-41.061151062645315,-13.475388336652705,-17.97619239849125,0.011494252873563218,-40.13969610636278,-13.578739316239316,-23.176626305792972,0.0
705,rating_history,27.666666666666668,27.5,-0.16666666666666785,0.3333333333333333,0.16666666666666666,-0.16666666666666666,1500.0,40,hole_management,-41.061151062645315,-13.475388336652705,-17.97619239849125,0.011494252873563218,-40.203349613349616,-13.661461131461131,-21.412156084656083,0.004629629629629629
706,control,28.666666666666668,29.5,0.8333333333333321,0.3333333333333333,0.16666666666666666,-0.16666666666666666,1500.0,40,ordinary_practice,-37.18183192905809,-13.830072554220628,-20.83430423362979,0.011568627450980392,-34.75671308632769,-13.480363884606616,-18.942104020112808,0.004901960784313725
706,rating_only,28.666666666666668,29.5,0.8333333333333321,0.3333333333333333,0.3333333333333333,0.0,1500.0,40,rating_tier_board,-37.18183192905809,-13.830072554220628,-20.83430423362979,0.011568627450980392,-35.546132897603485,-13.540696649029982,-18.637970743853096,0.00980392156862745
706,rating_history,28.666666666666668,29.5,0.8333333333333321,0.3333333333333333,0.3333333333333333,0.0,1500.0,40,surface_management,-37.18183192905809,-13.830072554220628,-20.83430423362979,0.011568627450980392,-35.230965816919166,-13.617953980885016,-20.577223126208928,0.00980392156862745
707,control,29.166666666666668,28.666666666666668,-0.5,0.3333333333333333,0.0,-0.3333333333333333,1500.0,40,ordinary_practice,-38.08366858237548,-13.719181034482759,-18.29953304597701,0.011302681992337164,-35.76904689216452,-13.240024500998349,-19.034102872238996,0.0
707,rating_only,29.166666666666668,27.166666666666668,-2.0,0.3333333333333333,0.0,-0.3333333333333333,1500.0,40,rating_tier_board,-38.08366858237548,-13.719181034482759,-18.29953304597701,0.011302681992337164,-35.53051438300701,-12.788747028470876,-18.365890875902,0.0
707,rating_history,29.166666666666668,29.166666666666668,0.0,0.3333333333333333,0.0,-0.3333333333333333,1500.0,40,surface_management,-38.08366858237548,-13.719181034482759,-18.29953304597701,0.011302681992337164,-36.31217126785003,-13.387352790578596,-17.124893504295386,0.0
708,control,28.0,26.833333333333332,-1.1666666666666679,0.0,0.0,0.0,1500.0,40,ordinary_practice,-33.86072197450581,-12.604068981664458,-16.48748681247754,0.0,-38.89547720797721,-13.369268077601411,-19.386463844797177,0.0
708,rating_only,28.0,30.166666666666668,2.166666666666668,0.0,1.0,1.0,1500.0,40,rating_tier_board,-33.86072197450581,-12.604068981664458,-16.48748681247754,0.0,-39.28136288998358,-13.511001642036124,-20.622413793103448,0.03133552271483306
708,rating_history,28.0,27.5,-0.5,0.0,0.0,0.0,1500.0,40,height_management,-33.86072197450581,-12.604068981664458,-16.48748681247754,0.0,-40.189886858072924,-13.485603407120472,-18.381943980646646,0.0
709,control,26.833333333333332,26.333333333333332,-0.5,0.0,0.16666666666666666,0.16666666666666666,1500.0,40,ordinary_practice,-38.69755898404075,-13.556001201678363,-19.437749074180857,0.0,-43.34399243030814,-13.706837292226048,-19.81404891938738,0.005376344086021505
709,rating_only,26.833333333333332,26.333333333333332,-0.5,0.0,0.16666666666666666,0.16666666666666666,1500.0,40,rating_tier_board,-38.69755898404075,-13.556001201678363,-19.437749074180857,0.0,-40.37931196778064,-13.394833525590848,-18.912892108578056,0.005376344086021505
709,rating_history,26.833333333333332,26.5,-0.33333333333333215,0.0,0.0,0.0,1500.0,40,height_management,-38.69755898404075,-13.556001201678363,-19.437749074180857,0.0,-38.44106411893768,-13.480490681094128,-21.46289300099645,0.0
710,control,27.833333333333332,27.833333333333332,0.0,0.0,0.16666666666666666,0.16666666666666666,1500.0,40,ordinary_practice,-35.75792492947665,-12.59274030567134,-16.10110311144794,0.0,-41.31054891256041,-13.70572993417821,-19.791139788266225,0.005747126436781609
710,rating_only,27.833333333333332,28.0,0.16666666666666785,0.0,0.16666666666666666,0.16666666666666666,1500.0,40,rating_tier_board,-35.75792492947665,-12.59274030567134,-16.10110311144794,0.0,-38.79961077662227,-13.462157148938758,-20.93019826065803,0.005747126436781609
710,rating_history,27.833333333333332,26.333333333333332,-1.5,0.0,0.16666666666666666,0.16666666666666666,1500.0,40,surface_management,-35.75792492947665,-12.59274030567134,-16.10110311144794,0.0,-39.71365992989556,-13.271428364100778,-19.90023974003859,0.005747126436781609
711,control,28.0,28.5,0.5,0.0,0.16666666666666666,0.16666666666666666,1500.0,40,ordinary_practice,-37.34682200515534,-13.400081400081401,-20.22486094152761,0.0,-35.829050503381936,-13.367410961398495,-19.870358948478156,0.005376344086021505
711,rating_only,28.0,25.666666666666668,-2.333333333333332,0.0,0.0,0.0,1500.0,40,rating_tier_board,-37.34682200515534,-13.400081400081401,-20.22486094152761,0.0,-40.96052649041779,-13.679041248606467,-19.474450549450548,0.0
711,rating_history,28.0,26.0,-2.0,0.0,0.0,0.0,1500.0,40,hole_management,-37.34682200515534,-13.400081400081401,-20.22486094152761,0.0,-37.400335399667384,-13.322553498693251,-19.408297080144624,0.0
712,control,29.5,27.333333333333332,-2.166666666666668,0.0,0.16666666666666666,0.16666666666666666,1500.0,40,ordinary_practice,-37.03655689879272,-13.613109906408015,-19.568308397201612,0.0,-41.62145038869177,-13.540492074974834,-16.836409758823553,0.005050505050505051
712,rating_only,29.5,27.833333333333332,-1.6666666666666679,0.0,0.16666666666666666,0.16666666666666666,1500.0,40,rating_tier_board,-37.03655689879272,-13.613109906408015,-19.568308397201612,0.0,-40.421811010079374,-13.321700600748576,-16.602057695760845,0.005050505050505051
712,rating_history,29.5,27.833333333333332,-1.6666666666666679,0.0,0.16666666666666666,0.16666666666666666,1500.0,40,surface_management,-37.03655689879272,-13.613109906408015,-19.568308397201612,0.0,-41.1817579596815,-13.350436232932484,-16.58614257639745,0.005050505050505051
713,control,27.833333333333332,25.166666666666668,-2.6666666666666643,0.0,0.16666666666666666,0.16666666666666666,1500.0,40,ordinary_practice,-39.48949061793889,-13.36588424347045,-17.694586894586894,0.0,-43.28611111111111,-13.297933455433455,-18.959151404151406,0.006666666666666667
713,rating_only,27.833333333333332,26.5,-1.3333333333333321,0.0,0.0,0.0,1500.0,40,rating_tier_board,-39.48949061793889,-13.36588424347045,-17.694586894586894,0.0,-39.35053868568361,-13.191994478951,-18.738387585307876,0.0
713,rating_history,27.833333333333332,26.5,-1.3333333333333321,0.0,0.0,0.0,1500.0,40,surface_management,-39.48949061793889,-13.36588424347045,-17.694586894586894,0.0,-39.28387201901695,-13.191994478951,-18.638387585307875,0.0
714,control,26.5,26.666666666666668,0.16666666666666785,0.3333333333333333,0.3333333333333333,0.0,1500.0,40,ordinary_practice,-42.22884533516718,-13.71202966892622,-18.419734666142713,0.011494252873563218,-40.519316143210446,-13.989634418138916,-21.209087557869417,0.011494252873563218
714,rating_only,26.5,26.333333333333332,-0.16666666666666785,0.3333333333333333,0.0,-0.3333333333333333,1500.0,40,rating_tier_board,-42.22884533516718,-13.71202966892622,-18.419734666142713,0.011494252873563218,-36.293106060606064,-13.735227272727272,-23.76068181818182,0.0
714,rating_history,26.5,26.333333333333332,-0.16666666666666785,0.3333333333333333,0.0,-0.3333333333333333,1500.0,40,surface_management,-42.22884533516718,-13.71202966892622,-18.419734666142713,0.011494252873563218,-36.293106060606064,-13.735227272727272,-23.76068181818182,0.0
715,control,26.333333333333332,27.666666666666668,1.3333333333333357,0.16666666666666666,0.0,-0.16666666666666666,1500.0,40,ordinary_practice,-34.853171519838185,-13.081728456728456,-19.77846073679407,0.005952380952380952,-37.82799183592194,-13.28489645559538,-18.476438669852648,0.0
715,rating_only,26.333333333333332,28.833333333333332,2.5,0.16666666666666666,0.16666666666666666,0.0,1500.0,40,rating_tier_board,-34.853171519838185,-13.081728456728456,-19.77846073679407,0.005952380952380952,-36.33826627494198,-12.992242323432071,-16.436534069061647,0.005208333333333333
715,rating_history,26.333333333333332,28.833333333333332,2.5,0.16666666666666666,0.16666666666666666,0.0,1500.0,40,surface_management,-34.853171519838185,-13.081728456728456,-19.77846073679407,0.005952380952380952,-35.55159960827531,-12.905575656765404,-16.88986740239498,0.005208333333333333
716,control,26.333333333333332,28.0,1.6666666666666679,0.0,0.0,0.0,1500.0,40,ordinary_practice,-42.30515873015873,-13.578968253968254,-18.10079365079365,0.0,-36.594961966513694,-13.408395903798203,-19.958263511711788,0.0
716,rating_only,26.333333333333332,26.0,-0.33333333333333215,0.0,0.0,0.0,1500.0,40,rating_tier_board,-42.30515873015873,-13.578968253968254,-18.10079365079365,0.0,-39.87266190599524,-13.14658107324774,-16.36897028897029,0.0
716,rating_history,26.333333333333332,27.833333333333332,1.5,0.0,0.3333333333333333,0.3333333333333333,1500.0,40,height_management,-42.30515873015873,-13.578968253968254,-18.10079365079365,0.0,-42.2275641025641,-13.553663003663004,-15.817277167277167,0.010317460317460317
717,control,25.0,27.5,2.5,0.0,0.0,0.0,1500.0,40,ordinary_practice,-34.186587036152254,-13.096801640388597,-23.969156049264743,0.0,-37.65393112480154,-13.847485453923163,-21.05628761301731,0.0
717,rating_only,25.0,28.833333333333332,3.833333333333332,0.0,0.3333333333333333,0.3333333333333333,1500.0,40,rating_tier_board,-34.186587036152254,-13.096801640388597,-23.969156049264743,0.0,-38.44344473507548,-13.591625118708452,-19.26270139502898,0.010416666666666666
717,rating_history,25.0,28.166666666666668,3.166666666666668,0.0,0.0,0.0,1500.0,40,hole_management,-34.186587036152254,-13.096801640388597,-23.969156049264743,0.0,-37.72452094840026,-13.404584763895109,-17.851334527541425,0.0
718,control,25.0,26.833333333333332,1.8333333333333321,0.3333333333333333,0.16666666666666666,-0.16666666666666666,1500.0,40,ordinary_practice,-41.02686619893517,-12.983204707170223,-18.83678807782256,0.012691570881226053,-38.11931496132645,-12.685437403447082,-16.61858612192853,0.005747126436781609
718,rating_only,25.0,27.666666666666668,2.666666666666668,0.3333333333333333,0.0,-0.3333333333333333,1500.0,40,rating_tier_board,-41.02686619893517,-12.983204707170223,-18.83678807782256,0.012691570881226053,-35.915020677491945,-13.136012893024388,-18.36999452654625,0.0
718,rating_history,25.0,26.833333333333332,1.8333333333333321,0.3333333333333333,0.0,-0.3333333333333333,1500.0,40,height_management,-41.02686619893517,-12.983204707170223,-18.83678807782256,0.012691570881226053,-37.9604490337249,-13.073954780851333,-18.150604185086944,0.0
719,control,27.166666666666668,27.5,0.33333333333333215,0.0,0.3333333333333333,0.3333333333333333,1500.0,40,ordinary_practice,-36.30158952781674,-12.860687237026648,-17.9717110799439,0.0,-40.102831541218634,-13.745232974910394,-18.738189964157705,0.011111111111111112
719,rating_only,27.166666666666668,27.333333333333332,0.1666666666666643,0.0,0.16666666666666666,0.16666666666666666,1500.0,40,rating_tier_board,-36.30158952781674,-12.860687237026648,-17.9717110799439,0.0,-38.959715496330254,-13.517051306539628,-20.62180231433105,0.005747126436781609
719,rating_history,27.166666666666668,26.0,-1.1666666666666679,0.0,0.16666666666666666,0.16666666666666666,1500.0,40,surface_management,-36.30158952781674,-12.860687237026648,-17.9717110799439,0.0,-42.32341948683778,-13.869373717699554,-19.123009987171656,0.006172839506172839
720,control,27.166666666666668,27.166666666666668,0.0,0.3333333333333333,0.0,-0.3333333333333333,1500.0,40,ordinary_practice,-37.1792247314733,-13.551656187575727,-20.839883399646332,0.011919965942954448,-39.622707231040565,-13.538337742504408,-17.879717813051148,0.0
720,rating_only,27.166666666666668,26.5,-0.6666666666666679,0.3333333333333333,0.0,-0.3333333333333333,1500.0,40,rating_tier_board,-37.1792247314733,-13.551656187575727,-20.839883399646332,0.011919965942954448,-37.498037918871255,-13.499638787138787,-20.06248643331977,0.0
720,rating_history,27.166666666666668,26.5,-0.6666666666666679,0.3333333333333333,0.0,-0.3333333333333333,1500.0,40,hole_management,-37.1792247314733,-13.551656187575727,-20.839883399646332,0.011919965942954448,-37.498037918871255,-13.499638787138787,-20.06248643331977,0.0
721,control,27.5,27.333333333333332,-0.16666666666666785,0.16666666666666666,0.0,-0.16666666666666666,1500.0,40,ordinary_practice,-39.89247384559884,-13.426757655924323,-18.859470198011863,0.005208333333333333,-37.91551724137931,-13.521541408782788,-18.897636310050103,0.0
721,rating_only,27.5,26.833333333333332,-0.6666666666666679,0.16666666666666666,0.16666666666666666,0.0,1500.0,40,rating_tier_board,-39.89247384559884,-13.426757655924323,-18.859470198011863,0.005208333333333333,-34.5383014213643,-13.611610929075432,-22.147887494520354,0.004901960784313725
721,rating_history,27.5,25.666666666666668,-1.8333333333333321,0.16666666666666666,0.0,-0.16666666666666666,1500.0,40,height_management,-39.89247384559884,-13.426757655924323,-18.859470198011863,0.005208333333333333,-39.672694475411866,-13.680360460795244,-22.6905193236715,0.0
722,control,26.0,26.166666666666668,0.16666666666666785,0.0,0.16666666666666666,0.16666666666666666,1500.0,40,ordinary_practice,-41.269122852456185,-13.483985150651817,-19.19610636277303,0.0,-39.85713133016825,-13.949778548225886,-20.70283275029152,0.005208333333333333
722,rating_only,26.0,27.333333333333332,1.3333333333333321,0.0,0.16666666666666666,0.16666666666666666,1500.0,40,rating_tier_board,-41.269122852456185,-13.483985150651817,-19.19610636277303,0.0,-41.58899910354652,-13.725212958869568,-19.807150444542685,0.005208333333333333
722,rating_history,26.0,27.833333333333332,1.8333333333333321,0.0,0.5,0.5,1500.0,40,hole_management,-41.269122852456185,-13.483985150651817,-19.19610636277303,0.0,-45.14513354700855,-13.896924648064353,-17.264977689793866,0.015012254901960785
723,control,27.166666666666668,27.333333333333332,0.1666666666666643,0.0,0.0,0.0,1500.0,40,ordinary_practice,-37.91466386474729,-12.95881090235929,-19.946174931853463,0.0,-38.86179283679284,-13.711050061050061,-17.776519468186134,0.0
723,rating_only,27.166666666666668,27.333333333333332,0.1666666666666643,0.0,0.16666666666666666,0.16666666666666666,1500.0,40,rating_tier_board,-37.91466386474729,-12.95881090235929,-19.946174931853463,0.0,-37.72224053724054,-13.4059361009361,-18.516395333062,0.005952380952380952
723,rating_history,27.166666666666668,27.333333333333332,0.1666666666666643,0.0,0.16666666666666666,0.16666666666666666,1500.0,40,height_management,-37.91466386474729,-12.95881090235929,-19.946174931853463,0.0,-38.88002281737543,-13.761309472877883,-18.692667371560585,0.005376344086021505
724,control,25.333333333333332,27.666666666666668,2.3333333333333357,0.16666666666666666,0.0,-0.16666666666666666,1500.0,40,ordinary_practice,-38.48196740915257,-13.467284928964089,-21.37483811665596,0.005747126436781609,-40.50638601973974,-13.652514566449494,-16.210628740929074,0.0
724,rating_only,25.333333333333332,27.833333333333332,2.5,0.16666666666666666,0.0,-0.16666666666666666,1500.0,40,rating_tier_board,-38.48196740915257,-13.467284928964089,-21.37483811665596,0.005747126436781609,-40.45266259756805,-13.564399855489956,-17.09523991519542,0.0
724,rating_history,25.333333333333332,27.833333333333332,2.5,0.16666666666666666,0.0,-0.16666666666666666,1500.0,40,height_management,-38.48196740915257,-13.467284928964089,-21.37483811665596,0.005747126436781609,-40.45266259756805,-13.564399855489956,-17.09523991519542,0.0
725,control,28.166666666666668,28.0,-0.16666666666666785,0.3333333333333333,0.16666666666666666,-0.16666666666666666,1500.0,40,ordinary_practice,-37.678919673282415,-13.675140654552418,-20.480706684383154,0.01045751633986928,-36.34882232462878,-13.587920293565455,-19.92330886954543,0.005376344086021505
725,rating_only,28.166666666666668,25.666666666666668,-2.5,0.3333333333333333,0.0,-0.3333333333333333,1500.0,40,rating_tier_board,-37.678919673282415,-13.675140654552418,-20.480706684383154,0.01045751633986928,-36.559615384615384,-13.25419006919007,-20.7832091982092,0.0
725,rating_history,28.166666666666668,25.666666666666668,-2.5,0.3333333333333333,0.0,-0.3333333333333333,1500.0,40,height_management,-37.678919673282415,-13.675140654552418,-20.480706684383154,0.01045751633986928,-36.559615384615384,-13.25419006919007,-20.7832091982092,0.0
726,control,28.166666666666668,26.833333333333332,-1.3333333333333357,0.0,0.0,0.0,1500.0,40,ordinary_practice,-37.34807691535396,-12.72177925531025,-16.891018644016746,0.0,-33.37401620162256,-12.713146103632312,-18.288005684686375,0.0
726,rating_only,28.166666666666668,25.166666666666668,-3.0,0.0,0.0,0.0,1500.0,40,rating_tier_board,-37.34807691535396,-12.72177925531025,-16.891018644016746,0.0,-38.18910817577484,-13.063218509885177,-19.62032893032893,0.0
726,rating_history,28.166666666666668,25.166666666666668,-3.0,0.0,0.0,0.0,1500.0,40,hole_management,-37.34807691535396,-12.72177925531025,-16.891018644016746,0.0,-38.211835448502114,-13.063218509885177,-19.696086506086505,0.0
727,control,29.0,27.5,-1.5,0.3333333333333333,0.16666666666666666,-0.16666666666666666,1500.0,40,ordinary_practice,-39.03298382076845,-13.695744815249874,-18.72369126264604,0.00980392156862745,-40.12056030389364,-14.01372269705603,-21.23091168091168,0.005555555555555556
727,rating_only,29.0,27.5,-1.5,0.3333333333333333,0.0,-0.3333333333333333,1500.0,40,rating_tier_board,-39.03298382076845,-13.695744815249874,-18.72369126264604,0.00980392156862745,-39.92702482702482,-13.580569122235788,-19.80825532492199,0.0
727,rating_history,29.0,27.5,-1.5,0.3333333333333333,0.0,-0.3333333333333333,1500.0,40,hole_management,-39.03298382076845,-13.695744815249874,-18.72369126264604,0.00980392156862745,-39.92702482702482,-13.580569122235788,-19.80825532492199,0.0
728,control,27.0,28.833333333333332,1.8333333333333321,0.16666666666666666,0.0,-0.16666666666666666,1500.0,40,ordinary_practice,-37.655694614027944,-13.325074616741283,-17.79049654049654,0.005952380952380952,-35.316601848135726,-13.87497466150831,-21.204195219982438,0.0
728,rating_only,27.0,28.833333333333332,1.8333333333333321,0.16666666666666666,0.0,-0.16666666666666666,1500.0,40,rating_tier_board,-37.655694614027944,-13.325074616741283,-17.79049654049654,0.005952380952380952,-36.215187802788606,-13.450856793296309,-15.943618668517862,0.0
728,rating_history,27.0,28.833333333333332,1.8333333333333321,0.16666666666666666,0.0,-0.16666666666666666,1500.0,40,hole_management,-37.655694614027944,-13.325074616741283,-17.79049654049654,0.005952380952380952,-37.03809043778802,-13.37728753101737,-17.240881262554648,0.0
729,control,26.833333333333332,27.333333333333332,0.5,0.0,0.0,0.0,1500.0,40,ordinary_practice,-42.37881630714964,-13.882735721069054,-19.1548778998779,0.0,-40.03537394916705,-13.486992360555579,-19.198137856183834,0.0
729,rating_only,26.833333333333332,27.333333333333332,0.5,0.0,0.0,0.0,1500.0,40,rating_tier_board,-42.37881630714964,-13.882735721069054,-19.1548778998779,0.0,-40.03537394916705,-13.486992360555579,-19.198137856183834,0.0
729,rating_history,26.833333333333332,27.333333333333332,0.5,0.0,0.0,0.0,1500.0,40,hole_management,-42.37881630714964,-13.882735721069054,-19.1548778998779,0.0,-40.03537394916705,-13.486992360555579,-19.198137856183834,0.0
730,control,28.666666666666668,29.166666666666668,0.5,0.16666666666666666,0.5,0.33333333333333337,1500.0,40,ordinary_practice,-36.41776458308716,-13.561385836385837,-20.561605419669934,0.005376344086021505,-33.01252633062978,-12.853761893704423,-17.868675949423075,0.016053391053391052
730,rating_only,28.666666666666668,28.333333333333332,-0.3333333333333357,0.16666666666666666,0.0,-0.16666666666666666,1500.0,40,rating_tier_board,-36.41776458308716,-13.561385836385837,-20.561605419669934,0.005376344086021505,-33.421328802667546,-12.88505919117819,-19.02660201029031,0.0
730,rating_history,28.666666666666668,28.333333333333332,-0.3333333333333357,0.16666666666666666,0.16666666666666666,0.0,1500.0,40,height_management,-36.41776458308716,-13.561385836385837,-20.561605419669934,0.005376344086021505,-36.452938582840545,-13.094939827782966,-19.38009648303766,0.006172839506172839
731,control,29.666666666666668,27.166666666666668,-2.5,0.5,0.0,-0.5,1500.0,40,ordinary_practice,-36.96155518417128,-13.261786058382972,-15.80576502150056,0.016005964820619993,-37.80707221684233,-12.764992772234152,-17.16796972291225,0.0
731,rating_only,29.666666666666668,28.333333333333332,-1.3333333333333357,0.5,0.0,-0.5,1500.0,40,rating_tier_board,-36.96155518417128,-13.261786058382972,-15.80576502150056,0.016005964820619993,-40.813510493200894,-13.763777801319515,-19.119158367072718,0.0
731,rating_history,29.666666666666668,27.833333333333332,-1.8333333333333357,0.5,0.0,-0.5,1500.0,40,hole_management,-36.96155518417128,-13.261786058382972,-15.80576502150056,0.016005964820619993,-39.45436245732871,-13.548639491353619,-19.38193151346655,0.0
732,control,29.333333333333332,27.333333333333332,-2.0,0.5,0.16666666666666666,-0.33333333333333337,1500.0,40,ordinary_practice,-38.00410288272357,-13.450257047498427,-17.652998303343132,0.013513513513513514,-39.45136345136345,-13.310710894044227,-16.19149369149369,0.005952380952380952
732,rating_only,29.333333333333332,28.166666666666668,-1.1666666666666643,0.5,0.5,0.0,1500.0,40,rating_tier_board,-38.00410288272357,-13.450257047498427,-17.652998303343132,0.013513513513513514,-37.19877152597536,-12.892680636235049,-16.096633862728133,0.01633180385613645
732,rating_history,29.333333333333332,26.833333333333332,-2.5,0.5,0.0,-0.5,1500.0,40,height_management,-38.00410288272357,-13.450257047498427,-17.652998303343132,0.013513513513513514,-37.68302681992337,-13.490387398893146,-19.459246487867176,0.0
733,control,26.166666666666668,28.5,2.333333333333332,0.0,0.0,0.0,1500.0,40,ordinary_practice,-38.8685313163524,-14.12645428608447,-21.461169507838672,0.0,-33.61216921407874,-12.798604849307724,-19.82530867182896,0.0
733,rating_only,26.166666666666668,28.333333333333332,2.1666666666666643,0.0,0.0,0.0,1500.0,40,rating_tier_board,-38.8685313163524,-14.12645428608447,-21.461169507838672,0.0,-38.965066208681804,-13.237553514536042,-16.806254978096376,0.0
733,rating_history,26.166666666666668,29.666666666666668,3.5,0.0,0.0,0.0,1500.0,40,surface_management,-38.8685313163524,-14.12645428608447,-21.461169507838672,0.0,-34.306451612903224,-13.213906810035843,-19.19777777777778,0.0
734,control,29.666666666666668,28.666666666666668,-1.0,0.6666666666666666,0.3333333333333333,-0.3333333333333333,1500.0,40,ordinary_practice,-39.667610097782514,-13.729274693412625,-16.437315492832735,0.019465894465894466,-37.651813454744484,-13.5447113997114,-21.0303219385978,0.010101010101010102
734,rating_only,29.666666666666668,26.166666666666668,-3.5,0.6666666666666666,0.0,-0.6666666666666666,1500.0,40,rating_tier_board,-39.667610097782514,-13.729274693412625,-16.437315492832735,0.019465894465894466,-34.580021893814994,-12.94275193091285,-19.707155324454178,0.0
734,rating_history,29.666666666666668,28.666666666666668,-1.0,0.6666666666666666,0.16666666666666666,-0.5,1500.0,40,surface_management,-39.667610097782514,-13.729274693412625,-16.437315492832735,0.019465894465894466,-37.69296476193028,-13.313244120715385,-15.861240026469911,0.005050505050505051
735,control,29.666666666666668,26.5,-3.166666666666668,0.16666666666666666,0.16666666666666666,0.0,1500.0,40,ordinary_practice,-38.10910844500945,-13.431821953846425,-19.122923177428184,0.005747126436781609,-39.018984068759664,-13.370963426475347,-21.190074441687344,0.006666666666666667
735,rating_only,29.666666666666668,26.5,-3.166666666666668,0.16666666666666666,0.0,-0.16666666666666666,1500.0,40,rating_tier_board,-38.10910844500945,-13.431821953846425,-19.122923177428184,0.005747126436781609,-37.87671119981779,-13.188492645736686,-20.35300922429604,0.0
735,rating_history,29.666666666666668,26.166666666666668,-3.5,0.16666666666666666,0.0,-0.16666666666666666,1500.0,40,hole_management,-38.10910844500945,-13.431821953846425,-19.122923177428184,0.005747126436781609,-38.08848690225502,-12.845352969628332,-20.265980517067476,0.0
736,control,27.166666666666668,27.666666666666668,0.5,0.0,0.16666666666666666,0.16666666666666666,1500.0,40,ordinary_practice,-37.93416026625704,-13.148204613984184,-17.08963560334528,0.0,-37.98820954907162,-12.741338812050019,-16.435397877984084,0.005208333333333333
736,rating_only,27.166666666666668,27.0,-0.16666666666666785,0.0,0.0,0.0,1500.0,40,rating_tier_board,-37.93416026625704,-13.148204613984184,-17.08963560334528,0.0,-43.42157786021011,-13.459979952280676,-16.646639868786608,0.0
736,rating_history,27.166666666666668,25.5,-1.6666666666666679,0.0,0.0,0.0,1500.0,40,height_management,-37.93416026625704,-13.148204613984184,-17.08963560334528,0.0,-40.64846930846931,-12.888019511352844,-17.86832685832686,0.0
737,control,28.333333333333332,27.5,-0.8333333333333321,0.16666666666666666,0.16666666666666666,0.0,1500.0,40,ordinary_practice,-37.29947370637026,-13.449832521671603,-19.452027166107626,0.005952380952380952,-31.95922105298264,-12.536751103028449,-21.87826224709799,0.005952380952380952
737,rating_only,28.333333333333332,28.166666666666668,-0.1666666666666643,0.16666666666666666,0.0,-0.16666666666666666,1500.0,40,rating_tier_board,-37.29947370637026,-13.449832521671603,-19.452027166107626,0.005952380952380952,-36.89528940792381,-13.447783598321232,-19.231454457529725,0.0
737,rating_history,28.333333333333332,27.5,-0.8333333333333321,0.16666666666666666,0.16666666666666666,0.0,1500.0,40,surface_management,-37.29947370637026,-13.449832521671603,-19.452027166107626,0.005952380952380952,-31.95922105298264,-12.536751103028449,-21.87826224709799,0.005952380952380952
738,control,25.166666666666668,25.666666666666668,0.5,0.5,0.0,-0.5,1500.0,40,ordinary_practice,-46.672788050419236,-13.794085692196637,-18.611128880004443,0.01685823754789272,-38.88869929453263,-13.28157848324515,-21.331309523809523,0.0
738,rating_only,25.166666666666668,25.666666666666668,0.5,0.5,0.0,-0.5,1500.0,40,rating_tier_board,-46.672788050419236,-13.794085692196637,-18.611128880004443,0.01685823754789272,-38.88869929453263,-13.28157848324515,-21.337261904761903,0.0
738,rating_history,25.166666666666668,26.666666666666668,1.5,0.5,0.0,-0.5,1500.0,40,surface_management,-46.672788050419236,-13.794085692196637,-18.611128880004443,0.01685823754789272,-38.60972222222222,-13.814484126984127,-21.38015873015873,0.0
739,control,27.5,29.166666666666668,1.6666666666666679,0.16666666666666666,0.5,0.33333333333333337,1500.0,40,ordinary_practice,-38.13444914600087,-13.314954200758798,-19.551366679297715,0.006666666666666667,-38.74025781317448,-13.722029320987655,-17.612632737632737,0.015309343434343434
739,rating_only,27.5,29.833333333333332,2.333333333333332,0.16666666666666666,0.6666666666666666,0.5,1500.0,40,rating_tier_board,-38.13444914600087,-13.314954200758798,-19.551366679297715,0.006666666666666667,-39.81747807987032,-13.848354231974922,-18.804365354473113,0.02089864158829676
739,rating_history,27.5,29.833333333333332,2.333333333333332,0.16666666666666666,0.5,0.33333333333333337,1500.0,40,hole_management,-38.13444914600087,-13.314954200758798,-19.551366679297715,0.006666666666666667,-37.03719514441497,-13.704676071055381,-19.329122206816173,0.015151515151515152
740,control,25.833333333333332,26.0,0.16666666666666785,0.16666666666666666,0.0,-0.16666666666666666,1500.0,40,ordinary_practice,-36.56792803970223,-12.56431623931624,-20.537648194099805,0.005376344086021505,-36.98900522317189,-12.95051282051282,-21.341552706552704,0.0
740,rating_only,25.833333333333332,27.666666666666668,1.8333333333333357,0.16666666666666666,0.16666666666666666,0.0,1500.0,40,rating_tier_board,-36.56792803970223,-12.56431623931624,-20.537648194099805,0.005376344086021505,-37.419470048629535,-13.545513136288998,-18.3496294366553,0.005208333333333333
740,rating_history,25.833333333333332,27.0,1.1666666666666679,0.16666666666666666,0.16666666666666666,0.0,1500.0,40,height_management,-36.56792803970223,-12.56431623931624,-20.537648194099805,0.005376344086021505,-40.6172180674264,-13.619615384615384,-18.074337606837606,0.005208333333333333
741,control,25.333333333333332,25.666666666666668,0.3333333333333357,0.0,0.0,0.0,1500.0,40,ordinary_practice,-40.68355921855922,-13.149285714285714,-18.348861416361416,0.0,-39.75339743589743,-13.860987654320988,-20.977675688509024,0.0
741,rating_only,25.333333333333332,25.666666666666668,0.3333333333333357,0.0,0.0,0.0,1500.0,40,rating_tier_board,-40.68355921855922,-13.149285714285714,-18.348861416361416,0.0,-39.75339743589743,-13.860987654320988,-20.977675688509024,0.0
741,rating_history,25.333333333333332,25.666666666666668,0.3333333333333357,0.0,0.0,0.0,1500.0,40,hole_management,-40.68355921855922,-13.149285714285714,-18.348861416361416,0.0,-39.780064102564104,-13.860987654320988,-21.031009021842355,0.0
742,control,28.666666666666668,28.166666666666668,-0.5,0.16666666666666666,0.16666666666666666,0.0,1500.0,40,ordinary_practice,-35.90353295065939,-13.681777536267479,-18.910510200740084,0.006410256410256411,-34.393346595932805,-13.811086901604144,-20.352358848048503,0.005952380952380952
742,rating_only,28.666666666666668,28.166666666666668,-0.5,0.16666666666666666,0.0,-0.16666666666666666,1500.0,40,rating_tier_board,-35.90353295065939,-13.681777536267479,-18.910510200740084,0.006410256410256411,-35.697008060328415,-13.042903362378706,-17.774645953409394,0.0
742,rating_history,28.666666666666668,28.833333333333332,0.1666666666666643,0.16666666666666666,0.0,-0.16666666666666666,1500.0,40,surface_management,-35.90353295065939,-13.681777536267479,-18.910510200740084,0.006410256410256411,-37.66161037371526,-14.358992808489935,-20.51429122574956,0.0
743,control,25.666666666666668,28.333333333333332,2.6666666666666643,0.5,0.3333333333333333,-0.16666666666666669,1500.0,40,ordinary_practice,-42.07300184383518,-13.685686227352894,-17.865850970017636,0.01627384960718294,-38.716278659611994,-13.001807760141094,-16.27483245149912,0.012222222222222223
743,rating_only,25.666666666666668,28.166666666666668,2.5,0.5,0.3333333333333333,-0.16666666666666669,1500.0,40,rating_tier_board,-42.07300184383518,-13.685686227352894,-17.865850970017636,0.01627384960718294,-39.59911979821254,-13.543546117860634,-18.36662198017037,0.01075268817204301
743,rating_history,25.666666666666668,25.166666666666668,-0.5,0.5,0.16666666666666666,-0.33333333333333337,1500.0,40,height_management,-42.07300184383518,-13.685686227352894,-17.865850970017636,0.01627384960718294,-38.11927911044478,-12.732566216891554,-16.274831334332834,0.006666666666666667
744,control,26.833333333333332,27.166666666666668,0.3333333333333357,0.16666666666666666,0.0,-0.16666666666666666,1500.0,40,ordinary_practice,-40.83808672586784,-13.526920514101924,-18.42531106241751,0.005555555555555556,-35.248024691358026,-13.068662606018927,-19.474615384615383,0.0
744,rating_only,26.833333333333332,28.5,1.6666666666666679,0.16666666666666666,0.3333333333333333,0.16666666666666666,1500.0,40,rating_tier_board,-40.83808672586784,-13.526920514101924,-18.42531106241751,0.005555555555555556,-39.37052469135803,-12.921296296296296,-15.130864197530864,0.011111111111111112
744,rating_history,26.833333333333332,28.5,1.6666666666666679,0.16666666666666666,0.3333333333333333,0.16666666666666666,1500.0,40,hole_management,-40.83808672586784,-13.526920514101924,-18.42531106241751,0.005555555555555556,-39.37052469135803,-12.921296296296296,-15.130864197530864,0.011111111111111112
745,control,27.666666666666668,27.0,-0.6666666666666679,0.0,0.0,0.0,1500.0,40,ordinary_practice,-35.5192857844582,-12.832016897534139,-19.439438386219994,0.0,-37.9784713743047,-13.518091168091168,-20.216915954415953,0.0
745,rating_only,27.666666666666668,27.833333333333332,0.1666666666666643,0.0,0.0,0.0,1500.0,40,rating_tier_board,-35.5192857844582,-12.832016897534139,-19.439438386219994,0.0,-36.7863509548136,-13.276128139633887,-18.5136826841209,0.0
745,rating_history,27.666666666666668,27.666666666666668,0.0,0.0,0.16666666666666666,0.16666666666666666,1500.0,40,hole_management,-35.5192857844582,-12.832016897534139,-19.439438386219994,0.0,-37.84752431476569,-13.58472672495661,-20.739779611618694,0.005555555555555556
746,control,27.5,25.5,-2.0,0.5,0.0,-0.5,1500.0,40,ordinary_practice,-42.27026228949018,-14.025999368040846,-19.875560169650623,0.017255062944718118,-37.92813899063899,-13.623626373626372,-21.1946394654728,0.0
746,rating_only,27.5,27.333333333333332,-0.16666666666666785,0.5,0.0,-0.5,1500.0,40,rating_tier_board,-42.27026228949018,-14.025999368040846,-19.875560169650623,0.017255062944718118,-36.46662698412698,-12.814852092352092,-17.95018398268398,0.0
746,rating_history,27.5,25.5,-2.0,0.5,0.0,-0.5,1500.0,40,hole_management,-42.27026228949018,-14.025999368040846,-19.875560169650623,0.017255062944718118,-41.708910595577265,-14.092111653778321,-21.81427621760955,0.0
747,control,27.0,26.333333333333332,-0.6666666666666679,0.0,0.0,0.0,1500.0,40,ordinary_practice,-40.327899877899874,-13.09423076923077,-17.76669719169719,0.0,-43.04205949223191,-14.225601869394973,-20.033602374636857,0.0
747,rating_only,27.0,29.0,2.0,0.0,0.16666666666666666,0.16666666666666666,1500.0,40,rating_tier_board,-40.327899877899874,-13.09423076923077,-17.76669719169719,0.0,-41.00615763546798,-13.569529967159278,-16.994278530377667,0.005208333333333333
747,rating_history,27.0,29.0,2.0,0.0,0.16666666666666666,0.16666666666666666,1500.0,40,surface_management,-40.327899877899874,-13.09423076923077,-17.76669719169719,0.0,-41.00615763546798,-13.569529967159278,-16.994278530377667,0.005208333333333333
748,control,27.833333333333332,27.333333333333332,-0.5,0.0,0.16666666666666666,0.16666666666666666,1500.0,40,ordinary_practice,-39.875362557833824,-13.593527056170734,-19.539870835847847,0.0,-40.46307149640483,-13.660476868810202,-20.918708452041784,0.005555555555555556
748,rating_only,27.833333333333332,27.333333333333332,-0.5,0.0,0.16666666666666666,0.16666666666666666,1500.0,40,rating_tier_board,-39.875362557833824,-13.593527056170734,-19.539870835847847,0.0,-40.46307149640483,-13.660476868810202,-20.918708452041784,0.005555555555555556
748,rating_history,27.833333333333332,27.5,-0.33333333333333215,0.0,0.16666666666666666,0.16666666666666666,1500.0,40,surface_management,-39.875362557833824,-13.593527056170734,-19.539870835847847,0.0,-38.87083912256326,-13.551518883415435,-21.151311523725315,0.005555555555555556
749,control,25.833333333333332,29.0,3.166666666666668,0.0,0.3333333333333333,0.3333333333333333,1500.0,40,ordinary_practice,-42.45982316294816,-14.08228576978577,-22.22774100899101,0.0,-38.92703405017921,-13.859061379928315,-19.485116487455198,0.010763888888888889
749,rating_only,25.833333333333332,26.5,0.6666666666666679,0.0,0.16666666666666666,0.16666666666666666,1500.0,40,rating_tier_board,-42.45982316294816,-14.08228576978577,-22.22774100899101,0.0,-42.10597670250896,-13.71823476702509,-17.66569892473118,0.005555555555555556
749,rating_history,25.833333333333332,26.166666666666668,0.3333333333333357,0.0,0.0,0.0,1500.0,40,surface_management,-42.45982316294816,-14.08228576978577,-22.22774100899101,0.0,-42.39204011440571,-13.567597842221499,-17.29306143876036,0.0
750,control,26.0,28.166666666666668,2.166666666666668,0.16666666666666666,0.16666666666666666,0.0,1500.0,40,ordinary_practice,-40.021898505875264,-13.32261881879573,-19.4921997334666,0.005555555555555556,-37.21846844705576,-13.995677903167707,-20.656238545096535,0.005376344086021505
750,rating_only,26.0,27.166666666666668,1.1666666666666679,0.16666666666666666,0.16666666666666666,0.0,1500.0,40,rating_tier_board,-40.021898505875264,-13.32261881879573,-19.4921997334666,0.005555555555555556,-35.68490925058408,-13.487277991032162,-21.30015784075851,0.005376344086021505
750,rating_history,26.0,25.833333333333332,-0.16666666666666785,0.16666666666666666,0.0,-0.16666666666666666,1500.0,40,height_management,-40.021898505875264,-13.32261881879573,-19.4921997334666,0.005555555555555556,-37.30949938949939,-13.726971916971918,-22.043778998778997,0.0
751,control,27.333333333333332,28.5,1.1666666666666679,0.0,0.0,0.0,1500.0,40,ordinary_practice,-35.5306300553427,-12.82801724137931,-16.070002128565346,0.0,-34.923980318825286,-12.91754195405399,-18.019405708901132,0.0
751,rating_only,27.333333333333332,27.833333333333332,0.5,0.0,0.16666666666666666,0.16666666666666666,1500.0,40,rating_tier_board,-35.5306300553427,-12.82801724137931,-16.070002128565346,0.0,-39.54699469491428,-13.154329378826807,-15.53954539824105,0.005376344086021505
751,rating_history,27.333333333333332,27.166666666666668,-0.1666666666666643,0.0,0.16666666666666666,0.16666666666666666,1500.0,40,surface_management,-35.5306300553427,-12.82801724137931,-16.070002128565346,0.0,-38.79659759109887,-13.54374450783658,-18.488646905808032,0.004901960784313725
752,control,26.5,29.166666666666668,2.666666666666668,0.0,0.0,0.0,1500.0,40,ordinary_practice,-38.256867301227935,-13.603957956687841,-18.40427105621071,0.0,-33.71518009183239,-12.92611027488901,-17.733062891503984,0.0
752,rating_only,26.5,29.833333333333332,3.333333333333332,0.0,0.16666666666666666,0.16666666666666666,1500.0,40,rating_tier_board,-38.256867301227935,-13.603957956687841,-18.40427105621071,0.0,-33.21325322187391,-12.679865154003085,-16.39808802308802,0.005050505050505051
752,rating_history,26.5,25.666666666666668,-0.8333333333333321,0.0,0.16666666666666666,0.16666666666666666,1500.0,40,hole_management,-38.256867301227935,-13.603957956687841,-18.40427105621071,0.0,-40.85341614906832,-13.84532303445347,-19.318681982268938,0.005555555555555556
753,control,29.166666666666668,28.666666666666668,-0.5,0.16666666666666666,0.0,-0.16666666666666666,1500.0,40,ordinary_practice,-34.32278663535616,-12.973986184924264,-18.065333910105878,0.005555555555555556,-34.999937454467855,-13.413327879071218,-18.503012932857686,0.0
753,rating_only,29.166666666666668,26.666666666666668,-2.5,0.16666666666666666,0.16666666666666666,0.0,1500.0,40,rating_tier_board,-34.32278663535616,-12.973986184924264,-18.065333910105878,0.005555555555555556,-38.50594007274261,-13.339245630912298,-17.46256942701689,0.005952380952380952
753,rating_history,29.166666666666668,26.666666666666668,-2.5,0.16666666666666666,0.0,-0.16666666666666666,1500.0,40,hole_management,-34.32278663535616,-12.973986184924264,-18.065333910105878,0.005555555555555556,-38.27317867317868,-13.67313254646588,-18.485006105006104,0.0
754,control,27.333333333333332,27.666666666666668,0.3333333333333357,0.0,0.0,0.0,1500.0,40,ordinary_practice,-39.83908165609778,-13.147139815580676,-15.94420465337132,0.0,-35.72152283646537,-13.059653043848446,-19.007799671592775,0.0
754,rating_only,27.333333333333332,27.666666666666668,0.3333333333333357,0.0,0.0,0.0,1500.0,40,rating_tier_board,-39.83908165609778,-13.147139815580676,-15.94420465337132,0.0,-35.045552047480115,-13.19152113147293,-20.142267315348516,0.0
754,rating_history,27.333333333333332,27.333333333333332,0.0,0.0,0.0,0.0,1500.0,40,hole_management,-39.83908165609778,-13.147139815580676,-15.94420465337132,0.0,-35.30687830687831,-12.983024691358025,-19.645943562610228,0.0
755,control,25.5,27.833333333333332,2.333333333333332,0.0,0.0,0.0,1500.0,40,ordinary_practice,-37.96871304720767,-13.366848941580125,-18.896986490212296,0.0,-36.01209668666658,-13.782369792692373,-22.119831860692074,0.0
755,rating_only,25.5,28.5,3.0,0.0,0.0,0.0,1500.0,40,rating_tier_board,-37.96871304720767,-13.366848941580125,-18.896986490212296,0.0,-34.89920930050634,-13.562765581441656,-20.265896164021164,0.0
755,rating_history,25.5,27.333333333333332,1.8333333333333321,0.0,0.0,0.0,1500.0,40,height_management,-37.96871304720767,-13.366848941580125,-18.896986490212296,0.0,-37.91462852733686,-13.991349206349206,-20.21068672839506,0.0
756,control,26.166666666666668,29.5,3.333333333333332,0.0,0.5,0.5,1500.0,40,ordinary_practice,-38.37023500816326,-13.726429052655416,-20.572651683688946,0.0,-38.63775639350352,-13.667267020715297,-16.67478356846173,0.013513513513513514
756,rating_only,26.166666666666668,28.666666666666668,2.5,0.0,0.3333333333333333,0.3333333333333333,1500.0,40,rating_tier_board,-38.37023500816326,-13.726429052655416,-20.572651683688946,0.0,-35.661858068238175,-13.645792927184415,-20.04140671599684,0.010649087221095335
756,rating_history,26.166666666666668,28.666666666666668,2.5,0.0,0.3333333333333333,0.3333333333333333,1500.0,40,hole_management,-38.37023500816326,-13.726429052655416,-20.572651683688946,0.0,-35.29911297019896,-13.645792927184415,-19.938465539526252,0.010649087221095335
757,control,26.166666666666668,25.333333333333332,-0.8333333333333357,0.3333333333333333,0.0,-0.3333333333333333,1500.0,40,ordinary_practice,-40.42336093857833,-13.444899930986887,-20.315734989648032,0.011507936507936507,-43.14406343124734,-13.898836739037888,-20.096102596849722,0.0
757,rating_only,26.166666666666668,25.833333333333332,-0.3333333333333357,0.3333333333333333,0.3333333333333333,0.0,1500.0,40,rating_tier_board,-40.42336093857833,-13.444899930986887,-20.315734989648032,0.011507936507936507,-43.60497400109469,-13.677962506841817,-18.840058839627805,0.011111111111111112
757,rating_history,26.166666666666668,24.5,-1.6666666666666679,0.3333333333333333,0.0,-0.3333333333333333,1500.0,40,height_management,-40.42336093857833,-13.444899930986887,-20.315734989648032,0.011507936507936507,-42.32145773979107,-13.670320512820513,-20.612293447293446,0.0
758,control,28.166666666666668,27.833333333333332,-0.3333333333333357,0.3333333333333333,0.0,-0.3333333333333333,1500.0,40,ordinary_practice,-36.26438222687598,-13.250900211270027,-18.8509772362496,0.009523809523809523,-33.284254434752064,-12.948782597948338,-17.63534954367751,0.0
758,rating_only,28.166666666666668,26.0,-2.166666666666668,0.3333333333333333,0.0,-0.3333333333333333,1500.0,40,rating_tier_board,-36.26438222687598,-13.250900211270027,-18.8509772362496,0.009523809523809523,-39.07635818842715,-13.62567541015817,-19.322210409854087,0.0
758,rating_history,28.166666666666668,27.333333333333332,-0.8333333333333357,0.3333333333333333,0.0,-0.3333333333333333,1500.0,40,height_management,-36.26438222687598,-13.250900211270027,-18.8509772362496,0.009523809523809523,-38.49136878447223,-13.06203013674278,-17.972744422457065,0.0
759,control,28.5,27.333333333333332,-1.1666666666666679,0.3333333333333333,0.0,-0.3333333333333333,1500.0,40,ordinary_practice,-32.878068929793066,-12.965979571726699,-19.17309478516375,0.010101010101010102,-36.90468942296528,-13.586585169455025,-21.78853860568358,0.0
759,rating_only,28.5,27.833333333333332,-0.6666666666666679,0.3333333333333333,0.0,-0.3333333333333333,1500.0,40,rating_tier_board,-32.878068929793066,-12.965979571726699,-19.17309478516375,0.010101010101010102,-39.1386675180928,-14.20664963814389,-21.61849723286505,0.0
759,rating_history,28.5,27.333333333333332,-1.1666666666666679,0.3333333333333333,0.0,-0.3333333333333333,1500.0,40,hole_management,-32.878068929793066,-12.965979571726699,-19.17309478516375,0.010101010101010102,-39.25363665389527,-14.0623595146871,-22.154762664963815,0.0
760,control,26.5,25.833333333333332,-0.6666666666666679,0.16666666666666666,0.0,-0.16666666666666666,1500.0,40,ordinary_practice,-41.39460032092216,-13.405993712545436,-18.09650162098438,0.005747126436781609,-37.57979349684723,-12.737304197363684,-18.07133484835037,0.0
760,rating_only,26.5,27.666666666666668,1.1666666666666679,0.16666666666666666,0.0,-0.16666666666666666,1500.0,40,rating_tier_board,-41.39460032092216,-13.405993712545436,-18.09650162098438,0.005747126436781609,-37.51267025089606,-12.95583717357911,-15.944252432155658,0.0
760,rating_history,26.5,27.5,1.0,0.16666666666666666,0.5,0.33333333333333337,1500.0,40,surface_management,-41.39460032092216,-13.405993712545436,-18.09650162098438,0.005747126436781609,-44.101792645663856,-13.959962468415902,-17.12806574609947,0.016129032258064516
761,control,28.333333333333332,28.0,-0.33333333333333215,0.3333333333333333,0.16666666666666666,-0.16666666666666666,1500.0,40,ordinary_practice,-40.99425439396704,-13.648865208599403,-18.32064575351213,0.011302681992337164,-42.777761778451435,-13.765700181045009,-15.36787124752642,0.005555555555555556
761,rating_only,28.333333333333332,28.5,0.16666666666666785,0.3333333333333333,0.16666666666666666,-0.16666666666666666,1500.0,40,rating_tier_board,-40.99425439396704,-13.648865208599403,-18.32064575351213,0.011302681992337164,-42.61941620879121,-14.089455891330891,-16.19858363858364,0.005555555555555556
761,rating_history,28.333333333333332,28.5,0.16666666666666785,0.3333333333333333,0.3333333333333333,0.0,1500.0,40,height_management,-40.99425439396704,-13.648865208599403,-18.32064575351213,0.011302681992337164,-41.221658885776534,-13.070192379689395,-16.510176321736424,0.009663865546218488
762,control,27.833333333333332,27.166666666666668,-0.6666666666666643,0.0,0.16666666666666666,0.16666666666666666,1500.0,40,ordinary_practice,-37.47960317460318,-13.018333333333333,-19.08547619047619,0.0,-36.65576388888889,-12.95266636141636,-17.7996047008547,0.005208333333333333
762,rating_only,27.833333333333332,27.666666666666668,-0.1666666666666643,0.0,0.0,0.0,1500.0,40,rating_tier_board,-37.47960317460318,-13.018333333333333,-19.08547619047619,0.0,-34.83641975308642,-13.22803893637227,-19.09684235517569,0.0
762,rating_history,27.833333333333332,27.166666666666668,-0.6666666666666643,0.0,0.16666666666666666,0.16666666666666666,1500.0,40,hole_management,-37.47960317460318,-13.018333333333333,-19.08547619047619,0.0,-34.37898844450569,-13.125461128909405,-19.82969817538783,0.005747126436781609
763,control,26.5,27.666666666666668,1.1666666666666679,0.0,0.0,0.0,1500.0,40,ordinary_practice,-34.94401459984294,-13.227107142399497,-18.487858863608487,0.0,-36.23381004395497,-13.358822524764554,-19.700685787642307,0.0
763,rating_only,26.5,27.666666666666668,1.1666666666666679,0.0,0.0,0.0,1500.0,40,rating_tier_board,-34.94401459984294,-13.227107142399497,-18.487858863608487,0.0,-36.23381004395497,-13.358822524764554,-19.700685787642307,0.0
763,rating_history,26.5,26.666666666666668,0.16666666666666785,0.0,0.16666666666666666,0.16666666666666666,1500.0,40,hole_management,-34.94401459984294,-13.227107142399497,-18.487858863608487,0.0,-36.93716859102916,-13.402341578128684,-19.86502244007866,0.005050505050505051
764,control,27.0,26.666666666666668,-0.33333333333333215,0.16666666666666666,0.16666666666666666,0.0,1500.0,40,ordinary_practice,-36.04202741702742,-12.817316017316017,-17.88322510822511,0.005555555555555556,-41.49305035034179,-13.671513291121189,-20.19668413621973,0.005747126436781609
764,rating_only,27.0,26.833333333333332,-0.16666666666666785,0.16666666666666666,0.3333333333333333,0.16666666666666666,1500.0,40,rating_tier_board,-36.04202741702742,-12.817316017316017,-17.88322510822511,0.005555555555555556,-34.309105698473516,-12.935173782156541,-20.15359119382108,0.011699507389162561
764,rating_history,27.0,25.166666666666668,-1.8333333333333321,0.16666666666666666,0.0,-0.16666666666666666,1500.0,40,surface_management,-36.04202741702742,-12.817316017316017,-17.88322510822511,0.005555555555555556,-38.9057041808766,-12.794089301503094,-20.51705001894657,0.0
765,control,28.0,27.833333333333332,-0.16666666666666785,0.0,0.0,0.0,1500.0,40,ordinary_practice,-32.17777099443766,-12.762966354633022,-17.052530185863517,0.0,-36.52630054020609,-13.069947169272506,-18.369663382594418,0.0
765,rating_only,28.0,26.833333333333332,-1.1666666666666679,0.0,0.0,0.0,1500.0,40,rating_tier_board,-32.17777099443766,-12.762966354633022,-17.052530185863517,0.0,-40.403025451559934,-13.528505747126436,-21.56221811713191,0.0
765,rating_history,28.0,27.833333333333332,-0.16666666666666785,0.0,0.0,0.0,1500.0,40,height_management,-32.17777099443766,-12.762966354633022,-17.052530185863517,0.0,-36.61325706194522,-13.084439922895696,-18.485605411579925,0.0
766,control,29.666666666666668,27.5,-2.166666666666668,0.0,0.0,0.0,1500.0,40,ordinary_practice,-34.505581742852456,-13.254480537734807,-16.829800976543545,0.0,-39.070464006778664,-13.484007515473033,-19.678271441202476,0.0
766,rating_only,29.666666666666668,27.5,-2.166666666666668,0.0,0.16666666666666666,0.16666666666666666,1500.0,40,rating_tier_board,-34.505581742852456,-13.254480537734807,-16.829800976543545,0.0,-35.220789592984545,-13.3286053223524,-21.5726495121072,0.005050505050505051
766,rating_history,29.666666666666668,27.333333333333332,-2.3333333333333357,0.0,0.0,0.0,1500.0,40,surface_management,-34.505581742852456,-13.254480537734807,-16.829800976543545,0.0,-39.70733307224593,-13.513919642742731,-20.32610377503556,0.0
767,control,27.166666666666668,25.833333333333332,-1.3333333333333357,1.0,0.16666666666666666,-0.8333333333333334,1500.0,40,ordinary_practice,-42.85022515457298,-13.70825901623003,-19.670518409648842,0.028474903474903477,-36.416359864422624,-12.967743591242014,-21.608614812217546,0.005208333333333333
767,rating_only,27.166666666666668,26.0,-1.1666666666666679,1.0,0.0,-1.0,1500.0,40,rating_tier_board,-42.85022515457298,-13.70825901623003,-19.670518409648842,0.028474903474903477,-37.91653716653717,-13.107226107226108,-19.112298195631528,0.0
767,rating_history,27.166666666666668,27.5,0.33333333333333215,1.0,0.0,-1.0,1500.0,40,height_management,-42.85022515457298,-13.70825901623003,-19.670518409648842,0.028474903474903477,-35.41181910761652,-13.068210180623973,-17.176355942907666,0.0
768,control,25.333333333333332,25.666666666666668,0.3333333333333357,0.0,0.0,0.0,1500.0,40,ordinary_practice,-45.376287987374944,-13.711315785663611,-17.111833384007298,0.0,-36.77864734299517,-13.063496029762897,-21.27285431358395,0.0
768,rating_only,25.333333333333332,27.666666666666668,2.3333333333333357,0.0,0.3333333333333333,0.3333333333333333,1500.0,40,rating_tier_board,-45.376287987374944,-13.711315785663611,-17.111833384007298,0.0,-43.39280020958182,-13.837559026754429,-18.67684481121263,0.011302681992337164
768,rating_history,25.333333333333332,25.666666666666668,0.3333333333333357,0.0,0.0,0.0,1500.0,40,height_management,-45.376287987374944,-13.711315785663611,-17.111833384007298,0.0,-36.242415458937195,-12.991032261646954,-21.48299924112018,0.0
769,control,27.666666666666668,28.333333333333332,0.6666666666666643,0.16666666666666666,0.0,-0.16666666666666666,1500.0,40,ordinary_practice,-37.29382851989707,-12.710483890114267,-15.842583766044788,0.005376344086021505,-37.71755217031797,-13.320510057471264,-18.2463412213053,0.0
769,rating_only,27.666666666666668,28.333333333333332,0.6666666666666643,0.16666666666666666,0.0,-0.16666666666666666,1500.0,40,rating_tier_board,-37.29382851989707,-12.710483890114267,-15.842583766044788,0.005376344086021505,-37.71755217031797,-13.320510057471264,-18.2463412213053,0.0
769,rating_history,27.666666666666668,28.166666666666668,0.5,0.16666666666666666,0.0,-0.16666666666666666,1500.0,40,hole_management,-37.29382851989707,-12.710483890114267,-15.842583766044788,0.005376344086021505,-37.039097184212125,-13.307411266894025,-17.9935169981147,0.0
770,control,26.0,28.333333333333332,2.333333333333332,0.16666666666666666,0.3333333333333333,0.16666666666666666,1500.0,40,ordinary_practice,-38.52975229392013,-12.930076799207235,-18.78378327998945,0.005376344086021505,-39.58624647703949,-13.356568119504947,-17.999338487577734,0.011549183592194345
770,rating_only,26.0,29.0,3.0,0.16666666666666666,0.5,0.33333333333333337,1500.0,40,rating_tier_board,-38.52975229392013,-12.930076799207235,-18.78378327998945,0.005376344086021505,-37.19873597427477,-12.881135399562124,-16.09454536124795,0.015717364532019704
770,rating_history,26.0,27.5,1.5,0.16666666666666666,0.0,-0.16666666666666666,1500.0,40,surface_management,-38.52975229392013,-12.930076799207235,-18.78378327998945,0.005376344086021505,-37.08879392212726,-13.127446925834022,-18.07789572036884,0.0
771,control,28.5,28.333333333333332,-0.16666666666666785,0.3333333333333333,0.16666666666666666,-0.16666666666666666,1500.0,40,ordinary_practice,-39.37222010328839,-13.606907916914679,-18.27970986016963,0.010649087221095335,-34.02499073044123,-13.154949944382647,-19.418487208008898,0.005376344086021505
771,rating_only,28.5,29.666666666666668,1.1666666666666679,0.3333333333333333,0.0,-0.3333333333333333,1500.0,40,rating_tier_board,-39.37222010328839,-13.606907916914679,-18.27970986016963,0.010649087221095335,-34.7677711235588,-13.576433360700602,-18.810593505570562,0.0
771,rating_history,28.5,29.666666666666668,1.1666666666666679,0.3333333333333333,0.0,-0.3333333333333333,1500.0,40,hole_management,-39.37222010328839,-13.606907916914679,-18.27970986016963,0.010649087221095335,-34.7677711235588,-13.576433360700602,-18.810593505570562,0.0
772,control,25.5,28.333333333333332,2.833333333333332,0.0,0.16666666666666666,0.16666666666666666,1500.0,40,ordinary_practice,-37.78487465280569,-13.495018234213637,-19.851415652248985,0.0,-34.07737995921394,-12.979974585959708,-18.590206865653194,0.005376344086021505
772,rating_only,25.5,28.333333333333332,2.833333333333332,0.0,0.16666666666666666,0.16666666666666666,1500.0,40,rating_tier_board,-37.78487465280569,-13.495018234213637,-19.851415652248985,0.0,-34.2579355147695,-12.979974585959708,-18.38187353231986,0.005376344086021505
772,rating_history,25.5,27.5,2.0,0.0,0.16666666666666666,0.16666666666666666,1500.0,40,hole_management,-37.78487465280569,-13.495018234213637,-19.851415652248985,0.0,-38.57129086564571,-13.378096700536448,-19.973191443541833,0.005050505050505051
773,control,27.5,27.333333333333332,-0.16666666666666785,0.5,0.0,-0.5,1500.0,40,ordinary_practice,-42.704319316436255,-14.604833269329237,-20.547763376856118,0.015793010752688172,-35.78721397733263,-13.970403962617533,-19.723497908935432,0.0
773,rating_only,27.5,27.333333333333332,-0.16666666666666785,0.5,0.0,-0.5,1500.0,40,rating_tier_board,-42.704319316436255,-14.604833269329237,-20.547763376856118,0.015793010752688172,-35.802081187602134,-13.947415456870408,-20.149112736849112,0.0
773,rating_history,27.5,27.333333333333332,-0.16666666666666785,0.5,0.0,-0.5,1500.0,40,surface_management,-42.704319316436255,-14.604833269329237,-20.547763376856118,0.015793010752688172,-35.802081187602134,-13.947415456870408,-20.149112736849112,0.0
774,control,27.833333333333332,25.166666666666668,-2.6666666666666643,0.3333333333333333,0.0,-0.3333333333333333,1500.0,40,ordinary_practice,-38.17064826052582,-13.864126217314624,-21.47443903709521,0.009523809523809523,-43.43336749133851,-14.023787860019745,-21.78894838387592,0.0
774,rating_only,27.833333333333332,25.666666666666668,-2.1666666666666643,0.3333333333333333,0.0,-0.3333333333333333,1500.0,40,rating_tier_board,-38.17064826052582,-13.864126217314624,-21.47443903709521,0.009523809523809523,-43.46580070493114,-14.134248655263148,-20.102937400763487,0.0
774,rating_history,27.833333333333332,27.666666666666668,-0.1666666666666643,0.3333333333333333,0.16666666666666666,-0.16666666666666666,1500.0,40,height_management,-38.17064826052582,-13.864126217314624,-21.47443903709521,0.009523809523809523,-37.81448702731967,-13.804723307988862,-20.45110859748697,0.005208333333333333
775,control,27.5,26.833333333333332,-0.6666666666666679,0.16666666666666666,0.16666666666666666,0.0,1500.0,40,ordinary_practice,-41.27200957922315,-13.542907361455748,-18.14499509018975,0.005747126436781609,-39.50001473622163,-13.525703654582966,-18.423110079575597,0.005555555555555556
775,rating_only,27.5,24.333333333333332,-3.166666666666668,0.16666666666666666,0.16666666666666666,0.0,1500.0,40,rating_tier_board,-41.27200957922315,-13.542907361455748,-18.14499509018975,0.005747126436781609,-43.50581601972907,-14.243414833958312,-20.447599152055673,0.006410256410256411
775,rating_history,27.5,24.166666666666668,-3.333333333333332,0.16666666666666666,0.0,-0.16666666666666666,1500.0,40,surface_management,-41.27200957922315,-13.542907361455748,-18.14499509018975,0.005747126436781609,-40.4202328323018,-13.702416331008285,-18.649680305858467,0.0
776,control,27.666666666666668,28.166666666666668,0.5,0.16666666666666666,0.3333333333333333,0.16666666666666666,1500.0,40,ordinary_practice,-40.317861496740804,-13.588018250374573,-19.1695485229968,0.004629629629629629,-36.15466369379413,-13.360141930688915,-21.437586459045086,0.010101010101010102
776,rating_only,27.666666666666668,29.0,1.3333333333333321,0.16666666666666666,0.3333333333333333,0.16666666666666666,1500.0,40,rating_tier_board,-40.317861496740804,-13.588018250374573,-19.1695485229968,0.004629629629629629,-35.1707259548136,-13.448962704494313,-18.807833880678707,0.009523809523809523
776,rating_history,27.666666666666668,28.166666666666668,0.5,0.16666666666666666,0.3333333333333333,0.16666666666666666,1500.0,40,surface_management,-40.317861496740804,-13.588018250374573,-19.1695485229968,0.004629629629629629,-35.79461809795143,-13.332397232397232,-17.725118708452044,0.009523809523809523
777,control,29.666666666666668,27.333333333333332,-2.3333333333333357,0.16666666666666666,0.16666666666666666,0.0,1500.0,40,ordinary_practice,-37.34112903225807,-13.832442965238664,-19.58195084485407,0.0047619047619047615,-38.28083554376658,-14.092711885815334,-20.072960085891122,0.006410256410256411
777,rating_only,29.666666666666668,27.333333333333332,-2.3333333333333357,0.16666666666666666,0.0,-0.16666666666666666,1500.0,40,rating_tier_board,-37.34112903225807,-13.832442965238664,-19.58195084485407,0.0047619047619047615,-36.77299550173113,-14.138750308865252,-21.564408750040933,0.0
777,rating_history,29.666666666666668,27.333333333333332,-2.3333333333333357,0.16666666666666666,0.0,-0.16666666666666666,1500.0,40,hole_management,-37.34112903225807,-13.832442965238664,-19.58195084485407,0.0047619047619047615,-33.78543355462154,-13.947328427213485,-22.329827658711604,0.0
778,control,27.833333333333332,27.166666666666668,-0.6666666666666643,0.16666666666666666,0.16666666666666666,0.0,1500.0,40,ordinary_practice,-34.0580687511722,-12.58920849265677,-18.53199685372099,0.0047619047619047615,-38.437345679012346,-13.305379188712521,-18.442901234567902,0.005555555555555556
778,rating_only,27.833333333333332,26.833333333333332,-1.0,0.16666666666666666,0.16666666666666666,0.0,1500.0,40,rating_tier_board,-34.0580687511722,-12.58920849265677,-18.53199685372099,0.0047619047619047615,-37.731613756613754,-13.488590267756933,-19.82951338784672,0.005555555555555556
778,rating_history,27.833333333333332,27.333333333333332,-0.5,0.16666666666666666,0.16666666666666666,0.0,1500.0,40,hole_management,-34.0580687511722,-12.58920849265677,-18.53199685372099,0.0047619047619047615,-38.029231283828985,-13.336167366052424,-18.451392689898437,0.005555555555555556
779,control,27.5,31.0,3.5,0.0,0.8333333333333334,0.8333333333333334,1500.0,40,ordinary_practice,-37.18615740740741,-13.264938271604938,-18.439992283950616,0.0,-35.54711718020542,-13.03979536258948,-16.535987913683993,0.023825085589791472
779,rating_only,27.5,29.5,2.0,0.0,0.6666666666666666,0.6666666666666666,1500.0,40,rating_tier_board,-37.18615740740741,-13.264938271604938,-18.439992283950616,0.0,-32.07329365079365,-12.382328042328043,-16.507768959435626,0.020687830687830686
779,rating_history,27.5,29.166666666666668,1.6666666666666679,0.0,0.5,0.5,1500.0,40,surface_management,-37.18615740740741,-13.264938271604938,-18.439992283950616,0.0,-38.95139025725233,-13.741907498631637,-16.606765188834153,0.015873015873015872
780,control,26.333333333333332,28.833333333333332,2.5,0.16666666666666666,0.5,0.33333333333333337,1500.0,40,ordinary_practice,-40.94144417311084,-13.421760955094289,-19.162252747252747,0.006172839506172839,-37.90965821812596,-14.09357398873528,-21.62615207373272,0.017697132616487456
780,rating_only,26.333333333333332,28.666666666666668,2.3333333333333357,0.16666666666666666,0.5,0.33333333333333337,1500.0,40,rating_tier_board,-40.94144417311084,-13.421760955094289,-19.162252747252747,0.006172839506172839,-37.88591431556949,-13.665366500251558,-19.50034659678338,0.016778900112233444
780,rating_history,26.333333333333332,28.833333333333332,2.5,0.16666666666666666,0.16666666666666666,0.0,1500.0,40,height_management,-40.94144417311084,-13.421760955094289,-19.162252747252747,0.006172839506172839,-35.69634687208217,-13.025516456582633,-17.244864612511673,0.005555555555555556
781,control,25.5,26.166666666666668,0.6666666666666679,0.0,0.16666666666666666,0.16666666666666666,1500.0,40,ordinary_practice,-38.04409795102448,-13.592667237809668,-19.381499607339187,0.0,-38.92223107265183,-13.171831955726299,-19.114871404200528,0.005376344086021505
781,rating_only,25.5,26.333333333333332,0.8333333333333321,0.0,0.0,0.0,1500.0,40,rating_tier_board,-38.04409795102448,-13.592667237809668,-19.381499607339187,0.0,-36.54174995835415,-13.029669688965042,-17.850298065253085,0.0
781,rating_history,25.5,26.833333333333332,1.3333333333333321,0.0,0.0,0.0,1500.0,40,surface_management,-38.04409795102448,-13.592667237809668,-19.381499607339187,0.0,-36.98318007662835,-13.169474548440066,-19.77904214559387,0.0
782,control,26.833333333333332,27.333333333333332,0.5,0.16666666666666666,0.3333333333333333,0.16666666666666666,1500.0,40,ordinary_practice,-42.93892039473936,-13.248305633542703,-17.092337260440708,0.005747126436781609,-40.56505968169761,-13.118362068965517,-16.480947170645447,0.011618589743589744
782,rating_only,26.833333333333332,27.333333333333332,0.5,0.16666666666666666,0.16666666666666666,0.0,1500.0,40,rating_tier_board,-42.93892039473936,-13.248305633542703,-17.092337260440708,0.005747126436781609,-39.230400088417326,-13.124772325375773,-16.925686339522546,0.005208333333333333
782,rating_history,26.833333333333332,27.333333333333332,0.5,0.16666666666666666,0.16666666666666666,0.0,1500.0,40,height_management,-42.93892039473936,-13.248305633542703,-17.092337260440708,0.005747126436781609,-39.15976563559897,-12.822268688102021,-15.35905932030932,0.005208333333333333
783,control,27.833333333333332,29.333333333333332,1.5,0.3333333333333333,0.3333333333333333,0.0,1500.0,40,ordinary_practice,-41.07578796154065,-13.563074669257464,-19.953578430728967,0.011549183592194345,-38.73329159542343,-13.499576463741962,-17.092516872250393,0.010101010101010102
783,rating_only,27.833333333333332,26.333333333333332,-1.5,0.3333333333333333,0.0,-0.3333333333333333,1500.0,40,rating_tier_board,-41.07578796154065,-13.563074669257464,-19.953578430728967,0.011549183592194345,-35.63993182743182,-13.258463573463573,-20.00820750237417,0.0
783,rating_history,27.833333333333332,27.0,-0.8333333333333321,0.3333333333333333,0.0,-0.3333333333333333,1500.0,40,height_management,-41.07578796154065,-13.563074669257464,-19.953578430728967,0.011549183592194345,-38.4874464222915,-13.603333915053057,-19.797143756164246,0.0
784,control,26.666666666666668,26.166666666666668,-0.5,0.0,0.0,0.0,1500.0,40,ordinary_practice,-37.90405583585808,-13.797538410047176,-20.372334975683504,0.0,-40.24008250504377,-13.779555823939882,-21.296288198493347,0.0
784,rating_only,26.666666666666668,27.5,0.8333333333333321,0.0,0.0,0.0,1500.0,40,rating_tier_board,-37.90405583585808,-13.797538410047176,-20.372334975683504,0.0,-38.12283950617284,-13.572107583774251,-19.79514991181658,0.0
784,rating_history,26.666666666666668,26.666666666666668,0.0,0.0,0.6666666666666666,0.6666666666666666,1500.0,40,height_management,-37.90405583585808,-13.797538410047176,-20.372334975683504,0.0,-46.63099642293191,-14.119941134134683,-19.637016209596855,0.022081413210445468
785,control,26.333333333333332,26.333333333333332,0.0,0.0,0.0,0.0,1500.0,40,ordinary_practice,-39.44588744588744,-13.142732267732267,-17.431401931401933,0.0,-37.698592427433006,-13.669310871629712,-19.790542136339237,0.0
785,rating_only,26.333333333333332,28.166666666666668,1.8333333333333357,0.0,0.16666666666666666,0.16666666666666666,1500.0,40,rating_tier_board,-39.44588744588744,-13.142732267732267,-17.431401931401933,0.0,-38.60517295329123,-13.901967059225123,-19.25004266939751,0.005952380952380952
785,rating_history,26.333333333333332,23.5,-2.833333333333332,0.0,0.0,0.0,1500.0,40,height_management,-39.44588744588744,-13.142732267732267,-17.431401931401933,0.0,-38.95598124098124,-13.746630591630591,-21.2704797979798,0.0
786,control,27.833333333333332,25.333333333333332,-2.5,0.0,0.16666666666666666,0.16666666666666666,1500.0,40,ordinary_practice,-36.817259900593235,-13.575501042167708,-19.606513548180214,0.0,-43.594276895943565,-14.623495877374596,-21.809351922479305,0.005555555555555556
786,rating_only,27.833333333333332,26.833333333333332,-1.0,0.0,0.0,0.0,1500.0,40,rating_tier_board,-36.817259900593235,-13.575501042167708,-19.606513548180214,0.0,-38.13280617424296,-13.728240939562777,-18.354918553136944,0.0
786,rating_history,27.833333333333332,26.333333333333332,-1.5,0.0,0.0,0.0,1500.0,40,surface_management,-36.817259900593235,-13.575501042167708,-19.606513548180214,0.0,-36.544945616324924,-13.53652126927989,-18.28572261284905,0.0
787,control,27.0,26.5,-0.5,0.0,0.0,0.0,1500.0,40,ordinary_practice,-38.90913043478261,-13.308593666129898,-19.6754857756307,0.0,-36.46596893860762,-12.545659862376503,-17.97016876177296,0.0
787,rating_only,27.0,26.833333333333332,-0.16666666666666785,0.0,0.0,0.0,1500.0,40,rating_tier_board,-38.90913043478261,-13.308593666129898,-19.6754857756307,0.0,-37.52450717559413,-13.043623807754242,-18.159332843753134,0.0
787,rating_history,27.0,27.0,0.0,0.0,0.0,0.0,1500.0,40,surface_management,-38.90913043478261,-13.308593666129898,-19.6754857756307,0.0,-36.53606043714739,-12.99728218641262,-20.287420188507145,0.0
788,control,29.166666666666668,25.666666666666668,-3.5,0.3333333333333333,0.16666666666666666,-0.16666666666666666,1500.0,40,ordinary_practice,-39.489371427051026,-13.630175264550264,-17.0480417198808,0.010763888888888889,-41.99058014583377,-14.18232994193139,-19.980598688750863,0.0047619047619047615
788,rating_only,29.166666666666668,25.5,-3.666666666666668,0.3333333333333333,0.0,-0.3333333333333333,1500.0,40,rating_tier_board,-39.489371427051026,-13.630175264550264,-17.0480417198808,0.010763888888888889,-41.49711505282158,-14.333539874980092,-22.984706793810055,0.0
788,rating_history,29.166666666666668,24.333333333333332,-4.833333333333336,0.3333333333333333,0.0,-0.3333333333333333,1500.0,40,surface_management,-39.489371427051026,-13.630175264550264,-17.0480417198808,0.010763888888888889,-38.96058978086714,-14.056949609610779,-25.828183851797046,0.0
789,control,28.5,28.5,0.0,0.0,0.3333333333333333,0.3333333333333333,1500.0,40,ordinary_practice,-39.123819976585786,-13.224643465304386,-16.46516469774372,0.0,-32.643249179606,-13.483607496950825,-19.516513013889327,0.011302681992337164
789,rating_only,28.5,28.0,-0.5,0.0,0.3333333333333333,0.3333333333333333,1500.0,40,rating_tier_board,-39.123819976585786,-13.224643465304386,-16.46516469774372,0.0,-37.52170222449792,-13.409625647152529,-18.991457017693577,0.011328725038402458
789,rating_history,28.5,27.166666666666668,-1.3333333333333321,0.0,0.16666666666666666,0.16666666666666666,1500.0,40,hole_management,-39.123819976585786,-13.224643465304386,-16.46516469774372,0.0,-35.03703596483167,-13.216769521796403,-21.960647765217658,0.005376344086021505
790,control,27.333333333333332,26.666666666666668,-0.6666666666666643,0.16666666666666666,0.0,-0.16666666666666666,1500.0,40,ordinary_practice,-35.82888615216201,-12.829537493158183,-18.64629584017515,0.005952380952380952,-37.73642857142857,-12.74015873015873,-16.865714285714287,0.0
790,rating_only,27.333333333333332,27.0,-0.33333333333333215,0.16666666666666666,0.16666666666666666,0.0,1500.0,40,rating_tier_board,-35.82888615216201,-12.829537493158183,-18.64629584017515,0.005952380952380952,-36.49431216931217,-13.144708994708994,-19.086507936507935,0.005555555555555556
790,rating_history,27.333333333333332,26.333333333333332,-1.0,0.16666666666666666,0.0,-0.16666666666666666,1500.0,40,hole_management,-35.82888615216201,-12.829537493158183,-18.64629584017515,0.005952380952380952,-43.8454534662868,-13.532834757834758,-16.016785375118708,0.0
791,control,26.833333333333332,30.166666666666668,3.3333333333333357,0.3333333333333333,0.0,-0.3333333333333333,1500.0,40,ordinary_practice,-42.54358974358974,-13.526300366300367,-17.15510989010989,0.013076923076923078,-34.66815641718311,-12.96561821335876,-16.82122745510885,0.0
791,rating_only,26.833333333333332,28.5,1.6666666666666679,0.3333333333333333,0.16666666666666666,-0.16666666666666666,1500.0,40,rating_tier_board,-42.54358974358974,-13.526300366300367,-17.15510989010989,0.013076923076923078,-39.563420262533164,-13.38300109388819,-18.616272517804777,0.005050505050505051
791,rating_history,26.833333333333332,27.333333333333332,0.5,0.3333333333333333,0.0,-0.3333333333333333,1500.0,40,surface_management,-42.54358974358974,-13.526300366300367,-17.15510989010989,0.013076923076923078,-37.67424828896093,-13.597500081867897,-20.400812784490945,0.0
792,control,28.666666666666668,26.833333333333332,-1.8333333333333357,0.5,0.0,-0.5,1500.0,40,ordinary_practice,-41.9233522127825,-14.330166861013938,-21.294297295796547,0.014814814814814814,-37.71178528759174,-13.711219206918132,-19.264132104454685,0.0
792,rating_only,28.666666666666668,26.0,-2.666666666666668,0.5,0.0,-0.5,1500.0,40,rating_tier_board,-41.9233522127825,-14.330166861013938,-21.294297295796547,0.014814814814814814,-36.77360823556476,-13.308628556092325,-19.679566367609844,0.0
792,rating_history,28.666666666666668,26.0,-2.666666666666668,0.5,0.0,-0.5,1500.0,40,surface_management,-41.9233522127825,-14.330166861013938,-21.294297295796547,0.014814814814814814,-35.05810520665593,-13.332850241545893,-20.526227858293076,0.0
793,control,26.833333333333332,27.5,0.6666666666666679,0.5,0.0,-0.5,1500.0,40,ordinary_practice,-43.481964979464976,-13.763313908313908,-19.433159063159064,0.015151515151515152,-38.298367403206115,-13.998350663673245,-18.37855715073457,0.0
793,rating_only,26.833333333333332,28.166666666666668,1.3333333333333357,0.5,0.0,-0.5,1500.0,40,rating_tier_board,-43.481964979464976,-13.763313908313908,-19.433159063159064,0.015151515151515152,-38.1384899068323,-13.701589458247067,-17.01446040372671,0.0
793,rating_history,26.833333333333332,28.166666666666668,1.3333333333333357,0.5,0.0,-0.5,1500.0,40,height_management,-43.481964979464976,-13.763313908313908,-19.433159063159064,0.015151515151515152,-38.1384899068323,-13.701589458247067,-17.01446040372671,0.0
794,control,29.833333333333332,27.0,-2.833333333333332,0.3333333333333333,0.0,-0.3333333333333333,1500.0,40,ordinary_practice,-36.47203828828829,-13.669256756756756,-21.184444444444445,0.01006006006006006,-41.700502645502645,-13.492301587301586,-18.618500881834215,0.0
794,rating_only,29.833333333333332,28.333333333333332,-1.5,0.3333333333333333,0.16666666666666666,-0.16666666666666666,1500.0,40,rating_tier_board,-36.47203828828829,-13.669256756756756,-21.184444444444445,0.01006006006006006,-36.52869572158365,-13.249973392933164,-18.750758301404854,0.005747126436781609
794,rating_history,29.833333333333332,26.833333333333332,-3.0,0.3333333333333333,0.0,-0.3333333333333333,1500.0,40,height_management,-36.47203828828829,-13.669256756756756,-21.184444444444445,0.01006006006006006,-39.14914127427027,-13.270558968201085,-19.407188685749716,0.0
795,control,27.833333333333332,27.5,-0.33333333333333215,0.16666666666666666,0.0,-0.16666666666666666,1500.0,40,ordinary_practice,-40.01447810384592,-13.090940966228322,-16.31113578843464,0.005555555555555556,-39.89220966210214,-12.953440860215053,-15.809195233281255,0.0
795,rating_only,27.833333333333332,28.166666666666668,0.3333333333333357,0.16666666666666666,0.16666666666666666,0.0,1500.0,40,rating_tier_board,-40.01447810384592,-13.090940966228322,-16.31113578843464,0.005555555555555556,-35.32664244357793,-13.069227815195557,-20.021372444759542,0.005376344086021505
795,rating_history,27.833333333333332,26.5,-1.3333333333333321,0.16666666666666666,0.16666666666666666,0.0,1500.0,40,height_management,-40.01447810384592,-13.090940966228322,-16.31113578843464,0.005555555555555556,-35.690546727699605,-12.973556529959055,-20.242855164937914,0.005376344086021505
796,control,27.166666666666668,27.833333333333332,0.6666666666666643,0.16666666666666666,0.0,-0.16666666666666666,1500.0,40,ordinary_practice,-37.34753687396721,-13.062517817462926,-18.650631707857126,0.006172839506172839,-31.448538698955367,-12.995927113010445,-22.772967117758785,0.0
796,rating_only,27.166666666666668,28.5,1.3333333333333321,0.16666666666666666,0.3333333333333333,0.16666666666666666,1500.0,40,rating_tier_board,-37.34753687396721,-13.062517817462926,-18.650631707857126,0.006172839506172839,-35.164260048168096,-13.107097797902396,-19.264712554367726,0.01079763148728666
796,rating_history,27.166666666666668,28.666666666666668,1.5,0.16666666666666666,0.16666666666666666,0.0,1500.0,40,hole_management,-37.34753687396721,-13.062517817462926,-18.650631707857126,0.006172839506172839,-33.813272634889245,-12.919027525571835,-18.007506282700945,0.005747126436781609
797,control,27.0,25.666666666666668,-1.3333333333333321,0.0,0.16666666666666666,0.16666666666666666,1500.0,40,ordinary_practice,-40.92812323996732,-14.205737739595811,-21.357115093247028,0.0,-40.27934065934066,-14.187945665445666,-22.561724664224666,0.005555555555555556
797,rating_only,27.0,25.666666666666668,-1.3333333333333321,0.0,0.16666666666666666,0.16666666666666666,1500.0,40,rating_tier_board,-40.92812323996732,-14.205737739595811,-21.357115093247028,0.0,-43.84096628679962,-13.942423009089676,-19.08300942884276,0.005555555555555556
797,rating_history,27.0,27.666666666666668,0.6666666666666679,0.0,0.5,0.5,1500.0,40,surface_management,-40.92812323996732,-14.205737739595811,-21.357115093247028,0.0,-42.58660644910645,-14.344697639525226,-20.136774241084584,0.015656565656565657
798,control,27.0,25.333333333333332,-1.6666666666666679,0.0,0.3333333333333333,0.3333333333333333,1500.0,40,ordinary_practice,-38.320849628096006,-13.187518211793574,-21.028895406793957,0.0,-46.02441256973103,-14.083574263953269,-18.466272447306487,0.012454710144927536
798,rating_only,27.0,24.333333333333332,-2.666666666666668,0.0,0.3333333333333333,0.3333333333333333,1500.0,40,rating_tier_board,-38.320849628096006,-13.187518211793574,-21.028895406793957,0.0,-44.98259638721309,-13.718207778586784,-19.290621879550656,0.012454710144927536
798,rating_history,27.0,24.333333333333332,-2.666666666666668,0.0,0.3333333333333333,0.3333333333333333,1500.0,40,surface_management,-38.320849628096006,-13.187518211793574,-21.028895406793957,0.0,-44.98259638721309,-13.718207778586784,-19.290621879550656,0.012454710144927536
799,control,30.166666666666668,29.166666666666668,-1.0,0.6666666666666666,0.3333333333333333,-0.3333333333333333,1500.0,40,ordinary_practice,-37.538567966728884,-13.499189507810197,-20.669849690539344,0.018376068376068377,-33.42058069494225,-13.215919351405539,-17.7013813788297,0.010584677419354838
799,rating_only,30.166666666666668,28.833333333333332,-1.3333333333333357,0.6666666666666666,0.0,-0.6666666666666666,1500.0,40,rating_tier_board,-37.538567966728884,-13.499189507810197,-20.669849690539344,0.018376068376068377,-31.284269741274052,-13.133710817439265,-18.802456212370007,0.0
799,rating_history,30.166666666666668,28.833333333333332,-1.3333333333333357,0.6666666666666666,0.0,-0.6666666666666666,1500.0,40,hole_management,-37.538567966728884,-13.499189507810197,-20.669849690539344,0.018376068376068377,-31.284269741274052,-13.133710817439265,-18.802456212370007,0.0
800,control,27.5,26.166666666666668,-1.3333333333333321,0.0,0.0,0.0,1500.0,40,ordinary_practice,-37.22386349814511,-13.376688408441282,-19.111462324393358,0.0,-38.53112473945807,-13.405968414301748,-18.83394260060927,0.0
800,rating_only,27.5,26.666666666666668,-0.8333333333333321,0.0,0.16666666666666666,0.16666666666666666,1500.0,40,rating_tier_board,-37.22386349814511,-13.376688408441282,-19.111462324393358,0.0,-40.27792578563412,-13.501850448933782,-18.91522236251403,0.005208333333333333
800,rating_history,27.5,29.166666666666668,1.6666666666666679,0.0,0.3333333333333333,0.3333333333333333,1500.0,40,hole_management,-37.22386349814511,-13.376688408441282,-19.111462324393358,0.0,-36.86265777645088,-13.391652568376706,-17.93217893217893,0.010582010582010581
801,control,26.333333333333332,26.5,0.16666666666666785,0.0,0.0,0.0,1500.0,40,ordinary_practice,-38.44843186872172,-13.02310501495284,-18.218963269687908,0.0,-40.28847890305113,-13.089485150193426,-18.092301296179276,0.0
801,rating_only,26.333333333333332,27.333333333333332,1.0,0.0,0.0,0.0,1500.0,40,rating_tier_board,-38.44843186872172,-13.02310501495284,-18.218963269687908,0.0,-37.666506041850866,-13.612743884468022,-21.713936044798114,0.0
801,rating_history,26.333333333333332,27.833333333333332,1.5,0.0,0.0,0.0,1500.0,40,hole_management,-38.44843186872172,-13.02310501495284,-18.218963269687908,0.0,-37.04463798159571,-13.803533668161032,-22.312413624566016,0.0
802,control,25.666666666666668,26.666666666666668,1.0,0.0,0.16666666666666666,0.16666666666666666,1500.0,40,ordinary_practice,-38.512625152625155,-12.99334249084249,-19.448617216117217,0.0,-35.29151206924195,-13.01650937398064,-21.650648935993765,0.005747126436781609
802,rating_only,25.666666666666668,29.333333333333332,3.6666666666666643,0.0,0.3333333333333333,0.3333333333333333,1500.0,40,rating_tier_board,-38.512625152625155,-12.99334249084249,-19.448617216117217,0.0,-39.41589684149522,-13.619113461476545,-16.948090730545093,0.00980392156862745
802,rating_history,25.666666666666668,28.5,2.833333333333332,0.0,0.16666666666666666,0.16666666666666666,1500.0,40,height_management,-38.512625152625155,-12.99334249084249,-19.448617216117217,0.0,-40.32974537037037,-13.391280864197531,-18.22281746031746,0.005952380952380952
803,control,26.166666666666668,26.833333333333332,0.6666666666666643,0.0,0.0,0.0,1500.0,40,ordinary_practice,-37.06693486590038,-12.81655172413793,-18.739521072796933,0.0,-34.34233741035465,-13.212988096407637,-19.84934227330779,0.0
803,rating_only,26.166666666666668,30.0,3.833333333333332,0.0,0.6666666666666666,0.6666666666666666,1500.0,40,rating_tier_board,-37.06693486590038,-12.81655172413793,-18.739521072796933,0.0,-35.514497662617146,-14.152467738300363,-22.863222534842635,0.02186379928315412
803,rating_history,26.166666666666668,26.5,0.33333333333333215,0.0,0.16666666666666666,0.16666666666666666,1500.0,40,hole_management,-37.06693486590038,-12.81655172413793,-18.739521072796933,0.0,-38.964065656262946,-13.598940141637664,-21.33924544712296,0.006410256410256411
804,control,28.833333333333332,27.0,-1.8333333333333321,0.3333333333333333,0.16666666666666666,-0.16666666666666666,1500.0,40,ordinary_practice,-35.65936192330102,-13.424877123170365,-19.48990004325794,0.011160714285714286,-36.57538963724448,-13.065339714049392,-17.68779786521722,0.005376344086021505
804,rating_only,28.833333333333332,27.0,-1.8333333333333321,0.3333333333333333,0.3333333333333333,0.0,1500.0,40,rating_tier_board,-35.65936192330102,-13.424877123170365,-19.48990004325794,0.011160714285714286,-37.13990576627673,-13.05996336996337,-17.666292488873133,0.01075268817204301
804,rating_history,28.833333333333332,27.0,-1.8333333333333321,0.3333333333333333,0.3333333333333333,0.0,1500.0,40,hole_management,-35.65936192330102,-13.424877123170365,-19.48990004325794,0.011160714285714286,-37.13990576627673,-13.05996336996337,-17.666292488873133,0.01075268817204301
805,control,26.833333333333332,25.833333333333332,-1.0,0.16666666666666666,0.16666666666666666,0.0,1500.0,40,ordinary_practice,-37.98064988970162,-13.446701691241921,-17.880912090251172,0.005747126436781609,-40.80343119038771,-13.099041897447695,-17.9579693628969,0.005952380952380952
805,rating_only,26.833333333333332,25.166666666666668,-1.6666666666666643,0.16666666666666666,0.0,-0.16666666666666666,1500.0,40,rating_tier_board,-37.98064988970162,-13.446701691241921,-17.880912090251172,0.005747126436781609,-42.04852595069986,-13.633273462983608,-18.83837070068954,0.0
805,rating_history,26.833333333333332,25.833333333333332,-1.0,0.16666666666666666,0.0,-0.16666666666666666,1500.0,40,height_management,-37.98064988970162,-13.446701691241921,-17.880912090251172,0.005747126436781609,-44.34170921670922,-13.761920178586845,-18.546917588584254,0.0
806,control,28.0,25.0,-3.0,0.0,0.0,0.0,1500.0,40,ordinary_practice,-38.94671124925675,-14.042399571676869,-20.100634509507493,0.0,-39.11723307556641,-13.466312237145571,-23.032492199158867,0.0
806,rating_only,28.0,29.0,1.0,0.0,0.16666666666666666,0.16666666666666666,1500.0,40,rating_tier_board,-38.94671124925675,-14.042399571676869,-20.100634509507493,0.0,-36.62337002078381,-14.141176639452501,-21.05980360635533,0.005050505050505051
806,rating_history,28.0,27.833333333333332,-0.16666666666666785,0.0,0.0,0.0,1500.0,40,hole_management,-38.94671124925675,-14.042399571676869,-20.100634509507493,0.0,-36.17914737431854,-13.410824235318238,-19.706008209392454,0.0
807,control,25.333333333333332,28.166666666666668,2.8333333333333357,0.0,0.0,0.0,1500.0,40,ordinary_practice,-42.161904761904765,-12.815784832451499,-14.99561287477954,0.0,-36.04338016177097,-13.121168582375478,-20.747621328224778,0.0
807,rating_only,25.333333333333332,26.0,0.6666666666666679,0.0,0.0,0.0,1500.0,40,rating_tier_board,-42.161904761904765,-12.815784832451499,-14.99561287477954,0.0,-33.397691912972086,-13.743943965517241,-23.855325670498083,0.0
807,rating_history,25.333333333333332,28.5,3.166666666666668,0.0,0.0,0.0,1500.0,40,hole_management,-42.161904761904765,-12.815784832451499,-14.99561287477954,0.0,-35.08258377425044,-13.208333333333334,-19.101719576719578,0.0
808,control,24.333333333333332,27.0,2.666666666666668,0.0,0.16666666666666666,0.16666666666666666,1500.0,40,ordinary_practice,-37.100839535707955,-12.381691919191919,-18.754508535648885,0.0,-42.88634345220552,-13.632281167108752,-18.706581196581197,0.006172839506172839
808,rating_only,24.333333333333332,26.833333333333332,2.5,0.0,0.0,0.0,1500.0,40,rating_tier_board,-37.100839535707955,-12.381691919191919,-18.754508535648885,0.0,-40.08767167698202,-13.709560860595342,-20.227011494252874,0.0
808,rating_history,24.333333333333332,26.166666666666668,1.8333333333333357,0.0,0.0,0.0,1500.0,40,hole_management,-37.100839535707955,-12.381691919191919,-18.754508535648885,0.0,-39.05250548514916,-13.246949274650424,-18.56928119985591,0.0
809,control,27.0,28.333333333333332,1.3333333333333321,0.16666666666666666,0.0,-0.16666666666666666,1500.0,40,ordinary_practice,-41.47473677691069,-13.440639580494652,-15.865430034270615,0.006410256410256411,-36.89081885856079,-13.422338414273899,-17.048328016069952,0.0
809,rating_only,27.0,29.166666666666668,2.166666666666668,0.16666666666666666,0.3333333333333333,0.16666666666666666,1500.0,40,rating_tier_board,-41.47473677691069,-13.440639580494652,-15.865430034270615,0.006410256410256411,-34.7636165577342,-13.524631883404703,-19.049771313378482,0.010854341736694677
809,rating_history,27.0,27.833333333333332,0.8333333333333321,0.16666666666666666,0.16666666666666666,0.0,1500.0,40,surface_management,-41.47473677691069,-13.440639580494652,-15.865430034270615,0.006410256410256411,-37.43261241975166,-13.176008578814988,-16.904107098236597,0.005747126436781609
810,control,27.666666666666668,27.833333333333332,0.1666666666666643,0.16666666666666666,0.6666666666666666,0.5,1500.0,40,ordinary_practice,-37.424532549393504,-13.38145814573512,-18.021443932411675,0.005747126436781609,-39.50757518796993,-13.43417594913209,-20.5416597048176,0.019110275689223057
810,rating_only,27.666666666666668,27.333333333333332,-0.3333333333333357,0.16666666666666666,0.5,0.33333333333333337,1500.0,40,rating_tier_board,-37.424532549393504,-13.38145814573512,-18.021443932411675,0.005747126436781609,-39.24996821764556,-13.58658623208585,-20.428460947053622,0.013157894736842105
810,rating_history,27.666666666666668,27.5,-0.16666666666666785,0.16666666666666666,0.5,0.33333333333333337,1500.0,40,surface_management,-37.424532549393504,-13.38145814573512,-18.021443932411675,0.005747126436781609,-38.71049032838506,-13.331153971110112,-20.534791572949466,0.013157894736842105
811,control,26.333333333333332,26.0,-0.33333333333333215,0.16666666666666666,0.16666666666666666,0.0,1500.0,40,ordinary_practice,-40.836626844290514,-13.752220617408025,-19.32533639468422,0.005747126436781609,-42.55817217052849,-13.657297938332421,-18.815569695311076,0.006172839506172839
811,rating_only,26.333333333333332,27.666666666666668,1.3333333333333357,0.16666666666666666,0.0,-0.16666666666666666,1500.0,40,rating_tier_board,-40.836626844290514,-13.752220617408025,-19.32533639468422,0.005747126436781609,-40.48982032627866,-14.516117724867726,-20.234856701940036,0.0
811,rating_history,26.333333333333332,25.333333333333332,-1.0,0.16666666666666666,0.0,-0.16666666666666666,1500.0,40,hole_management,-40.836626844290514,-13.752220617408025,-19.32533639468422,0.005747126436781609,-41.19774042262548,-13.386265642616218,-20.091970127573575,0.0
812,control,26.333333333333332,27.333333333333332,1.0,0.0,0.0,0.0,1500.0,40,ordinary_practice,-36.391468253968256,-13.59797619047619,-23.239484126984127,0.0,-34.28864866508545,-13.404503436112632,-20.768529921547163,0.0
812,rating_only,26.333333333333332,26.333333333333332,0.0,0.0,0.3333333333333333,0.3333333333333333,1500.0,40,rating_tier_board,-36.391468253968256,-13.59797619047619,-23.239484126984127,0.0,-36.55281003310415,-13.334891350479586,-19.6598440285205,0.010854341736694677
812,rating_history,26.333333333333332,28.833333333333332,2.5,0.0,0.0,0.0,1500.0,40,surface_management,-36.391468253968256,-13.59797619047619,-23.239484126984127,0.0,-34.683468852395066,-14.22233028423571,-22.375023813926788,0.0
813,control,27.0,30.0,3.0,0.0,0.3333333333333333,0.3333333333333333,1500.0,40,ordinary_practice,-36.632006589297944,-13.279031356484243,-19.422989425239592,0.0,-33.293825863678805,-13.353148342670401,-17.73139880952381,0.011160714285714286
813,rating_only,27.0,31.333333333333332,4.333333333333332,0.0,0.5,0.5,1500.0,40,rating_tier_board,-36.632006589297944,-13.279031356484243,-19.422989425239592,0.0,-32.909807744937055,-12.948445197044336,-16.776053639846744,0.013541666666666667
813,rating_history,27.0,27.166666666666668,0.16666666666666785,0.0,0.16666666666666666,0.16666666666666666,1500.0,40,hole_management,-36.632006589297944,-13.279031356484243,-19.422989425239592,0.0,-35.15109574333712,-12.897328744052881,-19.344782956507093,0.005747126436781609
814,control,26.833333333333332,26.166666666666668,-0.6666666666666643,0.16666666666666666,0.16666666666666666,0.0,1500.0,40,ordinary_practice,-35.86668017486983,-12.990710040279005,-19.40062874545633,0.005747126436781609,-41.95589669450989,-13.544975287081733,-18.151184133208123,0.006410256410256411
814,rating_only,26.833333333333332,25.833333333333332,-1.0,0.16666666666666666,0.16666666666666666,0.0,1500.0,40,rating_tier_board,-35.86668017486983,-12.990710040279005,-19.40062874545633,0.005747126436781609,-42.17156267104543,-13.52220095995958,-17.921370468611848,0.006410256410256411
814,rating_history,26.833333333333332,26.5,-0.33333333333333215,0.16666666666666666,0.16666666666666666,0.0,1500.0,40,surface_management,-35.86668017486983,-12.990710040279005,-19.40062874545633,0.005747126436781609,-41.32631736080012,-13.663889271647893,-19.488167005408386,0.006410256410256411
815,control,25.666666666666668,26.833333333333332,1.1666666666666643,0.0,0.16666666666666666,0.16666666666666666,1500.0,40,ordinary_practice,-40.637532467532466,-13.00076479076479,-19.01723665223665,0.0,-41.636748115390354,-14.075530489625317,-21.24833827810121,0.005747126436781609
815,rating_only,25.666666666666668,26.0,0.33333333333333215,0.0,0.0,0.0,1500.0,40,rating_tier_board,-40.637532467532466,-13.00076479076479,-19.01723665223665,0.0,-42.1089299133502,-13.636921248370523,-19.701121079671804,0.0
815,rating_history,25.666666666666668,26.0,0.33333333333333215,0.0,0.0,0.0,1500.0,40,height_management,-40.637532467532466,-13.00076479076479,-19.01723665223665,0.0,-34.51490919042643,-12.807348360451808,-18.115004727073693,0.0
816,control,25.0,28.166666666666668,3.166666666666668,0.16666666666666666,0.16666666666666666,0.0,1500.0,40,ordinary_practice,-36.04715201922848,-13.068392886889889,-21.794975347823925,0.005747126436781609,-36.17719410965379,-13.547206713537358,-20.117664761313954,0.005376344086021505
816,rating_only,25.0,29.333333333333332,4.333333333333332,0.16666666666666666,0.5,0.33333333333333337,1500.0,40,rating_tier_board,-36.04715201922848,-13.068392886889889,-21.794975347823925,0.005747126436781609,-33.48811225565495,-12.951541670431613,-19.682306707629287,0.01623068582271618
816,rating_history,25.0,28.0,3.0,0.16666666666666666,0.3333333333333333,0.16666666666666666,1500.0,40,height_management,-36.04715201922848,-13.068392886889889,-21.794975347823925,0.005747126436781609,-35.10367005135387,-13.133467553688142,-21.042757936507936,0.01011029411764706
817,control,26.833333333333332,27.5,0.6666666666666679,0.16666666666666666,0.16666666666666666,0.0,1500.0,40,ordinary_practice,-37.36845571791808,-13.236044348012557,-17.54554308867072,0.005376344086021505,-37.60914267328701,-13.418690789014095,-18.402538151047363,0.005555555555555556
817,rating_only,26.833333333333332,27.0,0.16666666666666785,0.16666666666666666,0.0,-0.16666666666666666,1500.0,40,rating_tier_board,-37.36845571791808,-13.236044348012557,-17.54554308867072,0.005376344086021505,-38.200865214794035,-13.093039181947258,-16.10337969456132,0.0
817,rating_history,26.833333333333332,27.0,0.16666666666666785,0.16666666666666666,0.16666666666666666,0.0,1500.0,40,hole_management,-37.36845571791808,-13.236044348012557,-17.54554308867072,0.005376344086021505,-39.8414736804025,-13.290032127273538,-16.672030488212116,0.006944444444444444
818,control,26.333333333333332,27.166666666666668,0.8333333333333357,0.16666666666666666,0.16666666666666666,0.0,1500.0,40,ordinary_practice,-39.23220418548259,-13.331012917268177,-22.418917834152758,0.005376344086021505,-39.7015773144747,-13.69783468267573,-18.275423323711074,0.005376344086021505
818,rating_only,26.333333333333332,27.833333333333332,1.5,0.16666666666666666,0.0,-0.16666666666666666,1500.0,40,rating_tier_board,-39.23220418548259,-13.331012917268177,-22.418917834152758,0.005376344086021505,-36.78309622277364,-13.274471402750972,-18.386231351285115,0.0
818,rating_history,26.333333333333332,27.833333333333332,1.5,0.16666666666666666,0.0,-0.16666666666666666,1500.0,40,hole_management,-39.23220418548259,-13.331012917268177,-22.418917834152758,0.005376344086021505,-36.78309622277364,-13.274471402750972,-18.386231351285115,0.0
819,control,26.833333333333332,27.166666666666668,0.3333333333333357,0.0,0.3333333333333333,0.3333333333333333,1500.0,40,ordinary_practice,-43.46849138515805,-13.394281644281644,-16.578228869895536,0.0,-41.51599816849817,-13.487283272283271,-17.176822344322343,0.011111111111111112
819,rating_only,26.833333333333332,27.166666666666668,0.3333333333333357,0.0,0.3333333333333333,0.3333333333333333,1500.0,40,rating_tier_board,-43.46849138515805,-13.394281644281644,-16.578228869895536,0.0,-41.51599816849817,-13.487283272283271,-17.176822344322343,0.011111111111111112
819,rating_history,26.833333333333332,27.5,0.6666666666666679,0.0,0.0,0.0,1500.0,40,surface_management,-43.46849138515805,-13.394281644281644,-16.578228869895536,0.0,-34.61725632604943,-12.948488812166973,-19.84624322250759,0.0
820,control,27.333333333333332,26.833333333333332,-0.5,0.16666666666666666,0.0,-0.16666666666666666,1500.0,40,ordinary_practice,-36.6737684729064,-13.47276683087028,-18.959105090311986,0.005747126436781609,-39.05887611749681,-12.936718056315758,-15.494695615155385,0.0
820,rating_only,27.333333333333332,27.166666666666668,-0.1666666666666643,0.16666666666666666,0.16666666666666666,0.0,1500.0,40,rating_tier_board,-36.6737684729064,-13.47276683087028,-18.959105090311986,0.005747126436781609,-39.96937906708022,-13.51539408866995,-18.36320926838168,0.005747126436781609
820,rating_history,27.333333333333332,27.5,0.16666666666666785,0.16666666666666666,0.16666666666666666,0.0,1500.0,40,height_management,-36.6737684729064,-13.47276683087028,-18.959105090311986,0.005747126436781609,-38.8277718277154,-13.791634774929419,-19.322515036021187,0.005747126436781609
821,control,29.833333333333332,26.0,-3.833333333333332,0.16666666666666666,0.0,-0.16666666666666666,1500.0,40,ordinary_practice,-35.20813573673403,-13.317824934890941,-18.279485794956553,0.004901960784313725,-35.94181034482759,-13.505154168947271,-21.758946816274403,0.0
821,rating_only,29.833333333333332,26.333333333333332,-3.5,0.16666666666666666,0.16666666666666666,0.0,1500.0,40,rating_tier_board,-35.20813573673403,-13.317824934890941,-18.279485794956553,0.004901960784313725,-44.81933120642798,-13.605909820963584,-16.600833256747237,0.005376344086021505
821,rating_history,29.833333333333332,26.0,-3.833333333333332,0.16666666666666666,0.0,-0.16666666666666666,1500.0,40,hole_management,-35.20813573673403,-13.317824934890941,-18.279485794956553,0.004901960784313725,-35.969588122605366,-13.505154168947271,-21.946446816274403,0.0
822,control,25.166666666666668,26.166666666666668,1.0,0.16666666666666666,0.0,-0.16666666666666666,1500.0,40,ordinary_practice,-37.70485042735043,-13.78326923076923,-24.390555555555554,0.006410256410256411,-34.54147164563831,-13.029889092389093,-21.83566510649844,0.0
822,rating_only,25.166666666666668,26.833333333333332,1.6666666666666643,0.16666666666666666,0.0,-0.16666666666666666,1500.0,40,rating_tier_board,-37.70485042735043,-13.78326923076923,-24.390555555555554,0.006410256410256411,-37.49017094017094,-13.072478632478632,-19.32786324786325,0.0
822,rating_history,25.166666666666668,26.833333333333332,1.6666666666666643,0.16666666666666666,0.0,-0.16666666666666666,1500.0,40,surface_management,-37.70485042735043,-13.78326923076923,-24.390555555555554,0.006410256410256411,-35.71987670694567,-13.37186153565464,-20.167895269906765,0.0
823,control,26.666666666666668,27.333333333333332,0.6666666666666643,0.3333333333333333,0.3333333333333333,0.0,1500.0,40,ordinary_practice,-42.98239701833671,-13.13900483833864,-17.775728564502522,0.011328725038402458,-37.3466625966626,-13.343355718355719,-19.567460317460316,0.011111111111111112
823,rating_only,26.666666666666668,30.833333333333332,4.166666666666664,0.3333333333333333,0.8333333333333334,0.5,1500.0,40,rating_tier_board,-42.98239701833671,-13.13900483833864,-17.775728564502522,0.011328725038402458,-34.536890166028094,-13.66618497808153,-19.849638258948605,0.023890269579924753
823,rating_history,26.666666666666668,26.666666666666668,0.0,0.3333333333333333,0.0,-0.3333333333333333,1500.0,40,surface_management,-42.98239701833671,-13.13900483833864,-17.775728564502522,0.011328725038402458,-39.51567069538084,-13.388775931529555,-18.666334872856613,0.0
824,control,26.666666666666668,27.833333333333332,1.1666666666666643,0.0,0.3333333333333333,0.3333333333333333,1500.0,40,ordinary_practice,-40.900259072283546,-13.634928885846572,-20.298821815312362,0.0,-33.27814969901664,-12.799481320650676,-17.362202941672027,0.01232078853046595
824,rating_only,26.666666666666668,26.166666666666668,-0.5,0.0,0.0,0.0,1500.0,40,rating_tier_board,-40.900259072283546,-13.634928885846572,-20.298821815312362,0.0,-41.21902998236332,-14.110670194003527,-18.827760141093474,0.0
824,rating_history,26.666666666666668,26.166666666666668,-0.5,0.0,0.16666666666666666,0.16666666666666666,1500.0,40,hole_management,-40.900259072283546,-13.634928885846572,-20.298821815312362,0.0,-38.72746272366462,-14.27315006517905,-20.045427550774875,0.005747126436781609
825,control,27.666666666666668,27.0,-0.6666666666666679,0.0,0.0,0.0,1500.0,40,ordinary_practice,-37.38891936442221,-13.319844747283078,-17.867279962816017,0.0,-36.10689889652752,-12.520824209003557,-15.155082085788608,0.0
825,rating_only,27.666666666666668,27.833333333333332,0.1666666666666643,0.0,0.16666666666666666,0.16666666666666666,1500.0,40,rating_tier_board,-37.38891936442221,-13.319844747283078,-17.867279962816017,0.0,-37.14436593275303,-12.774639870285032,-15.099930591113386,0.005376344086021505
825,rating_history,27.666666666666668,26.666666666666668,-1.0,0.0,0.16666666666666666,0.16666666666666666,1500.0,40,height_management,-37.38891936442221,-13.319844747283078,-17.867279962816017,0.0,-37.29059974747475,-12.422642396184063,-13.850621492704827,0.006172839506172839
826,control,28.333333333333332,29.5,1.1666666666666679,0.3333333333333333,0.16666666666666666,-0.16666666666666666,1500.0,40,ordinary_practice,-37.10138019401291,-13.073764342440489,-18.83889199366864,0.011111111111111112,-31.220289767703562,-13.15341507151852,-20.61519754192168,0.005050505050505051
826,rating_only,28.333333333333332,28.833333333333332,0.5,0.3333333333333333,0.3333333333333333,0.0,1500.0,40,rating_tier_board,-37.10138019401291,-13.073764342440489,-18.83889199366864,0.011111111111111112,-37.099053724053725,-13.586755528422195,-19.13476882844699,0.010714285714285714
826,rating_history,28.333333333333332,29.0,0.6666666666666679,0.3333333333333333,0.16666666666666666,-0.16666666666666666,1500.0,40,height_management,-37.10138019401291,-13.073764342440489,-18.83889199366864,0.011111111111111112,-37.41686614364775,-13.19426017150155,-18.47867755275801,0.0047619047619047615
827,control,28.833333333333332,28.0,-0.8333333333333321,0.16666666666666666,0.3333333333333333,0.16666666666666666,1500.0,40,ordinary_practice,-39.21806998556998,-13.835036075036076,-18.148560606060606,0.005050505050505051,-41.02881292095002,-13.439639692495875,-17.314845312493162,0.011381172839506173
827,rating_only,28.833333333333332,24.833333333333332,-4.0,0.16666666666666666,0.0,-0.16666666666666666,1500.0,40,rating_tier_board,-39.21806998556998,-13.835036075036076,-18.148560606060606,0.005050505050505051,-39.40681929181929,-13.251330891330891,-20.312893772893773,0.0
827,rating_history,28.833333333333332,26.0,-2.833333333333332,0.16666666666666666,0.0,-0.16666666666666666,1500.0,40,surface_management,-39.21806998556998,-13.835036075036076,-18.148560606060606,0.005050505050505051,-39.966710758377424,-13.611755528422195,-20.525844525844526,0.0
828,control,28.0,27.666666666666668,-0.33333333333333215,0.16666666666666666,0.5,0.33333333333333337,1500.0,40,ordinary_practice,-38.68453843568061,-13.254838494304648,-18.8324651614285,0.005376344086021505,-40.64625484876609,-13.283921803978963,-17.574528881392638,0.01597222222222222
828,rating_only,28.0,27.166666666666668,-0.8333333333333321,0.16666666666666666,0.16666666666666666,0.0,1500.0,40,rating_tier_board,-38.68453843568061,-13.254838494304648,-18.8324651614285,0.005376344086021505,-38.372465456323525,-13.08594208695408,-18.161650635813555,0.005952380952380952
828,rating_history,28.0,27.5,-0.5,0.16666666666666666,0.6666666666666666,0.5,1500.0,40,surface_management,-38.68453843568061,-13.254838494304648,-18.8324651614285,0.005376344086021505,-40.832701208919346,-13.153270462982794,-16.76940436031984,0.021910919540229886
829,control,27.666666666666668,30.0,2.333333333333332,0.16666666666666666,0.3333333333333333,0.16666666666666666,1500.0,40,ordinary_practice,-33.07982262659682,-12.995330217373228,-18.80577716290082,0.005952380952380952,-36.95225160144515,-12.817334547173257,-14.797650079908145,0.010005973715651135
829,rating_only,27.666666666666668,28.166666666666668,0.5,0.16666666666666666,0.0,-0.16666666666666666,1500.0,40,rating_tier_board,-33.07982262659682,-12.995330217373228,-18.80577716290082,0.005952380952380952,-34.11051238450039,-12.639075333665538,-16.85582827874182,0.0
829,rating_history,27.666666666666668,28.166666666666668,0.5,0.16666666666666666,0.0,-0.16666666666666666,1500.0,40,surface_management,-33.07982262659682,-12.995330217373228,-18.80577716290082,0.005952380952380952,-34.11051238450039,-12.639075333665538,-16.85582827874182,0.0
830,control,28.666666666666668,26.0,-2.666666666666668,0.16666666666666666,0.3333333333333333,0.16666666666666666,1500.0,40,ordinary_practice,-36.478995811287476,-13.206718474426808,-18.36848544973545,0.005952380952380952,-39.0528215745607,-13.34975546796199,-20.34138431013431,0.011160714285714286
830,rating_only,28.666666666666668,25.833333333333332,-2.8333333333333357,0.16666666666666666,0.3333333333333333,0.16666666666666666,1500.0,40,rating_tier_board,-36.478995811287476,-13.206718474426808,-18.36848544973545,0.005952380952380952,-39.88896321070234,-13.204114442320964,-19.207184065934065,0.011160714285714286
830,rating_history,28.666666666666668,27.5,-1.1666666666666679,0.16666666666666666,0.16666666666666666,0.0,1500.0,40,surface_management,-36.478995811287476,-13.206718474426808,-18.36848544973545,0.005952380952380952,-37.691624371796784,-13.136055132606856,-17.03557371747027,0.0047619047619047615
831,control,29.333333333333332,28.166666666666668,-1.1666666666666643,0.16666666666666666,0.16666666666666666,0.0,1500.0,40,ordinary_practice,-36.85404826557987,-13.196626309033068,-16.765396373603206,0.005376344086021505,-38.215391351943076,-13.937646414887794,-18.717019704433497,0.005555555555555556
831,rating_only,29.333333333333332,28.333333333333332,-1.0,0.16666666666666666,0.0,-0.16666666666666666,1500.0,40,rating_tier_board,-36.85404826557987,-13.196626309033068,-16.765396373603206,0.005376344086021505,-39.93070286035803,-13.740029568133016,-17.73823967220519,0.0
831,rating_history,29.333333333333332,27.166666666666668,-2.1666666666666643,0.16666666666666666,0.16666666666666666,0.0,1500.0,40,height_management,-36.85404826557987,-13.196626309033068,-16.765396373603206,0.005376344086021505,-36.21359893326129,-12.667950969315912,-17.92783367308511,0.005208333333333333
832,control,25.5,28.166666666666668,2.666666666666668,0.0,0.0,0.0,1500.0,40,ordinary_practice,-40.51037037037037,-13.860732323232323,-20.28064814814815,0.0,-35.64536673498298,-12.46829061187237,-15.366685280483946,0.0
832,rating_only,25.5,28.166666666666668,2.666666666666668,0.0,0.0,0.0,1500.0,40,rating_tier_board,-40.51037037037037,-13.860732323232323,-20.28064814814815,0.0,-35.64536673498298,-12.46829061187237,-15.366685280483946,0.0
832,rating_history,25.5,26.666666666666668,1.1666666666666679,0.0,0.0,0.0,1500.0,40,height_management,-40.51037037037037,-13.860732323232323,-20.28064814814815,0.0,-35.440651878985214,-12.866563899063898,-18.449354226020894,0.0
833,control,28.5,26.833333333333332,-1.6666666666666679,0.16666666666666666,0.3333333333333333,0.16666666666666666,1500.0,40,ordinary_practice,-36.60265988272292,-13.815190952910642,-19.878839588568916,0.005747126436781609,-39.83878549765647,-13.860307416597738,-19.283895781637717,0.01075268817204301
833,rating_only,28.5,27.166666666666668,-1.3333333333333321,0.16666666666666666,0.5,0.33333333333333337,1500.0,40,rating_tier_board,-36.60265988272292,-13.815190952910642,-19.878839588568916,0.005747126436781609,-39.69914123675227,-13.630100760666446,-19.57514472108675,0.01692552767821585
833,rating_history,28.5,27.166666666666668,-1.3333333333333321,0.16666666666666666,0.5,0.33333333333333337,1500.0,40,surface_management,-36.60265988272292,-13.815190952910642,-19.878839588568916,0.005747126436781609,-39.597691961389955,-13.630100760666446,-19.57514472108675,0.01692552767821585
834,control,28.333333333333332,24.833333333333332,-3.5,0.0,0.16666666666666666,0.16666666666666666,1500.0,40,ordinary_practice,-36.38517489322087,-13.223216075112626,-18.478626116327266,0.0,-41.88482103645147,-13.697022060065539,-21.23212433701564,0.006944444444444444
834,rating_only,28.333333333333332,26.166666666666668,-2.1666666666666643,0.0,0.0,0.0,1500.0,40,rating_tier_board,-36.38517489322087,-13.223216075112626,-18.478626116327266,0.0,-40.65665548178292,-13.496083565360177,-19.097547238285618,0.0
834,rating_history,28.333333333333332,27.0,-1.3333333333333321,0.0,0.0,0.0,1500.0,40,surface_management,-36.38517489322087,-13.223216075112626,-18.478626116327266,0.0,-37.30764201703486,-13.457370131104836,-17.39211192767737,0.0
835,control,27.666666666666668,27.166666666666668,-0.5,0.16666666666666666,0.16666666666666666,0.0,1500.0,40,ordinary_practice,-39.751813001813,-13.620413537080204,-18.199775533108866,0.005050505050505051,-35.27501546718501,-13.188999425170403,-19.649983524085535,0.005208333333333333
835,rating_only,27.666666666666668,26.833333333333332,-0.8333333333333357,0.16666666666666666,0.0,-0.16666666666666666,1500.0,40,rating_tier_board,-39.751813001813,-13.620413537080204,-18.199775533108866,0.005050505050505051,-35.78558412745194,-12.513360267871763,-16.285612126273044,0.0
835,rating_history,27.666666666666668,26.833333333333332,-0.8333333333333357,0.16666666666666666,0.0,-0.16666666666666666,1500.0,40,surface_management,-39.751813001813,-13.620413537080204,-18.199775533108866,0.005050505050505051,-35.00225079411861,-12.430026934538429,-16.107834348495267,0.0
836,control,26.333333333333332,26.333333333333332,0.0,0.16666666666666666,0.16666666666666666,0.0,1500.0,40,ordinary_practice,-36.50224969474969,-13.160389024555691,-20.73657271740605,0.005952380952380952,-33.67635445097964,-12.807269602378298,-20.798781698894143,0.005747126436781609
836,rating_only,26.333333333333332,27.5,1.1666666666666679,0.16666666666666666,0.0,-0.16666666666666666,1500.0,40,rating_tier_board,-36.50224969474969,-13.160389024555691,-20.73657271740605,0.005952380952380952,-37.70372625495814,-13.241506785087495,-20.052122200083218,0.0
836,rating_history,26.333333333333332,27.666666666666668,1.3333333333333357,0.16666666666666666,0.0,-0.16666666666666666,1500.0,40,hole_management,-36.50224969474969,-13.160389024555691,-20.73657271740605,0.005952380952380952,-38.568799533799535,-13.967173382173382,-21.526516261516264,0.0
837,control,27.166666666666668,28.666666666666668,1.5,0.0,0.3333333333333333,0.3333333333333333,1500.0,40,ordinary_practice,-37.533474146117825,-13.27318662606019,-19.96019550054033,0.0,-35.86328092316964,-12.796253376220745,-15.898252816868876,0.00980392156862745
837,rating_only,27.166666666666668,27.333333333333332,0.1666666666666643,0.0,0.16666666666666666,0.16666666666666666,1500.0,40,rating_tier_board,-37.533474146117825,-13.27318662606019,-19.96019550054033,0.0,-36.221293328585,-13.12087912087912,-20.161965388007054,0.005555555555555556
837,rating_history,27.166666666666668,27.0,-0.16666666666666785,0.0,0.16666666666666666,0.16666666666666666,1500.0,40,height_management,-37.533474146117825,-13.27318662606019,-19.96019550054033,0.0,-34.90526901413998,-13.180594942691716,-21.25908858166923,0.005376344086021505
838,control,27.666666666666668,27.666666666666668,0.0,0.0,0.16666666666666666,0.16666666666666666,1500.0,40,ordinary_practice,-37.70804777659617,-13.352421871239075,-18.43370652644846,0.0,-36.10065579581708,-12.577887274016307,-16.206021505376345,0.005952380952380952
838,rating_only,27.666666666666668,28.333333333333332,0.6666666666666643,0.0,0.16666666666666666,0.16666666666666666,1500.0,40,rating_tier_board,-37.70804777659617,-13.352421871239075,-18.43370652644846,0.0,-39.44536814069628,-13.462792059010079,-17.176180663360864,0.005555555555555556
838,rating_history,27.666666666666668,26.333333333333332,-1.3333333333333357,0.0,0.0,0.0,1500.0,40,height_management,-37.70804777659617,-13.352421871239075,-18.43370652644846,0.0,-40.23619699662162,-13.368489102223082,-18.75474212025501,0.0
839,control,27.333333333333332,26.0,-1.3333333333333321,0.16666666666666666,0.0,-0.16666666666666666,1500.0,40,ordinary_practice,-40.00822708653354,-13.180787250384025,-18.58584997439836,0.005376344086021505,-42.35854680015599,-13.510443098833903,-17.08585197688646,0.0
839,rating_only,27.333333333333332,26.0,-1.3333333333333321,0.16666666666666666,0.0,-0.16666666666666666,1500.0,40,rating_tier_board,-40.00822708653354,-13.180787250384025,-18.58584997439836,0.005376344086021505,-41.87089247916834,-13.50427025932773,-17.30807419910868,0.0
839,rating_history,27.333333333333332,26.0,-1.3333333333333321,0.16666666666666666,0.0,-0.16666666666666666,1500.0,40,hole_management,-40.00822708653354,-13.180787250384025,-18.58584997439836,0.005376344086021505,-42.944972164914695,-13.355706847430985,-16.994249844450994,0.0
840,control,28.666666666666668,29.0,0.33333333333333215,0.6666666666666666,0.0,-0.6666666666666666,1500.0,40,ordinary_practice,-40.1952052545156,-13.414912214222559,-18.139026146267526,0.021018062397372743,-35.40859582228117,-13.163596927497789,-18.18386291629826,0.0
840,rating_only,28.666666666666668,28.833333333333332,0.1666666666666643,0.6666666666666666,0.16666666666666666,-0.5,1500.0,40,rating_tier_board,-40.1952052545156,-13.414912214222559,-18.139026146267526,0.021018062397372743,-36.93098316912972,-13.147244458128078,-17.07237787356322,0.005747126436781609
840,rating_history,28.666666666666668,28.0,-0.6666666666666679,0.6666666666666666,0.16666666666666666,-0.5,1500.0,40,height_management,-40.1952052545156,-13.414912214222559,-18.139026146267526,0.021018062397372743,-39.19908032734785,-13.365666437134735,-18.694361680526864,0.005747126436781609
841,control,26.0,25.833333333333332,-0.16666666666666785,0.0,0.16666666666666666,0.16666666666666666,1500.0,40,ordinary_practice,-41.88201643226006,-14.423775612193904,-20.630871766497705,0.0,-41.62878279668836,-13.38992816699689,-20.330829567295204,0.005376344086021505
841,rating_only,26.0,25.833333333333332,-0.16666666666666785,0.0,0.0,0.0,1500.0,40,rating_tier_board,-41.88201643226006,-14.423775612193904,-20.630871766497705,0.0,-37.232383665717,-13.18969644552978,-21.533068104734774,0.0
841,rating_history,26.0,27.166666666666668,1.1666666666666679,0.0,0.16666666666666666,0.16666666666666666,1500.0,40,height_management,-41.88201643226006,-14.423775612193904,-20.630871766497705,0.0,-36.261107752400854,-13.016755610290094,-20.82791473851819,0.005050505050505051
842,control,26.666666666666668,26.0,-0.6666666666666679,0.16666666666666666,0.0,-0.16666666666666666,1500.0,40,ordinary_practice,-35.5561338353005,-12.839345492470493,-18.902903693528692,0.005208333333333333,-36.02493339970226,-13.64427312137582,-22.193671854548917,0.0
842,rating_only,26.666666666666668,26.0,-0.6666666666666679,0.16666666666666666,0.0,-0.16666666666666666,1500.0,40,rating_tier_board,-35.5561338353005,-12.839345492470493,-18.902903693528692,0.005208333333333333,-38.19555555555556,-13.882716049382715,-20.98345679012346,0.0
842,rating_history,26.666666666666668,26.0,-0.6666666666666679,0.16666666666666666,0.0,-0.16666666666666666,1500.0,40,hole_management,-35.5561338353005,-12.839345492470493,-18.902903693528692,0.005208333333333333,-38.19555555555556,-13.882716049382715,-20.98345679012346,0.0
843,control,28.333333333333332,27.833333333333332,-0.5,0.3333333333333333,0.0,-0.3333333333333333,1500.0,40,ordinary_practice,-37.77519439287144,-13.170496895886217,-15.728366483418393,0.011123470522803115,-35.9006611417531,-12.780813088571708,-18.311688162837587,0.0
843,rating_only,28.333333333333332,26.833333333333332,-1.5,0.3333333333333333,0.0,-0.3333333333333333,1500.0,40,rating_tier_board,-37.77519439287144,-13.170496895886217,-15.728366483418393,0.011123470522803115,-37.518778659611996,-12.988985890652557,-18.499911816578482,0.0
843,rating_history,28.333333333333332,26.833333333333332,-1.5,0.3333333333333333,0.0,-0.3333333333333333,1500.0,40,hole_management,-37.77519439287144,-13.170496895886217,-15.728366483418393,0.011123470522803115,-38.40281746031746,-13.069453262786595,-18.599338624338625,0.0
844,control,27.0,26.166666666666668,-0.8333333333333321,0.16666666666666666,0.16666666666666666,0.0,1500.0,40,ordinary_practice,-41.262442633994354,-13.366568249757904,-18.46703580901857,0.005747126436781609,-39.612803145130734,-13.36696612774199,-18.266380889225715,0.005747126436781609
844,rating_only,27.0,26.166666666666668,-0.8333333333333321,0.16666666666666666,0.16666666666666666,0.0,1500.0,40,rating_tier_board,-41.262442633994354,-13.366568249757904,-18.46703580901857,0.005747126436781609,-39.612803145130734,-13.36696612774199,-18.266380889225715,0.005747126436781609
844,rating_history,27.0,26.166666666666668,-0.8333333333333321,0.16666666666666666,0.16666666666666666,0.0,1500.0,40,surface_management,-41.262442633994354,-13.366568249757904,-18.46703580901857,0.005747126436781609,-39.612803145130734,-13.36696612774199,-18.266380889225715,0.005747126436781609
845,control,27.833333333333332,29.333333333333332,1.5,0.3333333333333333,0.6666666666666666,0.3333333333333333,1500.0,40,ordinary_practice,-36.11955001017501,-12.596639278930946,-17.575699955908288,0.010416666666666666,-42.53800009246257,-14.082306507631051,-17.618218882011988,0.018790849673202614
845,rating_only,27.833333333333332,29.333333333333332,1.5,0.3333333333333333,0.6666666666666666,0.3333333333333333,1500.0,40,rating_tier_board,-36.11955001017501,-12.596639278930946,-17.575699955908288,0.010416666666666666,-42.53800009246257,-14.082306507631051,-17.618218882011988,0.018790849673202614
845,rating_history,27.833333333333332,26.833333333333332,-1.0,0.3333333333333333,0.0,-0.3333333333333333,1500.0,40,height_management,-36.11955001017501,-12.596639278930946,-17.575699955908288,0.010416666666666666,-34.17658520690779,-12.780615835777127,-19.1055522971652,0.0
846,control,25.5,27.666666666666668,2.166666666666668,0.16666666666666666,0.16666666666666666,0.0,1500.0,40,ordinary_practice,-39.77675756342423,-13.06001628001628,-18.846098222764887,0.005952380952380952,-35.69558662903397,-13.151649486403985,-18.388611193591515,0.005952380952380952
846,rating_only,25.5,27.5,2.0,0.16666666666666666,0.3333333333333333,0.16666666666666666,1500.0,40,rating_tier_board,-39.77675756342423,-13.06001628001628,-18.846098222764887,0.005952380952380952,-41.57674143252448,-14.235825085142613,-20.28815453384419,0.012152777777777778
846,rating_history,25.5,27.333333333333332,1.8333333333333321,0.16666666666666666,0.3333333333333333,0.16666666666666666,1500.0,40,hole_management,-39.77675756342423,-13.06001628001628,-18.846098222764887,0.005952380952380952,-39.91393741786514,-13.690379058156108,-20.030543755899828,0.012152777777777778
847,control,27.333333333333332,26.333333333333332,-1.0,0.0,0.0,0.0,1500.0,40,ordinary_practice,-40.337584687509725,-13.791099962839093,-18.87703369011465,0.0,-33.14016354866929,-12.898416300600209,-19.963269336027956,0.0
847,rating_only,27.333333333333332,27.0,-0.33333333333333215,0.0,0.16666666666666666,0.16666666666666666,1500.0,40,rating_tier_board,-40.337584687509725,-13.791099962839093,-18.87703369011465,0.0,-40.4164865163572,-13.400261936339522,-18.945114389920423,0.005747126436781609
847,rating_history,27.333333333333332,25.0,-2.333333333333332,0.0,0.0,0.0,1500.0,40,height_management,-40.337584687509725,-13.791099962839093,-18.87703369011465,0.0,-41.94956356579545,-13.31915107973079,-17.453848321565715,0.0
848,control,27.833333333333332,30.0,2.166666666666668,0.16666666666666666,0.16666666666666666,0.0,1500.0,40,ordinary_practice,-36.158025531258524,-13.519406268821127,-20.18629278097553,0.005208333333333333,-32.95267981126451,-13.515183677075974,-17.66518250265224,0.004901960784313725
848,rating_only,27.833333333333332,28.0,0.16666666666666785,0.16666666666666666,0.3333333333333333,0.16666666666666666,1500.0,40,rating_tier_board,-36.158025531258524,-13.519406268821127,-20.18629278097553,0.005208333333333333,-41.11973180076628,-14.03664325244785,-20.936653895274585,0.011302681992337164
848,rating_history,27.833333333333332,28.666666666666668,0.8333333333333357,0.16666666666666666,0.16666666666666666,0.0,1500.0,40,hole_management,-36.158025531258524,-13.519406268821127,-20.18629278097553,0.005208333333333333,-34.719402923598324,-13.095395498498947,-19.30114386890249,0.005555555555555556
849,control,25.166666666666668,28.5,3.333333333333332,0.0,0.16666666666666666,0.16666666666666666,1500.0,40,ordinary_practice,-37.99769361073709,-13.198294622714913,-21.296913400609053,0.0,-35.0674918950781,-13.010668450323623,-19.64386427748497,0.006410256410256411
849,rating_only,25.166666666666668,28.833333333333332,3.6666666666666643,0.0,0.16666666666666666,0.16666666666666666,1500.0,40,rating_tier_board,-37.99769361073709,-13.198294622714913,-21.296913400609053,0.0,-32.49650386237607,-12.571721679142234,-18.180152235764137,0.004901960784313725
849,rating_history,25.166666666666668,29.0,3.833333333333332,0.0,0.16666666666666666,0.16666666666666666,1500.0,40,hole_management,-37.99769361073709,-13.198294622714913,-21.296913400609053,0.0,-32.62391428720029,-12.647354167131043,-18.449215760574788,0.004901960784313725
850,control,26.5,27.666666666666668,1.1666666666666679,0.0,0.0,0.0,1500.0,40,ordinary_practice,-42.16748706487212,-12.869715766353698,-16.185222961372386,0.0,-34.465528644407954,-13.513026059721462,-19.852536033570516,0.0
850,rating_only,26.5,26.333333333333332,-0.16666666666666785,0.0,0.0,0.0,1500.0,40,rating_tier_board,-42.16748706487212,-12.869715766353698,-16.185222961372386,0.0,-37.81652893536952,-13.326709777504542,-21.336216747600574,0.0
850,rating_history,26.5,26.333333333333332,-0.16666666666666785,0.0,0.0,0.0,1500.0,40,hole_management,-42.16748706487212,-12.869715766353698,-16.185222961372386,0.0,-37.81652893536952,-13.326709777504542,-21.336216747600574,0.0
851,control,26.333333333333332,28.166666666666668,1.8333333333333357,0.16666666666666666,0.16666666666666666,0.0,1500.0,40,ordinary_practice,-37.815125912827064,-13.344431696443191,-19.411469809458314,0.005952380952380952,-36.46138227513227,-13.130806878306878,-21.968875661375662,0.005208333333333333
851,rating_only,26.333333333333332,30.333333333333332,4.0,0.16666666666666666,0.6666666666666666,0.5,1500.0,40,rating_tier_board,-37.815125912827064,-13.344431696443191,-19.411469809458314,0.005952380952380952,-39.385920076843,-13.563882449531537,-19.92784521215894,0.019908346480354593
851,rating_history,26.333333333333332,27.166666666666668,0.8333333333333357,0.16666666666666666,0.0,-0.16666666666666666,1500.0,40,height_management,-37.815125912827064,-13.344431696443191,-19.411469809458314,0.005952380952380952,-37.57628272111031,-13.468893920043346,-21.182167087914216,0.0
852,control,27.333333333333332,27.333333333333332,0.0,0.0,0.0,0.0,1500.0,40,ordinary_practice,-40.72616978992697,-13.555715197956577,-18.62530741395684,0.0,-33.96244462221474,-12.706796088117926,-19.539768220285463,0.0
852,rating_only,27.333333333333332,27.0,-0.33333333333333215,0.0,0.16666666666666666,0.16666666666666666,1500.0,40,rating_tier_board,-40.72616978992697,-13.555715197956577,-18.62530741395684,0.0,-39.943116412962134,-13.458582261936634,-19.181270993391145,0.005376344086021505
852,rating_history,27.333333333333332,28.0,0.6666666666666679,0.0,0.5,0.5,1500.0,40,height_management,-40.72616978992697,-13.555715197956577,-18.62530741395684,0.0,-39.35341814416836,-13.325209103832293,-18.678096724878483,0.015359477124183006
853,control,25.0,26.5,1.5,0.0,0.16666666666666666,0.16666666666666666,1500.0,40,ordinary_practice,-40.81369582926035,-13.130763465924757,-18.75009430533624,0.0,-36.26742964496588,-13.157992101832681,-18.735491910129593,0.005555555555555556
853,rating_only,25.0,26.333333333333332,1.3333333333333321,0.0,0.16666666666666666,0.16666666666666666,1500.0,40,rating_tier_board,-40.81369582926035,-13.130763465924757,-18.75009430533624,0.0,-42.402622520541456,-13.594394559194923,-18.17976523364606,0.005555555555555556
853,rating_history,25.0,26.166666666666668,1.1666666666666679,0.0,0.0,0.0,1500.0,40,height_management,-40.81369582926035,-13.130763465924757,-18.75009430533624,0.0,-42.07515688474551,-13.457688946799655,-18.022916979057328,0.0
854,control,25.666666666666668,29.166666666666668,3.5,0.0,0.5,0.5,1500.0,40,ordinary_practice,-39.059548044548045,-12.767032720366053,-18.38959854959855,0.0,-38.204779505672,-13.005281789304778,-16.487234617985123,0.01555104800540906
854,rating_only,25.666666666666668,26.666666666666668,1.0,0.0,0.5,0.5,1500.0,40,rating_tier_board,-39.059548044548045,-12.767032720366053,-18.38959854959855,0.0,-40.5864561287478,-13.303089726631393,-19.601518959435626,0.017361111111111112
854,rating_history,25.666666666666668,24.833333333333332,-0.8333333333333357,0.0,0.0,0.0,1500.0,40,height_management,-39.059548044548045,-12.767032720366053,-18.38959854959855,0.0,-42.50007112184648,-13.137367459432676,-17.547241009125067,0.0
855,control,26.5,26.333333333333332,-0.16666666666666785,0.0,0.0,0.0,1500.0,40,ordinary_practice,-33.98888776409516,-12.719125536946626,-18.063716290003146,0.0,-36.10074270557029,-13.244747683138488,-21.9864125487114,0.0
855,rating_only,26.5,26.333333333333332,-0.16666666666666785,0.0,0.16666666666666666,0.16666666666666666,1500.0,40,rating_tier_board,-33.98888776409516,-12.719125536946626,-18.063716290003146,0.0,-36.72909814323607,-13.193580574385173,-22.26037364508629,0.006410256410256411
855,rating_history,26.5,26.333333333333332,-0.16666666666666785,0.0,0.0,0.0,1500.0,40,height_management,-33.98888776409516,-12.719125536946626,-18.063716290003146,0.0,-36.10074270557029,-13.244747683138488,-21.9864125487114,0.0
856,control,27.666666666666668,29.166666666666668,1.5,0.16666666666666666,0.5,0.33333333333333337,1500.0,40,ordinary_practice,-39.14648680124223,-13.432720841959972,-17.96314484126984,0.005208333333333333,-39.769563896121184,-13.425318933939623,-17.344583725506972,0.016129032258064516
856,rating_only,27.666666666666668,27.666666666666668,0.0,0.16666666666666666,0.16666666666666666,0.0,1500.0,40,rating_tier_board,-39.14648680124223,-13.432720841959972,-17.96314484126984,0.005208333333333333,-37.130978317252826,-12.828856727876335,-17.765867828612926,0.004901960784313725
856,rating_history,27.666666666666668,29.666666666666668,2.0,0.16666666666666666,0.3333333333333333,0.16666666666666666,1500.0,40,surface_management,-39.14648680124223,-13.432720841959972,-17.96314484126984,0.005208333333333333,-36.537446122876936,-13.622267157737658,-17.474377762099344,0.00980392156862745
857,control,27.5,25.0,-2.5,0.0,0.0,0.0,1500.0,40,ordinary_practice,-37.201215691503045,-13.060982905982906,-17.75560409152363,0.0,-36.9219683824947,-12.99937343358396,-19.48169301458775,0.0
857,rating_only,27.5,25.0,-2.5,0.0,0.0,0.0,1500.0,40,rating_tier_board,-37.201215691503045,-13.060982905982906,-17.75560409152363,0.0,-37.071091189512245,-13.016917293233082,-19.60450003213161,0.0
857,rating_history,27.5,27.5,0.0,0.0,0.0,0.0,1500.0,40,height_management,-37.201215691503045,-13.060982905982906,-17.75560409152363,0.0,-34.374942224654866,-13.017194246791949,-18.943084443228123,0.0
858,control,27.5,26.833333333333332,-0.6666666666666679,0.16666666666666666,0.0,-0.16666666666666666,1500.0,40,ordinary_practice,-37.84507861178838,-13.165945905414297,-17.91632982120051,0.005208333333333333,-42.979997765667434,-13.819176721163227,-18.91808659162482,0.0
858,rating_only,27.5,26.833333333333332,-0.6666666666666679,0.16666666666666666,0.0,-0.16666666666666666,1500.0,40,rating_tier_board,-37.84507861178838,-13.165945905414297,-17.91632982120051,0.005208333333333333,-41.54173376274826,-13.526704240472357,-17.35077831454643,0.0
858,rating_history,27.5,26.0,-1.5,0.16666666666666666,0.0,-0.16666666666666666,1500.0,40,height_management,-37.84507861178838,-13.165945905414297,-17.91632982120051,0.005208333333333333,-42.59331574130425,-13.965981070866128,-19.14809554536566,0.0
859,control,26.333333333333332,27.166666666666668,0.8333333333333357,0.0,0.0,0.0,1500.0,40,ordinary_practice,-37.96270417853751,-12.89323340240007,-16.5473382327549,0.0,-38.655287163765784,-13.43739599734183,-19.03462273492883,0.0
859,rating_only,26.333333333333332,27.166666666666668,0.8333333333333357,0.0,0.3333333333333333,0.3333333333333333,1500.0,40,rating_tier_board,-37.96270417853751,-12.89323340240007,-16.5473382327549,0.0,-40.30582479817439,-13.566428255406347,-19.17978402525141,0.01075268817204301
859,rating_history,26.333333333333332,28.0,1.6666666666666679,0.0,0.0,0.0,1500.0,40,height_management,-37.96270417853751,-12.89323340240007,-16.5473382327549,0.0,-38.48029287655724,-13.629998386032868,-20.926982138763748,0.0
860,control,28.0,29.5,1.5,0.0,0.5,0.5,1500.0,40,ordinary_practice,-38.791608984884846,-13.22778809313292,-17.128081554460866,0.0,-36.83596035722472,-14.025486412268021,-19.237206620539954,0.015270935960591132
860,rating_only,28.0,29.5,1.5,0.0,0.3333333333333333,0.3333333333333333,1500.0,40,rating_tier_board,-38.791608984884846,-13.22778809313292,-17.128081554460866,0.0,-35.522411586065644,-13.46704936702156,-18.266475537193003,0.011111111111111112
860,rating_history,28.0,27.5,-0.5,0.0,0.0,0.0,1500.0,40,hole_management,-38.791608984884846,-13.22778809313292,-17.128081554460866,0.0,-33.68820987654321,-13.278324514991182,-19.610546737213404,0.0
861,control,24.333333333333332,29.166666666666668,4.833333333333336,0.0,0.16666666666666666,0.16666666666666666,1500.0,40,ordinary_practice,-37.60638669301713,-12.890910432830722,-20.971135265700482,0.0,-36.15425113756593,-12.942439528090251,-17.17715066727859,0.005050505050505051
861,rating_only,24.333333333333332,28.166666666666668,3.8333333333333357,0.0,0.16666666666666666,0.16666666666666666,1500.0,40,rating_tier_board,-37.60638669301713,-12.890910432830722,-20.971135265700482,0.0,-35.61821892762753,-13.066275039178265,-17.207115031523635,0.005050505050505051
861,rating_history,24.333333333333332,28.166666666666668,3.8333333333333357,0.0,0.16666666666666666,0.16666666666666666,1500.0,40,height_management,-37.60638669301713,-12.890910432830722,-20.971135265700482,0.0,-35.665837975246575,-13.066275039178265,-17.207115031523635,0.005050505050505051
862,control,26.833333333333332,28.5,1.6666666666666679,0.0,0.16666666666666666,0.16666666666666666,1500.0,40,ordinary_practice,-38.282549483296606,-12.927697921491024,-16.988122581973155,0.0,-37.259220856801505,-12.708718780224157,-15.958933549524948,0.005376344086021505
862,rating_only,26.833333333333332,26.833333333333332,0.0,0.0,0.16666666666666666,0.16666666666666666,1500.0,40,rating_tier_board,-38.282549483296606,-12.927697921491024,-16.988122581973155,0.0,-37.189594356261026,-12.836463844797178,-17.123853615520282,0.005555555555555556
862,rating_history,26.833333333333332,28.0,1.1666666666666679,0.0,0.16666666666666666,0.16666666666666666,1500.0,40,hole_management,-38.282549483296606,-12.927697921491024,-16.988122581973155,0.0,-36.33473895835965,-13.458693318176078,-19.839560860595345,0.005555555555555556
863,control,25.5,26.666666666666668,1.1666666666666679,0.3333333333333333,0.0,-0.3333333333333333,1500.0,40,ordinary_practice,-41.56390514678558,-13.641024944258639,-21.663608091787438,0.011618589743589744,-38.39835511375367,-13.011096659647384,-18.805378009001195,0.0
863,rating_only,25.5,25.166666666666668,-0.33333333333333215,0.3333333333333333,0.0,-0.3333333333333333,1500.0,40,rating_tier_board,-41.56390514678558,-13.641024944258639,-21.663608091787438,0.011618589743589744,-37.82099613349613,-13.252409627409627,-20.409871764038428,0.0
863,rating_history,25.5,25.166666666666668,-0.33333333333333215,0.3333333333333333,0.0,-0.3333333333333333,1500.0,40,hole_management,-41.56390514678558,-13.641024944258639,-21.663608091787438,0.011618589743589744,-37.82099613349613,-13.252409627409627,-20.409871764038428,0.0
864,control,26.0,28.0,2.0,0.16666666666666666,0.0,-0.16666666666666666,1500.0,40,ordinary_practice,-33.017407407407404,-12.80176917989418,-19.423306878306878,0.005208333333333333,-33.564558798429765,-12.643852762132333,-18.15393696307675,0.0
864,rating_only,26.0,26.0,0.0,0.16666666666666666,0.16666666666666666,0.0,1500.0,40,rating_tier_board,-33.017407407407404,-12.80176917989418,-19.423306878306878,0.005208333333333333,-34.59466092655748,-12.55456251320819,-19.48623027720979,0.005952380952380952
864,rating_history,26.0,26.333333333333332,0.33333333333333215,0.16666666666666666,0.16666666666666666,0.0,1500.0,40,hole_management,-33.017407407407404,-12.80176917989418,-19.423306878306878,0.005208333333333333,-34.71409401119546,-12.655691664749636,-19.13377520895637,0.005952380952380952
865,control,28.666666666666668,26.0,-2.666666666666668,0.3333333333333333,0.0,-0.3333333333333333,1500.0,40,ordinary_practice,-31.694191993784134,-12.771220449752152,-19.39965271166606,0.009009009009009009,-40.486564177588626,-13.500975086278201,-20.27211022280423,0.0
865,rating_only,28.666666666666668,27.333333333333332,-1.3333333333333357,0.3333333333333333,0.16666666666666666,-0.16666666666666666,1500.0,40,rating_tier_board,-31.694191993784134,-12.771220449752152,-19.39965271166606,0.009009009009009009,-40.310172147177035,-13.25060267632933,-19.726404167643224,0.005376344086021505
865,rating_history,28.666666666666668,28.5,-0.16666666666666785,0.3333333333333333,0.16666666666666666,-0.16666666666666666,1500.0,40,surface_management,-31.694191993784134,-12.771220449752152,-19.39965271166606,0.009009009009009009,-37.73708103931228,-14.318174838458814,-21.676078103900956,0.004901960784313725
866,control,27.833333333333332,29.333333333333332,1.5,0.16666666666666666,0.3333333333333333,0.16666666666666666,1500.0,40,ordinary_practice,-38.256958596157105,-13.826586269190335,-18.692587748492702,0.004901960784313725,-38.02661226527648,-13.836223609814295,-18.36105923851022,0.01011029411764706
866,rating_only,27.833333333333332,30.666666666666668,2.8333333333333357,0.16666666666666666,0.6666666666666666,0.5,1500.0,40,rating_tier_board,-38.256958596157105,-13.826586269190335,-18.692587748492702,0.004901960784313725,-35.94600285835918,-13.247626649638145,-19.053120324758257,0.017857142857142856
866,rating_history,27.833333333333332,29.5,1.6666666666666679,0.16666666666666666,0.3333333333333333,0.16666666666666666,1500.0,40,hole_management,-38.256958596157105,-13.826586269190335,-18.692587748492702,0.004901960784313725,-36.899646877269426,-13.837317084241104,-19.57315359477124,0.01011029411764706
867,control,27.833333333333332,28.0,0.16666666666666785,0.3333333333333333,0.3333333333333333,0.0,1500.0,40,ordinary_practice,-40.081006721618515,-13.529896561231379,-17.77300723500946,0.011123470522803115,-40.00536892688891,-12.92993071289004,-15.977768712314646,0.010763888888888889
867,rating_only,27.833333333333332,28.0,0.16666666666666785,0.3333333333333333,0.3333333333333333,0.0,1500.0,40,rating_tier_board,-40.081006721618515,-13.529896561231379,-17.77300723500946,0.011123470522803115,-40.00536892688891,-12.92993071289004,-15.977768712314646,0.010763888888888889
867,rating_history,27.833333333333332,28.0,0.16666666666666785,0.3333333333333333,0.3333333333333333,0.0,1500.0,40,surface_management,-40.081006721618515,-13.529896561231379,-17.77300723500946,0.011123470522803115,-40.2425484140684,-12.92993071289004,-15.964948199494131,0.010763888888888889
868,control,26.5,27.666666666666668,1.1666666666666679,0.3333333333333333,0.0,-0.3333333333333333,1500.0,40,ordinary_practice,-38.13353750521119,-13.55681624264607,-21.143281667685596,0.01075268817204301,-41.13823754789272,-13.477839202092076,-15.842838898011312,0.0
868,rating_only,26.5,27.0,0.5,0.3333333333333333,0.0,-0.3333333333333333,1500.0,40,rating_tier_board,-38.13353750521119,-13.55681624264607,-21.143281667685596,0.01075268817204301,-36.57619021304366,-12.913680722596578,-17.887427079729367,0.0
868,rating_history,26.5,27.666666666666668,1.1666666666666679,0.3333333333333333,0.0,-0.3333333333333333,1500.0,40,surface_management,-38.13353750521119,-13.55681624264607,-21.143281667685596,0.01075268817204301,-41.666973180076624,-13.49508058140242,-16.210654989965334,0.0
869,control,27.166666666666668,25.333333333333332,-1.8333333333333357,0.0,0.0,0.0,1500.0,40,ordinary_practice,-36.64647923143474,-13.2744342003936,-20.075670498084293,0.0,-36.14726574303036,-12.641627208281381,-18.322627196502758,0.0
869,rating_only,27.166666666666668,26.333333333333332,-0.8333333333333357,0.0,0.0,0.0,1500.0,40,rating_tier_board,-36.64647923143474,-13.2744342003936,-20.075670498084293,0.0,-36.14130832935181,-12.963369963369964,-19.946661888835802,0.0
869,rating_history,27.166666666666668,25.333333333333332,-1.8333333333333357,0.0,0.16666666666666666,0.16666666666666666,1500.0,40,surface_management,-36.64647923143474,-13.2744342003936,-20.075670498084293,0.0,-38.40991003416041,-12.796389113043286,-18.15015691408745,0.005952380952380952
870,control,27.166666666666668,27.5,0.33333333333333215,0.3333333333333333,0.0,-0.3333333333333333,1500.0,40,ordinary_practice,-34.928010261343594,-13.105840147506814,-20.290223665223667,0.010101010101010102,-38.536487563096756,-13.042174177461535,-17.883466824788663,0.0
870,rating_only,27.166666666666668,28.0,0.8333333333333321,0.3333333333333333,0.3333333333333333,0.0,1500.0,40,rating_tier_board,-34.928010261343594,-13.105840147506814,-20.290223665223667,0.010101010101010102,-31.33885170810458,-12.990286001780255,-21.493761161146217,0.01079763148728666
870,rating_history,27.166666666666668,27.833333333333332,0.6666666666666643,0.3333333333333333,0.16666666666666666,-0.16666666666666666,1500.0,40,hole_management,-34.928010261343594,-13.105840147506814,-20.290223665223667,0.010101010101010102,-36.848641975308645,-13.376127946127946,-17.947373737373738,0.005050505050505051
871,control,29.666666666666668,29.833333333333332,0.1666666666666643,0.0,0.6666666666666666,0.6666666666666666,1500.0,40,ordinary_practice,-34.809404691217814,-13.077266245063798,-18.63652219119405,0.0,-38.020279845602424,-14.111833126550868,-21.242633030052385,0.021268438103115524
871,rating_only,29.666666666666668,26.5,-3.166666666666668,0.0,0.3333333333333333,0.3333333333333333,1500.0,40,rating_tier_board,-34.809404691217814,-13.077266245063798,-18.63652219119405,0.0,-42.61378117186237,-13.79191896504188,-20.799385903615605,0.011786600496277916
871,rating_history,29.666666666666668,27.666666666666668,-2.0,0.0,0.0,0.0,1500.0,40,height_management,-34.809404691217814,-13.077266245063798,-18.63652219119405,0.0,-35.63732165167416,-13.544052823125474,-21.166608096414755,0.0
872,control,27.333333333333332,27.0,-0.33333333333333215,0.16666666666666666,0.3333333333333333,0.16666666666666666,1500.0,40,ordinary_practice,-39.712337164750956,-13.116312108496016,-17.256278659611993,0.005747126436781609,-37.847396039465,-13.42955124696504,-20.69814185601542,0.01258309591642925
872,rating_only,27.333333333333332,27.0,-0.33333333333333215,0.16666666666666666,0.0,-0.16666666666666666,1500.0,40,rating_tier_board,-39.712337164750956,-13.116312108496016,-17.256278659611993,0.005747126436781609,-38.29506378678793,-13.494512441581406,-20.900841859290136,0.0
872,rating_history,27.333333333333332,26.0,-1.3333333333333321,0.16666666666666666,0.0,-0.16666666666666666,1500.0,40,surface_management,-39.712337164750956,-13.116312108496016,-17.256278659611993,0.005747126436781609,-37.245756464199665,-12.990746214981838,-19.706019347646276,0.0
873,control,25.0,27.5,2.5,0.0,0.3333333333333333,0.3333333333333333,1500.0,40,ordinary_practice,-39.5690293040293,-13.953556166056165,-22.724478021978022,0.0,-37.75424146449823,-13.964190509843087,-21.697568912020156,0.011549183592194345
873,rating_only,25.0,26.666666666666668,1.6666666666666679,0.0,0.16666666666666666,0.16666666666666666,1500.0,40,rating_tier_board,-39.5690293040293,-13.953556166056165,-22.724478021978022,0.0,-39.836201889897545,-13.851232680363115,-21.120748792270533,0.005952380952380952
873,rating_history,25.0,25.5,0.5,0.0,0.16666666666666666,0.16666666666666666,1500.0,40,hole_management,-39.5690293040293,-13.953556166056165,-22.724478021978022,0.0,-40.485669515669514,-13.251058879392213,-20.100242165242165,0.006944444444444444
874,control,27.0,28.333333333333332,1.3333333333333321,0.3333333333333333,0.0,-0.3333333333333333,1500.0,40,ordinary_practice,-40.07224340978512,-14.096238148207002,-21.07776171054258,0.011699507389162561,-35.17870247036914,-13.145638312304978,-20.08417662584329,0.0
874,rating_only,27.0,28.0,1.0,0.3333333333333333,0.0,-0.3333333333333333,1500.0,40,rating_tier_board,-40.07224340978512,-14.096238148207002,-21.07776171054258,0.011699507389162561,-35.03223782390449,-13.07216160979602,-20.523733484754988,0.0
874,rating_history,27.0,25.5,-1.5,0.3333333333333333,0.0,-0.3333333333333333,1500.0,40,hole_management,-40.07224340978512,-14.096238148207002,-21.07776171054258,0.011699507389162561,-36.44253994797473,-13.522883819079471,-23.917025003981525,0.0
875,control,27.0,28.0,1.0,0.0,0.3333333333333333,0.3333333333333333,1500.0,40,ordinary_practice,-40.99474314124989,-13.40442599213214,-17.781525519291637,0.0,-42.762798894653734,-13.926336754643206,-19.456983325813972,0.010584677419354838
875,rating_only,27.0,29.0,2.0,0.0,0.0,0.0,1500.0,40,rating_tier_board,-40.99474314124989,-13.40442599213214,-17.781525519291637,0.0,-34.601695849648436,-13.349553308281756,-19.60187676308366,0.0
875,rating_history,27.0,28.333333333333332,1.3333333333333321,0.0,0.0,0.0,1500.0,40,height_management,-40.99474314124989,-13.40442599213214,-17.781525519291637,0.0,-37.80738024652832,-14.07341238882821,-18.756228220731263,0.0
876,control,27.5,26.166666666666668,-1.3333333333333321,0.3333333333333333,0.0,-0.3333333333333333,1500.0,40,ordinary_practice,-38.15046653144016,-13.448523430592395,-19.644622145940605,0.00980392156862745,-37.19922973698336,-13.128086228049996,-20.14590828924162,0.0
876,rating_only,27.5,26.166666666666668,-1.3333333333333321,0.3333333333333333,0.0,-0.3333333333333333,1500.0,40,rating_tier_board,-38.15046653144016,-13.448523430592395,-19.644622145940605,0.00980392156862745,-37.19922973698336,-13.128086228049996,-20.14590828924162,0.0
876,rating_history,27.5,28.0,0.5,0.3333333333333333,0.3333333333333333,0.0,1500.0,40,hole_management,-38.15046653144016,-13.448523430592395,-19.644622145940605,0.00980392156862745,-36.72691206480093,-13.15941904047976,-15.868817362152257,0.010763888888888889
877,control,27.0,28.333333333333332,1.3333333333333321,0.0,0.0,0.0,1500.0,40,ordinary_practice,-32.335549871584355,-12.791307102858827,-17.028352806197635,0.0,-37.31124101620214,-13.839266588844007,-19.67498165195934,0.0
877,rating_only,27.0,28.5,1.5,0.0,0.0,0.0,1500.0,40,rating_tier_board,-32.335549871584355,-12.791307102858827,-17.028352806197635,0.0,-35.30957066548007,-13.589418371926824,-19.86937009876158,0.0
877,rating_history,27.0,28.5,1.5,0.0,0.16666666666666666,0.16666666666666666,1500.0,40,height_management,-32.335549871584355,-12.791307102858827,-17.028352806197635,0.0,-37.87980447606884,-14.028492367572827,-20.872103630724318,0.005747126436781609
878,control,28.333333333333332,27.166666666666668,-1.1666666666666643,0.0,0.16666666666666666,0.16666666666666666,1500.0,40,ordinary_practice,-38.066996594295446,-13.269286322447241,-18.706698899227636,0.0,-39.683430335097,-13.284347442680776,-17.978968253968254,0.006172839506172839
878,rating_only,28.333333333333332,27.166666666666668,-1.1666666666666643,0.0,0.16666666666666666,0.16666666666666666,1500.0,40,rating_tier_board,-38.066996594295446,-13.269286322447241,-18.706698899227636,0.0,-38.48990469407136,-13.41939017772351,-18.55685286935287,0.006172839506172839
878,rating_history,28.333333333333332,27.166666666666668,-1.1666666666666643,0.0,0.16666666666666666,0.16666666666666666,1500.0,40,hole_management,-38.066996594295446,-13.269286322447241,-18.706698899227636,0.0,-38.32964828381495,-13.406569664902998,-18.646596459096457,0.006172839506172839
879,control,27.166666666666668,29.166666666666668,2.0,0.16666666666666666,0.5,0.33333333333333337,1500.0,40,ordinary_practice,-37.743332636566336,-13.133521257915,-17.392452455091135,0.005952380952380952,-36.979221781305114,-13.86885471781305,-19.78783619929453,0.014467592592592593
879,rating_only,27.166666666666668,26.833333333333332,-0.3333333333333357,0.16666666666666666,0.0,-0.16666666666666666,1500.0,40,rating_tier_board,-37.743332636566336,-13.133521257915,-17.392452455091135,0.005952380952380952,-35.0404052936311,-12.973123292478132,-22.645713963455897,0.0
879,rating_history,27.166666666666668,26.666666666666668,-0.5,0.16666666666666666,0.0,-0.16666666666666666,1500.0,40,surface_management,-37.743332636566336,-13.133521257915,-17.392452455091135,0.005952380952380952,-36.5462903667214,-13.286966338259441,-19.03818691844554,0.0
880,control,26.333333333333332,26.833333333333332,0.5,0.0,0.16666666666666666,0.16666666666666666,1500.0,40,ordinary_practice,-39.37230530034128,-13.104951708618625,-17.659217577820776,0.0,-34.58640691601631,-12.884279298522781,-20.504897566151215,0.005376344086021505
880,rating_only,26.333333333333332,26.833333333333332,0.5,0.0,0.0,0.0,1500.0,40,rating_tier_board,-39.37230530034128,-13.104951708618625,-17.659217577820776,0.0,-35.388717551073874,-12.739187297376953,-18.16458049719544,0.0
880,rating_history,26.333333333333332,27.166666666666668,0.8333333333333357,0.0,0.0,0.0,1500.0,40,surface_management,-39.37230530034128,-13.104951708618625,-17.659217577820776,0.0,-36.26281798661109,-13.272214854111406,-20.782908298597953,0.0
881,control,27.833333333333332,25.166666666666668,-2.6666666666666643,0.0,0.16666666666666666,0.16666666666666666,1500.0,40,ordinary_practice,-39.78456837987718,-14.166866611005025,-21.30432352800322,0.0,-42.58192586399108,-13.481651802303976,-18.829138795986623,0.005555555555555556
881,rating_only,27.833333333333332,25.333333333333332,-2.5,0.0,0.0,0.0,1500.0,40,rating_tier_board,-39.78456837987718,-14.166866611005025,-21.30432352800322,0.0,-35.017129021022235,-12.87665732487757,-19.067497355567433,0.0
881,rating_history,27.833333333333332,25.666666666666668,-2.1666666666666643,0.0,0.0,0.0,1500.0,40,height_management,-39.78456837987718,-14.166866611005025,-21.30432352800322,0.0,-34.58344344445568,-12.993806008600224,-19.223170325534063,0.0
882,control,25.833333333333332,25.5,-0.33333333333333215,0.3333333333333333,0.0,-0.3333333333333333,1500.0,40,ordinary_practice,-43.7880608985062,-13.992546862129611,-20.187301142055702,0.012043010752688172,-39.67788461538461,-13.54131054131054,-20.421889838556503,0.0
882,rating_only,25.833333333333332,25.833333333333332,0.0,0.3333333333333333,0.0,-0.3333333333333333,1500.0,40,rating_tier_board,-43.7880608985062,-13.992546862129611,-20.187301142055702,0.012043010752688172,-36.78508217688325,-13.444638207272616,-22.139462901694085,0.0
882,rating_history,25.833333333333332,25.5,-0.33333333333333215,0.3333333333333333,0.3333333333333333,0.0,1500.0,40,surface_management,-43.7880608985062,-13.992546862129611,-20.187301142055702,0.012043010752688172,-40.52910906726124,-13.849330307373785,-21.503819212188777,0.009523809523809523
883,control,29.0,28.166666666666668,-0.8333333333333321,0.3333333333333333,0.3333333333333333,0.0,1500.0,40,ordinary_practice,-37.52742486981617,-13.116910592322887,-16.192097809320448,0.010317460317460317,-40.08430799534522,-13.553690657658029,-18.14872489084012,0.01075268817204301
883,rating_only,29.0,27.333333333333332,-1.6666666666666679,0.3333333333333333,0.16666666666666666,-0.16666666666666666,1500.0,40,rating_tier_board,-37.52742486981617,-13.116910592322887,-16.192097809320448,0.010317460317460317,-39.67656646035957,-13.139705275567344,-18.8817536103743,0.005555555555555556
883,rating_history,29.0,27.0,-2.0,0.3333333333333333,0.16666666666666666,-0.16666666666666666,1500.0,40,height_management,-37.52742486981617,-13.116910592322887,-16.192097809320448,0.010317460317460317,-38.369725747349435,-12.876259256319226,-18.353923167453903,0.005747126436781609
884,control,28.5,27.166666666666668,-1.3333333333333321,0.16666666666666666,0.0,-0.16666666666666666,1500.0,40,ordinary_practice,-38.62587370401609,-13.489161226035531,-15.378696173366176,0.005376344086021505,-34.76195427927062,-12.840596368482426,-17.980629557016364,0.0
884,rating_only,28.5,30.5,2.0,0.16666666666666666,0.6666666666666666,0.5,1500.0,40,rating_tier_board,-38.62587370401609,-13.489161226035531,-15.378696173366176,0.005376344086021505,-34.23808778140886,-13.206141067538127,-18.952389705882354,0.022185911401597674
884,rating_history,28.5,29.666666666666668,1.1666666666666679,0.16666666666666666,0.5,0.33333333333333337,1500.0,40,surface_management,-38.62587370401609,-13.489161226035531,-15.378696173366176,0.005376344086021505,-35.0750415817462,-13.294639719687158,-18.806465166711845,0.01597676107480029
885,control,26.666666666666668,28.166666666666668,1.5,0.16666666666666666,0.0,-0.16666666666666666,1500.0,40,ordinary_practice,-38.0871859857617,-12.887235915009528,-19.417326135467064,0.006410256410256411,-35.24245744831117,-13.30926668961986,-21.016221727845753,0.0
885,rating_only,26.666666666666668,28.166666666666668,1.5,0.16666666666666666,0.0,-0.16666666666666666,1500.0,40,rating_tier_board,-38.0871859857617,-12.887235915009528,-19.417326135467064,0.006410256410256411,-35.37540278439889,-13.354389577484683,-20.748212299380263,0.0
885,rating_history,26.666666666666668,29.5,2.833333333333332,0.16666666666666666,0.0,-0.16666666666666666,1500.0,40,height_management,-38.0871859857617,-12.887235915009528,-19.417326135467064,0.006410256410256411,-34.83146491355163,-13.216187685286316,-17.919199261269494,0.0
886,control,28.5,27.666666666666668,-0.8333333333333321,0.16666666666666666,0.16666666666666666,0.0,1500.0,40,ordinary_practice,-35.83072324104026,-13.12448014999461,-18.915387634241917,0.005050505050505051,-36.862368742368744,-12.950885225885227,-17.545137362637362,0.0047619047619047615
886,rating_only,28.5,27.666666666666668,-0.8333333333333321,0.16666666666666666,0.16666666666666666,0.0,1500.0,40,rating_tier_board,-35.83072324104026,-13.12448014999461,-18.915387634241917,0.005050505050505051,-36.862368742368744,-12.950885225885227,-17.545137362637362,0.0047619047619047615
886,rating_history,28.5,28.333333333333332,-0.16666666666666785,0.16666666666666666,0.3333333333333333,0.16666666666666666,1500.0,40,hole_management,-35.83072324104026,-13.12448014999461,-18.915387634241917,0.005050505050505051,-36.959610121679084,-13.053184076459939,-17.492953454591387,0.010509031198686371
887,control,27.5,28.5,1.0,0.0,0.3333333333333333,0.3333333333333333,1500.0,40,ordinary_practice,-35.28274528410398,-12.620647141706925,-17.168141582317308,0.0,-39.29782871449538,-13.672958214624881,-20.796358348441682,0.010101010101010102
887,rating_only,27.5,26.666666666666668,-0.8333333333333321,0.0,0.0,0.0,1500.0,40,rating_tier_board,-35.28274528410398,-12.620647141706925,-17.168141582317308,0.0,-39.91200466200466,-13.433857808857809,-17.963359557109555,0.0
887,rating_history,27.5,27.0,-0.5,0.0,0.16666666666666666,0.16666666666666666,1500.0,40,surface_management,-35.28274528410398,-12.620647141706925,-17.168141582317308,0.0,-41.37571598815977,-13.306766946197232,-16.17497844484351,0.005952380952380952
888,control,26.5,27.333333333333332,0.8333333333333321,0.0,0.0,0.0,1500.0,40,ordinary_practice,-36.70842592592592,-13.519334215167548,-20.76860229276896,0.0,-37.33246442923862,-13.38439593063249,-18.857222765287283,0.0
888,rating_only,26.5,27.833333333333332,1.3333333333333321,0.0,0.0,0.0,1500.0,40,rating_tier_board,-36.70842592592592,-13.519334215167548,-20.76860229276896,0.0,-38.55898406616797,-13.193753420908592,-17.66990436659977,0.0
888,rating_history,26.5,29.5,3.0,0.0,0.0,0.0,1500.0,40,surface_management,-36.70842592592592,-13.519334215167548,-20.76860229276896,0.0,-33.9154024754136,-13.223339866165228,-19.33419716792909,0.0
889,control,28.5,23.5,-5.0,0.3333333333333333,0.0,-0.3333333333333333,1500.0,40,ordinary_practice,-35.802136029147526,-13.073332531665866,-17.65270244867946,0.01122334455667789,-38.37502891844997,-13.211352244246982,-20.008769739032896,0.0
889,rating_only,28.5,25.333333333333332,-3.166666666666668,0.3333333333333333,0.0,-0.3333333333333333,1500.0,40,rating_tier_board,-35.802136029147526,-13.073332531665866,-17.65270244867946,0.01122334455667789,-37.180696450623984,-13.138853162403887,-20.331516980067704,0.0
889,rating_history,28.5,25.5,-3.0,0.3333333333333333,0.16666666666666666,-0.16666666666666666,1500.0,40,surface_management,-35.802136029147526,-13.073332531665866,-17.65270244867946,0.01122334455667789,-39.696274884535754,-13.047017837235229,-18.648061793279183,0.006410256410256411
890,control,27.5,26.166666666666668,-1.3333333333333321,0.16666666666666666,0.0,-0.16666666666666666,1500.0,40,ordinary_practice,-34.381011904761905,-13.58734126984127,-20.598849206349207,0.005208333333333333,-38.22412601141986,-13.71535080361917,-21.717472058176703,0.0
890,rating_only,27.5,28.166666666666668,0.6666666666666679,0.16666666666666666,0.16666666666666666,0.0,1500.0,40,rating_tier_board,-34.381011904761905,-13.58734126984127,-20.598849206349207,0.005208333333333333,-35.347638830703346,-13.247865754317367,-22.492823395242752,0.005376344086021505
890,rating_history,27.5,24.666666666666668,-2.833333333333332,0.16666666666666666,0.0,-0.16666666666666666,1500.0,40,hole_management,-34.381011904761905,-13.58734126984127,-20.598849206349207,0.005208333333333333,-39.88988927738928,-13.765868298368298,-23.87030108780109,0.0
891,control,26.0,26.0,0.0,0.16666666666666666,0.0,-0.16666666666666666,1500.0,40,ordinary_practice,-40.05502492140173,-12.834699733975096,-17.988815746786763,0.005952380952380952,-39.428408289241624,-13.111410934744269,-18.379872134038802,0.0
891,rating_only,26.0,26.666666666666668,0.6666666666666679,0.16666666666666666,0.0,-0.16666666666666666,1500.0,40,rating_tier_board,-40.05502492140173,-12.834699733975096,-17.988815746786763,0.005952380952380952,-38.433894315560984,-13.353118301451635,-19.72752204585538,0.0
891,rating_history,26.0,26.5,0.5,0.16666666666666666,0.0,-0.16666666666666666,1500.0,40,hole_management,-40.05502492140173,-12.834699733975096,-17.988815746786763,0.005952380952380952,-40.01538999527506,-13.212195743804939,-17.45607787274454,0.0
892,control,26.666666666666668,27.333333333333332,0.6666666666666643,0.0,0.0,0.0,1500.0,40,ordinary_practice,-42.04222764889431,-13.674000814000813,-21.036877628544296,0.0,-35.77866522579166,-13.301085568326947,-20.42891574155942,0.0
892,rating_only,26.666666666666668,28.833333333333332,2.1666666666666643,0.0,0.3333333333333333,0.3333333333333333,1500.0,40,rating_tier_board,-42.04222764889431,-13.674000814000813,-21.036877628544296,0.0,-35.08559769705603,-13.691461894586894,-20.52040004748338,0.011618589743589744
892,rating_history,26.666666666666668,28.5,1.8333333333333321,0.0,0.3333333333333333,0.3333333333333333,1500.0,40,surface_management,-42.04222764889431,-13.674000814000813,-21.036877628544296,0.0,-37.25787333808167,-13.634303774928775,-18.4681831671415,0.012152777777777778
893,control,25.666666666666668,28.0,2.333333333333332,0.0,0.0,0.0,1500.0,40,ordinary_practice,-39.40316755083997,-13.266103006189214,-19.43219422340112,0.0,-35.95058469308469,-12.72729020979021,-17.11434731934732,0.0
893,rating_only,25.666666666666668,28.5,2.833333333333332,0.0,0.0,0.0,1500.0,40,rating_tier_board,-39.40316755083997,-13.266103006189214,-19.43219422340112,0.0,-37.39781362007169,-12.957956989247311,-15.659928315412186,0.0
893,rating_history,25.666666666666668,28.0,2.333333333333332,0.0,0.0,0.0,1500.0,40,height_management,-39.40316755083997,-13.266103006189214,-19.43219422340112,0.0,-35.95058469308469,-12.72729020979021,-17.11434731934732,0.0
894,control,27.333333333333332,29.333333333333332,2.0,0.16666666666666666,0.16666666666666666,0.0,1500.0,40,ordinary_practice,-38.3756052376742,-13.10907435476401,-19.691055113468906,0.005952380952380952,-37.72671672596242,-13.742824074074074,-17.64208724837317,0.005555555555555556
894,rating_only,27.333333333333332,29.833333333333332,2.5,0.16666666666666666,0.16666666666666666,0.0,1500.0,40,rating_tier_board,-38.3756052376742,-13.10907435476401,-19.691055113468906,0.005952380952380952,-37.828966584645116,-13.192786092291097,-17.211204777795434,0.005050505050505051
894,rating_history,27.333333333333332,29.833333333333332,2.5,0.16666666666666666,0.16666666666666666,0.0,1500.0,40,hole_management,-38.3756052376742,-13.10907435476401,-19.691055113468906,0.005952380952380952,-37.882538013216546,-13.192786092291097,-17.330252396843054,0.005050505050505051
895,control,26.833333333333332,26.5,-0.33333333333333215,0.0,0.16666666666666666,0.16666666666666666,1500.0,40,ordinary_practice,-38.85817805383023,-13.22388508126889,-19.71532388567621,0.0,-40.30769784377311,-13.571439949934573,-19.375025032713204,0.005376344086021505
895,rating_only,26.833333333333332,27.333333333333332,0.5,0.0,0.6666666666666666,0.6666666666666666,1500.0,40,rating_tier_board,-38.85817805383023,-13.22388508126889,-19.71532388567621,0.0,-43.14107555028154,-13.434502698350249,-17.91576023744354,0.018905021173623714
895,rating_history,26.833333333333332,27.333333333333332,0.5,0.0,0.6666666666666666,0.6666666666666666,1500.0,40,hole_management,-38.85817805383023,-13.22388508126889,-19.71532388567621,0.0,-42.190744978388,-13.186070165532408,-17.785425025013126,0.01871345029239766
896,control,26.5,27.0,0.5,0.16666666666666666,0.0,-0.16666666666666666,1500.0,40,ordinary_practice,-38.69419501633863,-13.164803001002088,-20.441872301918842,0.005208333333333333,-40.815827359617685,-13.737879473175171,-17.71346902201741,0.0
896,rating_only,26.5,27.0,0.5,0.16666666666666666,0.0,-0.16666666666666666,1500.0,40,rating_tier_board,-38.69419501633863,-13.164803001002088,-20.441872301918842,0.005208333333333333,-40.768208311998634,-13.737879473175171,-17.987278545826932,0.0
896,rating_history,26.5,27.0,0.5,0.16666666666666666,0.0,-0.16666666666666666,1500.0,40,hole_management,-38.69419501633863,-13.164803001002088,-20.441872301918842,0.005208333333333333,-40.768208311998634,-13.737879473175171,-17.987278545826932,0.0
897,control,30.0,26.5,-3.5,0.5,0.16666666666666666,-0.33333333333333337,1500.0,40,ordinary_practice,-32.79417973534005,-13.167884145964653,-18.51945471118302,0.015309343434343434,-33.414298088410995,-13.223837116686578,-21.338028673835126,0.005376344086021505
897,rating_only,30.0,26.5,-3.5,0.5,0.16666666666666666,-0.33333333333333337,1500.0,40,rating_tier_board,-32.79417973534005,-13.167884145964653,-18.51945471118302,0.015309343434343434,-33.414298088410995,-13.223837116686578,-21.338028673835126,0.005376344086021505
897,rating_history,30.0,27.333333333333332,-2.666666666666668,0.5,0.0,-0.5,1500.0,40,height_management,-32.79417973534005,-13.167884145964653,-18.51945471118302,0.015309343434343434,-37.428960654081564,-13.556738857273873,-18.504330891603182,0.0
898,control,26.5,27.5,1.0,0.16666666666666666,0.16666666666666666,0.0,1500.0,40,ordinary_practice,-37.877300324196874,-12.46479295608606,-16.801472885352197,0.005747126436781609,-42.92770704391394,-13.48614205717654,-16.748909519599174,0.005555555555555556
898,rating_only,26.5,27.5,1.0,0.16666666666666666,0.16666666666666666,0.0,1500.0,40,rating_tier_board,-37.877300324196874,-12.46479295608606,-16.801472885352197,0.005747126436781609,-43.18770704391394,-13.48614205717654,-16.395576186265842,0.005555555555555556
898,rating_history,26.5,27.5,1.0,0.16666666666666666,0.16666666666666666,0.0,1500.0,40,height_management,-37.877300324196874,-12.46479295608606,-16.801472885352197,0.005747126436781609,-42.92770704391394,-13.48614205717654,-16.748909519599174,0.005555555555555556
899,control,26.833333333333332,25.0,-1.8333333333333321,0.3333333333333333,0.0,-0.3333333333333333,1500.0,40,ordinary_practice,-37.675579922457075,-13.367685558092413,-19.098696283666445,0.00980392156862745,-40.563721001221,-12.764769952269953,-18.164252414252413,0.0
899,rating_only,26.833333333333332,25.666666666666668,-1.1666666666666643,0.3333333333333333,0.0,-0.3333333333333333,1500.0,40,rating_tier_board,-37.675579922457075,-13.367685558092413,-19.098696283666445,0.00980392156862745,-41.83400305545233,-13.31868285230604,-18.643366365250422,0.0
899,rating_history,26.833333333333332,27.5,0.6666666666666679,0.3333333333333333,0.16666666666666666,-0.16666666666666666,1500.0,40,height_management,-37.675579922457075,-13.367685558092413,-19.098696283666445,0.00980392156862745,-39.86005022010769,-13.51843838154183,-18.187151722266666,0.005952380952380952
900,control,28.666666666666668,29.333333333333332,0.6666666666666643,0.16666666666666666,0.5,0.33333333333333337,1500.0,40,ordinary_practice,-35.94111111111111,-13.214691358024691,-18.69469135802469,0.005555555555555556,-40.50428113553114,-13.868963675213676,-20.059264346764348,0.015625
900,rating_only,28.666666666666668,29.166666666666668,0.5,0.16666666666666666,0.16666666666666666,0.0,1500.0,40,rating_tier_board,-35.94111111111111,-13.214691358024691,-18.69469135802469,0.005555555555555556,-36.01772449988523,-13.42994221975034,-18.255771283468725,0.005050505050505051
900,rating_history,28.666666666666668,28.833333333333332,0.1666666666666643,0.16666666666666666,0.0,-0.16666666666666666,1500.0,40,hole_management,-35.94111111111111,-13.214691358024691,-18.69469135802469,0.005555555555555556,-36.33168590269883,-13.713138262599468,-20.74918937623679,0.0
901,control,28.5,27.333333333333332,-1.1666666666666679,0.0,0.3333333333333333,0.3333333333333333,1500.0,40,ordinary_practice,-37.490567561841196,-13.282658200469658,-18.884263820470718,0.0,-33.86295022131791,-12.849806867399634,-20.43335661038528,0.011160714285714286
901,rating_only,28.5,30.333333333333332,1.8333333333333321,0.0,0.3333333333333333,0.3333333333333333,1500.0,40,rating_tier_board,-37.490567561841196,-13.282658200469658,-18.884263820470718,0.0,-32.392911237740876,-12.672782687662488,-17.16057995319686,0.008771929824561403
901,rating_history,28.5,30.166666666666668,1.6666666666666679,0.0,0.5,0.5,1500.0,40,hole_management,-37.490567561841196,-13.282658200469658,-18.884263820470718,0.0,-38.34866488549284,-13.752842985369867,-19.913078170336235,0.014021164021164021
902,control,25.166666666666668,26.333333333333332,1.1666666666666643,0.16666666666666666,0.0,-0.16666666666666666,1500.0,40,ordinary_practice,-40.59026387058996,-13.124821402430099,-18.95437637241985,0.005555555555555556,-44.46137498304165,-13.526207434540767,-18.252177452177452,0.0
902,rating_only,25.166666666666668,26.833333333333332,1.6666666666666643,0.16666666666666666,0.16666666666666666,0.0,1500.0,40,rating_tier_board,-40.59026387058996,-13.124821402430099,-18.95437637241985,0.005555555555555556,-40.55975414078675,-12.906852749220628,-17.9443624318793,0.005208333333333333
902,rating_history,25.166666666666668,25.5,0.33333333333333215,0.16666666666666666,0.0,-0.16666666666666666,1500.0,40,surface_management,-40.59026387058996,-13.124821402430099,-18.95437637241985,0.005555555555555556,-41.21253052503052,-12.841056166056166,-17.27116910866911,0.0
903,control,29.333333333333332,27.0,-2.333333333333332,0.16666666666666666,0.16666666666666666,0.0,1500.0,40,ordinary_practice,-32.078442304127094,-13.590392013205555,-19.730752741650267,0.005747126436781609,-38.87652298850575,-13.148330140485314,-18.231770966368668,0.005555555555555556
903,rating_only,29.333333333333332,27.666666666666668,-1.6666666666666643,0.16666666666666666,0.16666666666666666,0.0,1500.0,40,rating_tier_board,-32.078442304127094,-13.590392013205555,-19.730752741650267,0.005747126436781609,-35.751819981213096,-12.886557300053676,-16.79490405260333,0.005555555555555556
903,rating_history,29.333333333333332,27.333333333333332,-2.0,0.16666666666666666,0.16666666666666666,0.0,1500.0,40,surface_management,-32.078442304127094,-13.590392013205555,-19.730752741650267,0.005747126436781609,-41.02041666666666,-13.603221153846153,-19.480010683760685,0.006410256410256411
904,control,28.333333333333332,27.166666666666668,-1.1666666666666643,0.16666666666666666,0.0,-0.16666666666666666,1500.0,40,ordinary_practice,-39.44908806471307,-13.313369963369963,-17.25491452991453,0.005952380952380952,-37.48652999330419,-12.954532759156415,-18.378017995544877,0.0
904,rating_only,28.333333333333332,26.833333333333332,-1.5,0.16666666666666666,0.16666666666666666,0.0,1500.0,40,rating_tier_board,-39.44908806471307,-13.313369963369963,-17.25491452991453,0.005952380952380952,-33.33387793179506,-12.750645731724708,-20.431277440270765,0.005376344086021505
904,rating_history,28.333333333333332,27.5,-0.8333333333333321,0.16666666666666666,0.0,-0.16666666666666666,1500.0,40,height_management,-39.44908806471307,-13.313369963369963,-17.25491452991453,0.005952380952380952,-38.4261798088411,-13.309154719235364,-17.705077658303463,0.0
905,control,27.166666666666668,27.5,0.33333333333333215,0.16666666666666666,0.16666666666666666,0.0,1500.0,40,ordinary_practice,-42.47460172437184,-13.006122502444342,-14.97459578310153,0.005952380952380952,-38.332760171940635,-12.92641089776645,-17.370962344288685,0.005376344086021505
905,rating_only,27.166666666666668,26.5,-0.6666666666666679,0.16666666666666666,0.16666666666666666,0.0,1500.0,40,rating_tier_board,-42.47460172437184,-13.006122502444342,-14.97459578310153,0.005952380952380952,-38.986393778635154,-12.69378758214965,-18.498853206180794,0.005952380952380952
905,rating_history,27.166666666666668,26.0,-1.1666666666666679,0.16666666666666666,0.16666666666666666,0.0,1500.0,40,hole_management,-42.47460172437184,-13.006122502444342,-14.97459578310153,0.005952380952380952,-37.794919017763846,-13.100862068965517,-20.572030651340995,0.005555555555555556
906,control,26.5,25.333333333333332,-1.1666666666666679,0.0,0.16666666666666666,0.16666666666666666,1500.0,40,ordinary_practice,-38.70179148012481,-13.24984533984534,-17.897427079093745,0.0,-42.70840802566609,-13.385691092062059,-21.441736596736597,0.005376344086021505
906,rating_only,26.5,26.0,-0.5,0.0,0.0,0.0,1500.0,40,rating_tier_board,-38.70179148012481,-13.24984533984534,-17.897427079093745,0.0,-41.73048635938441,-13.45028062891631,-21.587980689142608,0.0
906,rating_history,26.5,26.0,-0.5,0.0,0.16666666666666666,0.16666666666666666,1500.0,40,surface_management,-38.70179148012481,-13.24984533984534,-17.897427079093745,0.0,-41.13938746438746,-13.496609686609688,-21.073974358974358,0.006172839506172839
907,control,28.833333333333332,29.833333333333332,1.0,0.16666666666666666,0.3333333333333333,0.16666666666666666,1500.0,40,ordinary_practice,-38.21242073338848,-13.767507582023711,-17.951199338296114,0.005555555555555556,-32.91303560025543,-13.35344162409536,-19.38954475308642,0.009259259259259259
907,rating_only,28.833333333333332,29.833333333333332,1.0,0.16666666666666666,0.3333333333333333,0.16666666666666666,1500.0,40,rating_tier_board,-38.21242073338848,-13.767507582023711,-17.951199338296114,0.005555555555555556,-32.91303560025543,-13.35344162409536,-19.38954475308642,0.009259259259259259
907,rating_history,28.833333333333332,28.333333333333332,-0.5,0.16666666666666666,0.0,-0.16666666666666666,1500.0,40,hole_management,-38.21242073338848,-13.767507582023711,-17.951199338296114,0.005555555555555556,-31.329702266922094,-13.163626809280546,-20.602507716049384,0.0
908,control,29.666666666666668,28.333333333333332,-1.3333333333333357,0.16666666666666666,0.16666666666666666,0.0,1500.0,40,ordinary_practice,-36.16062610229277,-13.33641975308642,-16.57067901234568,0.004629629629629629,-36.43211996336996,-13.430173992673993,-19.678914835164836,0.005208333333333333
908,rating_only,29.666666666666668,25.166666666666668,-4.5,0.16666666666666666,0.16666666666666666,0.0,1500.0,40,rating_tier_board,-36.16062610229277,-13.33641975308642,-16.57067901234568,0.004629629629629629,-41.27403750670961,-13.602064133531524,-20.73774441038028,0.005208333333333333
908,rating_history,29.666666666666668,25.166666666666668,-4.5,0.16666666666666666,0.16666666666666666,0.0,1500.0,40,hole_management,-36.16062610229277,-13.33641975308642,-16.57067901234568,0.004629629629629629,-41.272396233329204,-13.602064133531524,-20.2087589031339,0.005208333333333333
909,control,27.166666666666668,26.833333333333332,-0.3333333333333357,0.0,0.0,0.0,1500.0,40,ordinary_practice,-36.60939908962897,-13.398490683433213,-20.166493434194585,0.0,-42.11781779948447,-14.199077465744132,-20.133096594763263,0.0
909,rating_only,27.166666666666668,28.0,0.8333333333333321,0.0,0.3333333333333333,0.3333333333333333,1500.0,40,rating_tier_board,-36.60939908962897,-13.398490683433213,-20.166493434194585,0.0,-39.113708592132504,-14.466185300207039,-21.8729917184265,0.010416666666666666
909,rating_history,27.166666666666668,27.833333333333332,0.6666666666666643,0.0,0.16666666666666666,0.16666666666666666,1500.0,40,surface_management,-36.60939908962897,-13.398490683433213,-20.166493434194585,0.0,-38.97982979346204,-14.144157863784441,-21.833783790999487,0.005376344086021505
910,control,26.5,26.833333333333332,0.33333333333333215,0.16666666666666666,0.5,0.33333333333333337,1500.0,40,ordinary_practice,-39.8247123015873,-13.288015873015873,-18.626914682539685,0.005208333333333333,-40.310705659075225,-13.3918624250146,-20.10618131868132,0.019307081807081808
910,rating_only,26.5,26.833333333333332,0.33333333333333215,0.16666666666666666,0.5,0.33333333333333337,1500.0,40,rating_tier_board,-39.8247123015873,-13.288015873015873,-18.626914682539685,0.005208333333333333,-39.838483436853004,-13.358529091681266,-20.395070207570207,0.019307081807081808
910,rating_history,26.5,26.833333333333332,0.33333333333333215,0.16666666666666666,0.5,0.33333333333333337,1500.0,40,hole_management,-39.8247123015873,-13.288015873015873,-18.626914682539685,0.005208333333333333,-40.310705659075225,-13.3918624250146,-20.10618131868132,0.019307081807081808
911,control,27.166666666666668,27.166666666666668,0.0,0.3333333333333333,0.16666666666666666,-0.16666666666666666,1500.0,40,ordinary_practice,-40.21854657687991,-13.545688632355299,-20.522908449575116,0.010101010101010102,-36.13022364131218,-12.711467793672087,-17.060773212464976,0.004901960784313725
911,rating_only,27.166666666666668,26.666666666666668,-0.5,0.3333333333333333,0.3333333333333333,0.0,1500.0,40,rating_tier_board,-40.21854657687991,-13.545688632355299,-20.522908449575116,0.010101010101010102,-43.76886325007922,-13.265641668273247,-15.171263149030844,0.011965811965811967
911,rating_history,27.166666666666668,26.833333333333332,-0.3333333333333357,0.3333333333333333,0.0,-0.3333333333333333,1500.0,40,height_management,-40.21854657687991,-13.545688632355299,-20.522908449575116,0.010101010101010102,-36.900231323257636,-12.811215538847119,-16.608590710783695,0.0
912,control,26.833333333333332,26.666666666666668,-0.1666666666666643,0.0,0.16666666666666666,0.16666666666666666,1500.0,40,ordinary_practice,-40.21802808302808,-13.51410866910867,-20.481892551892553,0.0,-39.16660772178014,-13.716510357458633,-20.672358005978694,0.005747126436781609
912,rating_only,26.833333333333332,26.0,-0.8333333333333321,0.0,0.0,0.0,1500.0,40,rating_tier_board,-40.21802808302808,-13.51410866910867,-20.481892551892553,0.0,-35.74123311304721,-12.880440141234743,-19.410023018793634,0.0
912,rating_history,26.833333333333332,29.0,2.166666666666668,0.0,0.3333333333333333,0.3333333333333333,1500.0,40,height_management,-40.21802808302808,-13.51410866910867,-20.481892551892553,0.0,-41.116685660018994,-13.991177587844255,-19.55954415954416,0.008547008547008546
913,control,25.833333333333332,28.166666666666668,2.3333333333333357,0.0,0.0,0.0,1500.0,40,ordinary_practice,-39.402994891443164,-13.105917411664539,-18.422835249042144,0.0,-40.21092057583993,-13.595471956359054,-18.19368673441254,0.0
913,rating_only,25.833333333333332,28.166666666666668,2.3333333333333357,0.0,0.0,0.0,1500.0,40,rating_tier_board,-39.402994891443164,-13.105917411664539,-18.422835249042144,0.0,-37.50147707231041,-13.67718253968254,-19.306679894179894,0.0
913,rating_history,25.833333333333332,28.166666666666668,2.3333333333333357,0.0,0.0,0.0,1500.0,40,height_management,-39.402994891443164,-13.105917411664539,-18.422835249042144,0.0,-40.21092057583993,-13.595471956359054,-18.19368673441254,0.0
914,control,27.0,26.333333333333332,-0.6666666666666679,0.16666666666666666,0.0,-0.16666666666666666,1500.0,40,ordinary_practice,-41.203952149005914,-13.761045553411144,-18.375749777900314,0.006172839506172839,-34.50336070060208,-13.180974274767378,-20.166776135741653,0.0
914,rating_only,27.0,26.333333333333332,-0.6666666666666679,0.16666666666666666,0.0,-0.16666666666666666,1500.0,40,rating_tier_board,-41.203952149005914,-13.761045553411144,-18.375749777900314,0.006172839506172839,-33.516694033935416,-13.180974274767378,-20.90677613574165,0.0
914,rating_history,27.0,27.166666666666668,0.16666666666666785,0.16666666666666666,0.0,-0.16666666666666666,1500.0,40,height_management,-41.203952149005914,-13.761045553411144,-18.375749777900314,0.006172839506172839,-39.80294396961064,-13.861626644959978,-18.88849749016416,0.0
915,control,24.833333333333332,26.833333333333332,2.0,0.0,0.0,0.0,1500.0,40,ordinary_practice,-42.056036686072915,-13.438944527024237,-18.288711652008754,0.0,-39.077922262922264,-13.884915208248541,-19.897671279337946,0.0
915,rating_only,24.833333333333332,26.833333333333332,2.0,0.0,0.0,0.0,1500.0,40,rating_tier_board,-42.056036686072915,-13.438944527024237,-18.288711652008754,0.0,-37.399717134717136,-13.781581874915208,-20.015876407543075,0.0
915,rating_history,24.833333333333332,28.333333333333332,3.5,0.0,0.16666666666666666,0.16666666666666666,1500.0,40,surface_management,-42.056036686072915,-13.438944527024237,-18.288711652008754,0.0,-35.07435515873016,-13.513988095238096,-19.432738095238093,0.005208333333333333
916,control,27.666666666666668,27.666666666666668,0.0,0.16666666666666666,0.16666666666666666,0.0,1500.0,40,ordinary_practice,-33.3633226584981,-12.917755035737493,-21.458920449271325,0.0047619047619047615,-40.162079239938436,-13.380648373284867,-16.98920803042211,0.005208333333333333
916,rating_only,27.666666666666668,28.833333333333332,1.1666666666666643,0.16666666666666666,0.16666666666666666,0.0,1500.0,40,rating_tier_board,-33.3633226584981,-12.917755035737493,-21.458920449271325,0.0047619047619047615,-37.18384875022806,-13.415470108860914,-18.806847898801923,0.005555555555555556
916,rating_history,27.666666666666668,27.666666666666668,0.0,0.16666666666666666,0.16666666666666666,0.0,1500.0,40,hole_management,-33.3633226584981,-12.917755035737493,-21.458920449271325,0.0047619047619047615,-40.649733560926094,-13.380648373284867,-17.60031914153322,0.005208333333333333
917,control,27.0,25.833333333333332,-1.1666666666666679,0.0,0.0,0.0,1500.0,40,ordinary_practice,-37.35328863346105,-13.439320683573557,-17.726296904457826,0.0,-39.804883665717,-12.974399335232668,-18.933368945868946,0.0
917,rating_only,27.0,27.0,0.0,0.0,0.16666666666666666,0.16666666666666666,1500.0,40,rating_tier_board,-37.35328863346105,-13.439320683573557,-17.726296904457826,0.0,-39.69030195710303,-13.019058997553621,-17.61787065483302,0.005376344086021505
917,rating_history,27.0,26.166666666666668,-0.8333333333333321,0.0,0.0,0.0,1500.0,40,hole_management,-37.35328863346105,-13.439320683573557,-17.726296904457826,0.0,-40.307630918464255,-13.039161239994574,-17.941189458689458,0.0
918,control,27.833333333333332,28.166666666666668,0.3333333333333357,0.0,0.16666666666666666,0.16666666666666666,1500.0,40,ordinary_practice,-34.396330353341845,-13.46026850331448,-21.710480751687648,0.0,-38.41912033364239,-13.643685166050362,-22.018209674766048,0.004901960784313725
918,rating_only,27.833333333333332,26.166666666666668,-1.6666666666666643,0.0,0.0,0.0,1500.0,40,rating_tier_board,-34.396330353341845,-13.46026850331448,-21.710480751687648,0.0,-35.459788105413104,-13.363987416904083,-22.51954237891738,0.0
918,rating_history,27.833333333333332,26.833333333333332,-1.0,0.0,0.0,0.0,1500.0,40,height_management,-34.396330353341845,-13.46026850331448,-21.710480751687648,0.0,-37.40003116721209,-13.681720430107527,-21.977103353938325,0.0
919,control,28.166666666666668,28.166666666666668,0.0,0.6666666666666666,0.0,-0.6666666666666666,1500.0,40,ordinary_practice,-42.23982054212302,-13.728918677551217,-19.231144169666845,0.021045859755537175,-34.74821428571428,-13.480842911877394,-21.398830049261086,0.0
919,rating_only,28.166666666666668,28.333333333333332,0.1666666666666643,0.6666666666666666,0.3333333333333333,-0.3333333333333333,1500.0,40,rating_tier_board,-42.23982054212302,-13.728918677551217,-19.231144169666845,0.021045859755537175,-35.97828713094433,-13.197534781473253,-20.285652074367423,0.00980392156862745
919,rating_history,28.166666666666668,28.666666666666668,0.5,0.6666666666666666,0.0,-0.6666666666666666,1500.0,40,hole_management,-42.23982054212302,-13.728918677551217,-19.231144169666845,0.021045859755537175,-34.53760822510822,-13.50609543712992,-21.250345200776234,0.0
920,control,27.833333333333332,28.0,0.16666666666666785,0.16666666666666666,0.3333333333333333,0.16666666666666666,1500.0,40,ordinary_practice,-39.733942781356575,-13.34015409877479,-17.618052924087408,0.006410256410256411,-40.662343078502644,-13.772715452228637,-18.81475269152754,0.00980392156862745
920,rating_only,27.833333333333332,26.5,-1.3333333333333321,0.16666666666666666,0.0,-0.16666666666666666,1500.0,40,rating_tier_board,-39.733942781356575,-13.34015409877479,-17.618052924087408,0.006410256410256411,-38.327160493827165,-13.591405508072175,-20.62037037037037,0.0
920,rating_history,27.833333333333332,27.666666666666668,-0.1666666666666643,0.16666666666666666,0.16666666666666666,0.0,1500.0,40,hole_management,-39.733942781356575,-13.34015409877479,-17.618052924087408,0.006410256410256411,-41.70704642579643,-13.739262280928948,-18.001361100319436,0.005208333333333333
921,control,27.666666666666668,27.833333333333332,0.1666666666666643,0.16666666666666666,0.3333333333333333,0.16666666666666666,1500.0,40,ordinary_practice,-39.42926468990985,-13.629763585677564,-18.168076463560336,0.005050505050505051,-40.21622707991242,-13.263461498417458,-18.281209692772663,0.009970238095238095
921,rating_only,27.666666666666668,29.0,1.3333333333333321,0.16666666666666666,0.3333333333333333,0.16666666666666666,1500.0,40,rating_tier_board,-39.42926468990985,-13.629763585677564,-18.168076463560336,0.005050505050505051,-32.64256815316442,-12.970972480850355,-19.766821899365002,0.010955459770114943
921,rating_history,27.666666666666668,28.666666666666668,1.0,0.16666666666666666,0.0,-0.16666666666666666,1500.0,40,height_management,-39.42926468990985,-13.629763585677564,-18.168076463560336,0.005050505050505051,-38.747251914814456,-13.920619806032247,-20.124016388164463,0.0
922,control,25.833333333333332,27.333333333333332,1.5,0.0,0.0,0.0,1500.0,40,ordinary_practice,-37.31033893106357,-13.504860823556475,-22.55117897400506,0.0,-41.68222484199495,-13.885208108196615,-19.345687199135476,0.0
922,rating_only,25.833333333333332,25.166666666666668,-0.6666666666666643,0.0,0.0,0.0,1500.0,40,rating_tier_board,-37.31033893106357,-13.504860823556475,-22.55117897400506,0.0,-37.68834939215374,-13.215400541487497,-18.502641078728036,0.0
922,rating_history,25.833333333333332,26.333333333333332,0.5,0.0,0.0,0.0,1500.0,40,hole_management,-37.31033893106357,-13.504860823556475,-22.55117897400506,0.0,-39.06581556799948,-13.684582964927792,-19.5285152438026,0.0
923,control,26.0,26.166666666666668,0.16666666666666785,0.0,0.16666666666666666,0.16666666666666666,1500.0,40,ordinary_practice,-41.547501459892764,-14.312696820088124,-20.30948396477382,0.0,-38.71125992365123,-13.238565335630554,-18.077722543157325,0.005050505050505051
923,rating_only,26.0,30.333333333333332,4.333333333333332,0.0,0.3333333333333333,0.3333333333333333,1500.0,40,rating_tier_board,-41.547501459892764,-14.312696820088124,-20.30948396477382,0.0,-35.80205627705628,-13.991013307679975,-18.20014830848164,0.009259259259259259
923,rating_history,26.0,27.166666666666668,1.1666666666666679,0.0,0.0,0.0,1500.0,40,height_management,-41.547501459892764,-14.312696820088124,-20.30948396477382,0.0,-37.08512784698281,-13.51308936545552,-20.372132817999603,0.0
924,control,26.166666666666668,29.166666666666668,3.0,0.0,0.0,0.0,1500.0,40,ordinary_practice,-38.03761736403304,-13.573171440916882,-19.57440127962656,0.0,-36.99166269399862,-13.704124953652206,-18.92766477744231,0.0
924,rating_only,26.166666666666668,28.5,2.333333333333332,0.0,0.0,0.0,1500.0,40,rating_tier_board,-38.03761736403304,-13.573171440916882,-19.57440127962656,0.0,-37.85489137299482,-13.411831080796597,-18.757575470506506,0.0
924,rating_history,26.166666666666668,28.5,2.333333333333332,0.0,0.0,0.0,1500.0,40,hole_management,-38.03761736403304,-13.573171440916882,-19.57440127962656,0.0,-37.85489137299482,-13.411831080796597,-18.757575470506506,0.0
925,control,28.5,28.833333333333332,0.33333333333333215,0.3333333333333333,0.0,-0.3333333333333333,1500.0,40,ordinary_practice,-36.438607103836986,-12.96472822622248,-17.437543671739075,0.011919965942954448,-35.221472116095775,-13.585211662093382,-20.193014472584366,0.0
925,rating_only,28.5,26.5,-2.0,0.3333333333333333,0.16666666666666666,-0.16666666666666666,1500.0,40,rating_tier_board,-36.438607103836986,-12.96472822622248,-17.437543671739075,0.011919965942954448,-40.550824175824175,-13.794346086012753,-19.477547144213812,0.006172839506172839
925,rating_history,28.5,26.5,-2.0,0.3333333333333333,0.16666666666666666,-0.16666666666666666,1500.0,40,hole_management,-36.438607103836986,-12.96472822622248,-17.437543671739075,0.011919965942954448,-40.550824175824175,-13.794346086012753,-19.477547144213812,0.006172839506172839
926,control,26.166666666666668,27.5,1.3333333333333321,0.0,0.16666666666666666,0.16666666666666666,1500.0,40,ordinary_practice,-44.53462370962371,-14.019965034965034,-19.27998001998002,0.0,-38.95568971525289,-13.215722896179885,-18.55184807998652,0.005376344086021505
926,rating_only,26.166666666666668,26.833333333333332,0.6666666666666643,0.0,0.0,0.0,1500.0,40,rating_tier_board,-44.53462370962371,-14.019965034965034,-19.27998001998002,0.0,-41.02025098358432,-13.26949531949532,-18.85323429656763,0.0
926,rating_history,26.166666666666668,27.666666666666668,1.5,0.0,0.16666666666666666,0.16666666666666666,1500.0,40,hole_management,-44.53462370962371,-14.019965034965034,-19.27998001998002,0.0,-38.02127972921076,-12.790362778983468,-16.930577778968583,0.005050505050505051
927,control,27.0,28.0,1.0,0.16666666666666666,0.0,-0.16666666666666666,1500.0,40,ordinary_practice,-33.33228188903476,-13.148435662623882,-20.886470855400454,0.005208333333333333,-37.38667882989722,-13.788348537371526,-21.412151371404246,0.0
927,rating_only,27.0,27.166666666666668,0.16666666666666785,0.16666666666666666,0.0,-0.16666666666666666,1500.0,40,rating_tier_board,-33.33228188903476,-13.148435662623882,-20.886470855400454,0.005208333333333333,-34.10932844932845,-12.876587301587302,-19.55020757020757,0.0
927,rating_history,27.0,27.166666666666668,0.16666666666666785,0.16666666666666666,0.0,-0.16666666666666666,1500.0,40,hole_management,-33.33228188903476,-13.148435662623882,-20.886470855400454,0.005208333333333333,-34.10932844932845,-12.876587301587302,-19.55020757020757,0.0
928,control,25.5,26.666666666666668,1.1666666666666679,0.0,0.0,0.0,1500.0,40,ordinary_practice,-43.76542328042328,-13.762776421109754,-19.671434676434675,0.0,-39.75243834126893,-13.996247755243257,-20.02385620376625,0.0
928,rating_only,25.5,26.666666666666668,1.1666666666666679,0.0,0.0,0.0,1500.0,40,rating_tier_board,-43.76542328042328,-13.762776421109754,-19.671434676434675,0.0,-39.75243834126893,-13.996247755243257,-20.02385620376625,0.0
928,rating_history,25.5,26.666666666666668,1.1666666666666679,0.0,0.0,0.0,1500.0,40,hole_management,-43.76542328042328,-13.762776421109754,-19.671434676434675,0.0,-39.75243834126893,-13.996247755243257,-20.02385620376625,0.0
929,control,27.0,27.333333333333332,0.33333333333333215,0.16666666666666666,0.16666666666666666,0.0,1500.0,40,ordinary_practice,-38.46927502975334,-12.88054043472286,-18.50666477386166,0.005376344086021505,-38.975813872377685,-13.767760054517884,-20.905637245807885,0.005952380952380952
929,rating_only,27.0,28.666666666666668,1.6666666666666679,0.16666666666666666,0.16666666666666666,0.0,1500.0,40,rating_tier_board,-38.46927502975334,-12.88054043472286,-18.50666477386166,0.005376344086021505,-34.94154320987654,-13.124973544973544,-19.219973544973545,0.0047619047619047615
929,rating_history,27.0,27.666666666666668,0.6666666666666679,0.16666666666666666,0.0,-0.16666666666666666,1500.0,40,surface_management,-38.46927502975334,-12.88054043472286,-18.50666477386166,0.005376344086021505,-37.94227552048742,-12.602893460513037,-16.314174971919687,0.0
930,control,25.333333333333332,27.666666666666668,2.3333333333333357,0.0,0.0,0.0,1500.0,40,ordinary_practice,-42.11964285714286,-14.041209852948983,-22.6787005627223,0.0,-36.73883680043881,-13.586647594370296,-20.255238083542682,0.0
930,rating_only,25.333333333333332,27.166666666666668,1.8333333333333357,0.0,0.0,0.0,1500.0,40,rating_tier_board,-42.11964285714286,-14.041209852948983,-22.6787005627223,0.0,-39.935534688013135,-13.683179734537493,-20.0338433908046,0.0
930,rating_history,25.333333333333332,27.833333333333332,2.5,0.0,0.0,0.0,1500.0,40,hole_management,-42.11964285714286,-14.041209852948983,-22.6787005627223,0.0,-40.59116687192118,-13.849616516146689,-19.886027298850575,0.0
931,control,26.666666666666668,28.666666666666668,2.0,0.16666666666666666,0.5,0.33333333333333337,1500.0,40,ordinary_practice,-35.500025045081145,-13.112887813448824,-21.1590561729061,0.005376344086021505,-38.08968395642246,-13.751636334610472,-20.048718748790588,0.015309343434343434
931,rating_only,26.666666666666668,26.5,-0.16666666666666785,0.16666666666666666,0.0,-0.16666666666666666,1500.0,40,rating_tier_board,-35.500025045081145,-13.112887813448824,-21.1590561729061,0.005376344086021505,-43.108024691358025,-13.11111111111111,-16.386574074074073,0.0
931,rating_history,26.666666666666668,27.666666666666668,1.0,0.16666666666666666,0.3333333333333333,0.16666666666666666,1500.0,40,hole_management,-35.500025045081145,-13.112887813448824,-21.1590561729061,0.005376344086021505,-37.060163415766866,-13.056699659429544,-18.641085181315066,0.010101010101010102
932,control,26.166666666666668,24.666666666666668,-1.5,0.0,0.16666666666666666,0.16666666666666666,1500.0,40,ordinary_practice,-40.28954800330452,-13.807285434108074,-20.32658966427935,0.0,-42.017205190139975,-13.524700648251372,-21.473100974441554,0.007246376811594203
932,rating_only,26.166666666666668,24.666666666666668,-1.5,0.0,0.16666666666666666,0.16666666666666666,1500.0,40,rating_tier_board,-40.28954800330452,-13.807285434108074,-20.32658966427935,0.0,-42.017205190139975,-13.524700648251372,-21.473100974441554,0.007246376811594203
932,rating_history,26.166666666666668,26.166666666666668,0.0,0.0,0.16666666666666666,0.16666666666666666,1500.0,40,surface_management,-40.28954800330452,-13.807285434108074,-20.32658966427935,0.0,-39.478924109373885,-13.030176614989209,-19.319911445376214,0.006410256410256411
933,control,29.0,27.666666666666668,-1.3333333333333321,0.0,0.0,0.0,1500.0,40,ordinary_practice,-34.906302213421235,-13.347059037242575,-17.67782256366795,0.0,-35.39646839619958,-13.236827388063947,-18.770219605165842,0.0
933,rating_only,29.0,27.666666666666668,-1.3333333333333321,0.0,0.0,0.0,1500.0,40,rating_tier_board,-34.906302213421235,-13.347059037242575,-17.67782256366795,0.0,-35.39646839619958,-13.236827388063947,-18.770219605165842,0.0
933,rating_history,29.0,27.666666666666668,-1.3333333333333321,0.0,0.0,0.0,1500.0,40,height_management,-34.906302213421235,-13.347059037242575,-17.67782256366795,0.0,-35.39646839619958,-13.236827388063947,-18.770219605165842,0.0
934,control,27.0,26.166666666666668,-0.8333333333333321,0.3333333333333333,0.0,-0.3333333333333333,1500.0,40,ordinary_practice,-39.8473738851728,-13.223612537824494,-17.359585921325053,0.011160714285714286,-38.189479187894335,-13.467827618678484,-21.65441107954432,0.0
934,rating_only,27.0,28.166666666666668,1.1666666666666679,0.3333333333333333,0.0,-0.3333333333333333,1500.0,40,rating_tier_board,-39.8473738851728,-13.223612537824494,-17.359585921325053,0.011160714285714286,-36.23823631963417,-13.075608608834415,-17.911971298315386,0.0
934,rating_history,27.0,27.0,0.0,0.3333333333333333,0.16666666666666666,-0.16666666666666666,1500.0,40,hole_management,-39.8473738851728,-13.223612537824494,-17.359585921325053,0.011160714285714286,-34.875206010549626,-12.501537170775133,-18.502464861511143,0.005376344086021505
935,control,27.5,26.5,-1.0,0.0,0.0,0.0,1500.0,40,ordinary_practice,-36.86936107500624,-13.229792758018565,-17.63782105986407,0.0,-35.11739357173265,-13.671862494678587,-23.44296828437633,0.0
935,rating_only,27.5,26.166666666666668,-1.3333333333333321,0.0,0.0,0.0,1500.0,40,rating_tier_board,-36.86936107500624,-13.229792758018565,-17.63782105986407,0.0,-33.43227682811016,-12.645180436847104,-19.440705128205128,0.0
935,rating_history,27.5,26.5,-1.0,0.0,0.0,0.0,1500.0,40,surface_management,-36.86936107500624,-13.229792758018565,-17.63782105986407,0.0,-38.3434159231573,-13.859989148782253,-21.776979007582455,0.0
936,control,30.166666666666668,27.333333333333332,-2.8333333333333357,0.3333333333333333,0.16666666666666666,-0.16666666666666666,1500.0,40,ordinary_practice,-31.78160275820871,-12.893046028509042,-18.211478546121207,0.01075268817204301,-36.43241758241758,-13.545772283272283,-20.09406288156288,0.005555555555555556
936,rating_only,30.166666666666668,27.666666666666668,-2.5,0.3333333333333333,0.16666666666666666,-0.16666666666666666,1500.0,40,rating_tier_board,-31.78160275820871,-12.893046028509042,-18.211478546121207,0.01075268817204301,-37.6055655378572,-13.024895050936717,-16.710086980920316,0.005050505050505051
936,rating_history,30.166666666666668,27.5,-2.666666666666668,0.3333333333333333,0.0,-0.3333333333333333,1500.0,40,hole_management,-31.78160275820871,-12.893046028509042,-18.211478546121207,0.01075268817204301,-36.63581375521031,-13.723443223443223,-19.896016483516483,0.0
937,control,26.333333333333332,27.333333333333332,1.0,0.0,0.16666666666666666,0.16666666666666666,1500.0,40,ordinary_practice,-37.94907822062994,-12.884346257191085,-16.98459921304749,0.0,-41.77890338827839,-13.658388486513486,-16.752617174492173,0.005208333333333333
937,rating_only,26.333333333333332,28.666666666666668,2.3333333333333357,0.0,0.5,0.5,1500.0,40,rating_tier_board,-37.94907822062994,-12.884346257191085,-16.98459921304749,0.0,-39.76385030864198,-13.733371913580246,-16.890123456790125,0.016589506172839507
937,rating_history,26.333333333333332,26.166666666666668,-0.1666666666666643,0.0,0.16666666666666666,0.16666666666666666,1500.0,40,surface_management,-37.94907822062994,-12.884346257191085,-16.98459921304749,0.0,-37.99105995955458,-13.09101599714503,-18.461275116758987,0.005376344086021505
938,control,29.0,26.666666666666668,-2.333333333333332,0.0,0.0,0.0,1500.0,40,ordinary_practice,-31.189744306087697,-13.204303312959922,-19.160451826004987,0.0,-38.27849952516619,-14.07782094448761,-23.030774410774413,0.0
938,rating_only,29.0,26.5,-2.5,0.0,0.0,0.0,1500.0,40,rating_tier_board,-31.189744306087697,-13.204303312959922,-19.160451826004987,0.0,-38.69459147918918,-14.13031136594355,-23.65606176709625,0.0
938,rating_history,29.0,26.666666666666668,-2.333333333333332,0.0,0.0,0.0,1500.0,40,hole_management,-31.189744306087697,-13.204303312959922,-19.160451826004987,0.0,-38.27849952516619,-14.07782094448761,-23.030774410774413,0.0
939,control,26.0,27.0,1.0,0.0,0.16666666666666666,0.16666666666666666,1500.0,40,ordinary_practice,-31.795670995670996,-12.90880230880231,-21.3530303030303,0.0,-38.68174783549784,-13.738066378066378,-20.517453703703705,0.005208333333333333
939,rating_only,26.0,26.0,0.0,0.0,0.16666666666666666,0.16666666666666666,1500.0,40,rating_tier_board,-31.795670995670996,-12.90880230880231,-21.3530303030303,0.0,-39.17457744469239,-13.799478969306556,-23.257357234081372,0.005747126436781609
939,rating_history,26.0,26.166666666666668,0.16666666666666785,0.0,0.16666666666666666,0.16666666666666666,1500.0,40,height_management,-31.795670995670996,-12.90880230880231,-21.3530303030303,0.0,-35.953321123321125,-13.030811965811965,-21.58500915750916,0.005952380952380952
940,control,29.666666666666668,26.666666666666668,-3.0,0.0,0.0,0.0,1500.0,40,ordinary_practice,-32.34970281622928,-12.498989446435683,-16.65486381473242,0.0,-36.11723985890652,-13.07442680776014,-17.36410934744268,0.0
940,rating_only,29.666666666666668,28.5,-1.1666666666666679,0.0,0.0,0.0,1500.0,40,rating_tier_board,-32.34970281622928,-12.498989446435683,-16.65486381473242,0.0,-30.525613275613274,-12.85400432900433,-19.449170274170275,0.0
940,rating_history,29.666666666666668,27.0,-2.666666666666668,0.0,0.3333333333333333,0.3333333333333333,1500.0,40,surface_management,-32.34970281622928,-12.498989446435683,-16.65486381473242,0.0,-35.16884837151317,-12.660376455397493,-17.77075179768027,0.011507936507936507
941,control,26.833333333333332,27.666666666666668,0.8333333333333357,0.16666666666666666,0.0,-0.16666666666666666,1500.0,40,ordinary_practice,-38.23299109043362,-13.962011342212492,-21.910414766161892,0.006172839506172839,-33.419371951741255,-12.88780211631157,-20.61567496648698,0.0
941,rating_only,26.833333333333332,26.666666666666668,-0.1666666666666643,0.16666666666666666,0.0,-0.16666666666666666,1500.0,40,rating_tier_board,-38.23299109043362,-13.962011342212492,-21.910414766161892,0.006172839506172839,-36.538682581786034,-13.15162319481285,-18.643954465075154,0.0
941,rating_history,26.833333333333332,26.666666666666668,-0.1666666666666643,0.16666666666666666,0.0,-0.16666666666666666,1500.0,40,surface_management,-38.23299109043362,-13.962011342212492,-21.910414766161892,0.006172839506172839,-36.56423813734158,-13.15162319481285,-18.625065576186266,0.0
942,control,25.333333333333332,25.833333333333332,0.5,0.16666666666666666,0.0,-0.16666666666666666,1500.0,40,ordinary_practice,-41.57874351896091,-12.827196622486477,-17.912949838674475,0.006944444444444444,-38.36503154253154,-13.440702075702076,-20.336064984398316,0.0
942,rating_only,25.333333333333332,25.5,0.16666666666666785,0.16666666666666666,0.16666666666666666,0.0,1500.0,40,rating_tier_board,-41.57874351896091,-12.827196622486477,-17.912949838674475,0.006944444444444444,-37.97930708180708,-13.33993894993895,-21.488266178266176,0.005952380952380952
942,rating_history,25.333333333333332,26.666666666666668,1.3333333333333357,0.16666666666666666,0.3333333333333333,0.16666666666666666,1500.0,40,surface_management,-41.57874351896091,-12.827196622486477,-17.912949838674475,0.006944444444444444,-38.2316570881226,-13.495478927203065,-20.230569923371647,0.010955459770114943
943,control,26.666666666666668,27.0,0.33333333333333215,0.0,0.0,0.0,1500.0,40,ordinary_practice,-39.495687645687646,-13.185806339254615,-18.43375432039225,0.0,-40.12079627945687,-13.437438029478702,-18.43396896464919,0.0
943,rating_only,26.666666666666668,27.833333333333332,1.1666666666666643,0.0,0.0,0.0,1500.0,40,rating_tier_board,-39.495687645687646,-13.185806339254615,-18.43375432039225,0.0,-35.63145412892632,-13.018460105584689,-18.507845268993766,0.0
943,rating_history,26.666666666666668,28.166666666666668,1.5,0.0,0.0,0.0,1500.0,40,height_management,-39.495687645687646,-13.185806339254615,-18.43375432039225,0.0,-37.3035009578544,-12.945804255610291,-17.37524048987411,0.0
944,control,26.5,25.833333333333332,-0.6666666666666679,0.0,0.16666666666666666,0.16666666666666666,1500.0,40,ordinary_practice,-40.71234168629971,-13.346529509970289,-18.19888596910336,0.0,-42.22622643843283,-13.422218874930019,-18.495716966044302,0.005747126436781609
944,rating_only,26.5,27.333333333333332,0.8333333333333321,0.0,0.0,0.0,1500.0,40,rating_tier_board,-40.71234168629971,-13.346529509970289,-18.19888596910336,0.0,-41.53228492896409,-13.652177125722853,-16.988819994764523,0.0
944,rating_history,26.5,27.333333333333332,0.8333333333333321,0.0,0.0,0.0,1500.0,40,surface_management,-40.71234168629971,-13.346529509970289,-18.19888596910336,0.0,-41.202856182689075,-13.594771048668788,-17.299139545637235,0.0
945,control,27.166666666666668,25.666666666666668,-1.5,0.0,0.16666666666666666,0.16666666666666666,1500.0,40,ordinary_practice,-33.80598482063536,-13.180345939405079,-19.56529814967987,0.0,-34.69661812202135,-12.68072048918823,-21.996819488754973,0.005376344086021505
945,rating_only,27.166666666666668,29.166666666666668,2.0,0.0,0.8333333333333334,0.8333333333333334,1500.0,40,rating_tier_board,-33.80598482063536,-13.180345939405079,-19.56529814967987,0.0,-41.09984839154078,-13.9221569456599,-18.44757177720843,0.02523602033405955
945,rating_history,27.166666666666668,26.5,-0.6666666666666679,0.0,0.3333333333333333,0.3333333333333333,1500.0,40,hole_management,-33.80598482063536,-13.180345939405079,-19.56529814967987,0.0,-40.11718831231252,-13.89874135086408,-21.253665399336516,0.011549183592194345
946,control,27.166666666666668,27.333333333333332,0.1666666666666643,0.0,0.6666666666666666,0.6666666666666666,1500.0,40,ordinary_practice,-38.88732363315697,-13.704872134038801,-17.095149911816577,0.0,-44.44061491039712,-14.109012274275432,-18.841711085849017,0.021746031746031746
946,rating_only,27.166666666666668,27.333333333333332,0.1666666666666643,0.0,0.16666666666666666,0.16666666666666666,1500.0,40,rating_tier_board,-38.88732363315697,-13.704872134038801,-17.095149911816577,0.0,-39.685960591133004,-13.628615216201423,-20.182887246852765,0.006666666666666667
946,rating_history,27.166666666666668,27.333333333333332,0.1666666666666643,0.0,0.6666666666666666,0.6666666666666666,1500.0,40,hole_management,-38.88732363315697,-13.704872134038801,-17.095149911816577,0.0,-44.44061491039712,-14.109012274275432,-18.841711085849017,0.021746031746031746
947,control,27.5,28.333333333333332,0.8333333333333321,0.16666666666666666,0.16666666666666666,0.0,1500.0,40,ordinary_practice,-37.63286378372585,-13.970053653243308,-19.82411314738901,0.005747126436781609,-35.725400950105254,-13.044416140410764,-18.490298259088583,0.0047619047619047615
947,rating_only,27.5,27.666666666666668,0.16666666666666785,0.16666666666666666,0.3333333333333333,0.16666666666666666,1500.0,40,rating_tier_board,-37.63286378372585,-13.970053653243308,-19.82411314738901,0.005747126436781609,-31.169586660678615,-12.368347180703502,-20.038835674755216,0.011302681992337164
947,rating_history,27.5,27.333333333333332,-0.16666666666666785,0.16666666666666666,0.16666666666666666,0.0,1500.0,40,hole_management,-37.63286378372585,-13.970053653243308,-19.82411314738901,0.005747126436781609,-30.16799935909131,-12.552077339433662,-20.249946785866328,0.005747126436781609
948,control,26.5,26.666666666666668,0.16666666666666785,0.16666666666666666,0.0,-0.16666666666666666,1500.0,40,ordinary_practice,-40.376130104463435,-13.039249762583097,-16.800843847510514,0.006410256410256411,-36.98631703733387,-12.851777025806946,-19.17745398507437,0.0
948,rating_only,26.5,26.666666666666668,0.16666666666666785,0.16666666666666666,0.0,-0.16666666666666666,1500.0,40,rating_tier_board,-40.376130104463435,-13.039249762583097,-16.800843847510514,0.006410256410256411,-36.90660689240633,-12.851777025806946,-19.14846847782799,0.0
948,rating_history,26.5,25.833333333333332,-0.6666666666666679,0.16666666666666666,0.0,-0.16666666666666666,1500.0,40,height_management,-40.376130104463435,-13.039249762583097,-16.800843847510514,0.006410256410256411,-32.7033364376866,-12.52317032386691,-19.219667388954438,0.0
949,control,28.166666666666668,27.166666666666668,-1.0,0.3333333333333333,0.0,-0.3333333333333333,1500.0,40,ordinary_practice,-39.28997184616955,-13.969264581935665,-20.855732121532284,0.011123470522803115,-35.176555495146204,-13.20149463831373,-18.417934129191,0.0
949,rating_only,28.166666666666668,27.666666666666668,-0.5,0.3333333333333333,0.16666666666666666,-0.16666666666666666,1500.0,40,rating_tier_board,-39.28997184616955,-13.969264581935665,-20.855732121532284,0.011123470522803115,-36.70430525478002,-12.722490606548577,-18.014057785921853,0.006172839506172839
949,rating_history,28.166666666666668,27.666666666666668,-0.5,0.3333333333333333,0.0,-0.3333333333333333,1500.0,40,hole_management,-39.28997184616955,-13.969264581935665,-20.855732121532284,0.011123470522803115,-32.58716884435275,-12.539634003714465,-18.58393623192474,0.0
950,control,25.5,26.0,0.5,0.0,0.16666666666666666,0.16666666666666666,1500.0,40,ordinary_practice,-41.49916312887327,-13.400863709559362,-18.34261211145269,0.0,-38.60889531521111,-13.279187391555812,-19.41799820062978,0.006410256410256411
950,rating_only,25.5,25.666666666666668,0.16666666666666785,0.0,0.0,0.0,1500.0,40,rating_tier_board,-41.49916312887327,-13.400863709559362,-18.34261211145269,0.0,-38.76290684624018,-13.317858067858069,-20.809742726409393,0.0
950,rating_history,25.5,28.0,2.5,0.0,0.0,0.0,1500.0,40,surface_management,-41.49916312887327,-13.400863709559362,-18.34261211145269,0.0,-37.43706580775547,-13.963636618809034,-19.42612182411033,0.0
951,control,27.333333333333332,27.333333333333332,0.0,0.0,0.0,0.0,1500.0,40,ordinary_practice,-33.40257147067492,-13.051990126731507,-19.684920424403185,0.0,-35.74892823226156,-13.322571564238231,-18.682132682132682,0.0
951,rating_only,27.333333333333332,27.333333333333332,0.0,0.0,0.16666666666666666,0.16666666666666666,1500.0,40,rating_tier_board,-33.40257147067492,-13.051990126731507,-19.684920424403185,0.0,-37.10298753806234,-13.165261668534225,-19.295557930200285,0.005952380952380952
951,rating_history,27.333333333333332,27.333333333333332,0.0,0.0,0.16666666666666666,0.16666666666666666,1500.0,40,hole_management,-33.40257147067492,-13.051990126731507,-19.684920424403185,0.0,-36.03282577761745,-13.160621592913259,-18.77597152076319,0.005952380952380952
952,control,29.0,26.666666666666668,-2.333333333333332,0.16666666666666666,0.0,-0.16666666666666666,1500.0,40,ordinary_practice,-38.02105170746253,-13.633878177398756,-18.534398400731362,0.005376344086021505,-35.734920634920634,-12.71252204585538,-18.3842151675485,0.0
952,rating_only,29.0,26.166666666666668,-2.833333333333332,0.16666666666666666,0.0,-0.16666666666666666,1500.0,40,rating_tier_board,-38.02105170746253,-13.633878177398756,-18.534398400731362,0.005376344086021505,-37.43961343999446,-13.73145126660087,-22.51599289214413,0.0
952,rating_history,29.0,26.166666666666668,-2.833333333333332,0.16666666666666666,0.0,-0.16666666666666666,1500.0,40,surface_management,-38.02105170746253,-13.633878177398756,-18.534398400731362,0.005376344086021505,-37.43961343999446,-13.73145126660087,-22.51599289214413,0.0
953,control,29.833333333333332,27.666666666666668,-2.1666666666666643,0.16666666666666666,0.16666666666666666,0.0,1500.0,40,ordinary_practice,-30.83898957272729,-12.702582160660581,-17.52623934981647,0.005376344086021505,-37.55856215410813,-13.893906981694338,-21.633966581524053,0.005747126436781609
953,rating_only,29.833333333333332,27.5,-2.333333333333332,0.16666666666666666,0.0,-0.16666666666666666,1500.0,40,rating_tier_board,-30.83898957272729,-12.702582160660581,-17.52623934981647,0.005376344086021505,-38.99415035382778,-13.619848436111877,-20.661048310510676,0.0
953,rating_history,29.833333333333332,28.333333333333332,-1.5,0.16666666666666666,0.3333333333333333,0.16666666666666666,1500.0,40,hole_management,-30.83898957272729,-12.702582160660581,-17.52623934981647,0.005376344086021505,-39.36085560074135,-13.716877757099532,-20.754219606806974,0.010416666666666666
954,control,27.833333333333332,26.666666666666668,-1.1666666666666643,0.16666666666666666,0.16666666666666666,0.0,1500.0,40,ordinary_practice,-38.513489503328216,-13.469344598054276,-19.059354838709677,0.005952380952380952,-41.658583638583636,-13.352747252747253,-17.46338827838828,0.005952380952380952
954,rating_only,27.833333333333332,26.666666666666668,-1.1666666666666643,0.16666666666666666,0.16666666666666666,0.0,1500.0,40,rating_tier_board,-38.513489503328216,-13.469344598054276,-19.059354838709677,0.005952380952380952,-41.684224664224665,-13.352747252747253,-17.431336996336995,0.005952380952380952
954,rating_history,27.833333333333332,29.166666666666668,1.3333333333333357,0.16666666666666666,0.3333333333333333,0.16666666666666666,1500.0,40,height_management,-38.513489503328216,-13.469344598054276,-19.059354838709677,0.005952380952380952,-34.77807861400742,-13.133555560818492,-18.443267117106103,0.010584677419354838
955,control,24.833333333333332,27.166666666666668,2.3333333333333357,0.0,0.0,0.0,1500.0,40,ordinary_practice,-39.20085804158268,-12.639823466924916,-20.271796485854455,0.0,-40.08974563644104,-13.24343337590464,-17.12850681140911,0.0
955,rating_only,24.833333333333332,28.5,3.666666666666668,0.0,0.0,0.0,1500.0,40,rating_tier_board,-39.20085804158268,-12.639823466924916,-20.271796485854455,0.0,-36.85803540284816,-13.116742608385174,-16.938845768274764,0.0
955,rating_history,24.833333333333332,28.5,3.666666666666668,0.0,0.0,0.0,1500.0,40,hole_management,-39.20085804158268,-12.639823466924916,-20.271796485854455,0.0,-36.85803540284816,-13.116742608385174,-16.938845768274764,0.0
956,control,27.0,28.833333333333332,1.8333333333333321,0.0,0.16666666666666666,0.16666666666666666,1500.0,40,ordinary_practice,-34.7626456663813,-12.991813794974714,-19.058025626991142,0.0,-34.934837145132846,-13.54763440860215,-21.405397927689595,0.005555555555555556
956,rating_only,27.0,27.166666666666668,0.16666666666666785,0.0,0.16666666666666666,0.16666666666666666,1500.0,40,rating_tier_board,-34.7626456663813,-12.991813794974714,-19.058025626991142,0.0,-36.32005177220231,-13.058187972919155,-19.275698924731184,0.005376344086021505
956,rating_history,27.0,28.666666666666668,1.6666666666666679,0.0,0.6666666666666666,0.6666666666666666,1500.0,40,height_management,-34.7626456663813,-12.991813794974714,-19.058025626991142,0.0,-36.67530921212674,-13.292806969531107,-19.32808033813781,0.01909722222222222
957,control,26.833333333333332,27.833333333333332,1.0,0.3333333333333333,0.0,-0.3333333333333333,1500.0,40,ordinary_practice,-39.34069325735992,-13.162117758784426,-18.238964862298197,0.011111111111111112,-37.7828732357468,-13.730572747814128,-19.225208763139797,0.0
957,rating_only,26.833333333333332,25.5,-1.3333333333333321,0.3333333333333333,0.0,-0.3333333333333333,1500.0,40,rating_tier_board,-39.34069325735992,-13.162117758784426,-18.238964862298197,0.011111111111111112,-38.720933387600056,-13.915284561117895,-20.271749084249084,0.0
957,rating_history,26.833333333333332,25.5,-1.3333333333333321,0.3333333333333333,0.0,-0.3333333333333333,1500.0,40,hole_management,-39.34069325735992,-13.162117758784426,-18.238964862298197,0.011111111111111112,-38.720933387600056,-13.915284561117895,-20.271749084249084,0.0
958,control,26.666666666666668,27.833333333333332,1.1666666666666643,0.0,0.0,0.0,1500.0,40,ordinary_practice,-35.874519695756256,-13.562171500343544,-20.221373210620524,0.0,-33.67715144274284,-13.154301075268817,-20.018248796205786,0.0
958,rating_only,26.666666666666668,28.333333333333332,1.6666666666666643,0.0,0.0,0.0,1500.0,40,rating_tier_board,-35.874519695756256,-13.562171500343544,-20.221373210620524,0.0,-36.815518609742746,-13.493863258389121,-19.045365695128627,0.0
958,rating_history,26.666666666666668,27.833333333333332,1.1666666666666643,0.0,0.0,0.0,1500.0,40,hole_management,-35.874519695756256,-13.562171500343544,-20.221373210620524,0.0,-35.49164000077979,-13.064680023282174,-18.309125860201128,0.0
959,control,28.0,27.666666666666668,-0.33333333333333215,0.3333333333333333,0.16666666666666666,-0.16666666666666666,1500.0,40,ordinary_practice,-39.383742781760255,-13.486347570688968,-17.411364994026286,0.010584677419354838,-39.0363189883233,-13.770036223620993,-17.675763166697074,0.005952380952380952
959,rating_only,28.0,26.333333333333332,-1.6666666666666679,0.3333333333333333,0.0,-0.3333333333333333,1500.0,40,rating_tier_board,-39.383742781760255,-13.486347570688968,-17.411364994026286,0.010584677419354838,-40.218238837312114,-13.32413701002063,-17.748588217338217,0.0
959,rating_history,28.0,27.666666666666668,-0.33333333333333215,0.3333333333333333,0.0,-0.3333333333333333,1500.0,40,hole_management,-39.383742781760255,-13.486347570688968,-17.411364994026286,0.010584677419354838,-36.2346251356668,-13.242875373083706,-18.677640839099173,0.0
960,control,26.833333333333332,30.166666666666668,3.3333333333333357,0.0,0.3333333333333333,0.3333333333333333,1500.0,40,ordinary_practice,-33.431508658699755,-12.503830923493279,-18.06590300583835,0.0,-35.85175492610838,-13.201277709359605,-17.85049774220033,0.011160714285714286
960,rating_only,26.833333333333332,27.166666666666668,0.3333333333333357,0.0,0.3333333333333333,0.3333333333333333,1500.0,40,rating_tier_board,-33.431508658699755,-12.503830923493279,-18.06590300583835,0.0,-33.74439950481617,-12.956902472527473,-20.442430640347308,0.011618589743589744
960,rating_history,26.833333333333332,27.166666666666668,0.3333333333333357,0.0,0.3333333333333333,0.3333333333333333,1500.0,40,hole_management,-33.431508658699755,-12.503830923493279,-18.06590300583835,0.0,-33.74439950481617,-12.956902472527473,-20.442430640347308,0.011618589743589744
961,control,29.0,27.5,-1.5,0.3333333333333333,0.0,-0.3333333333333333,1500.0,40,ordinary_practice,-34.54346080571571,-13.023977202898772,-18.50712885516807,0.009952465834818775,-38.23437055281883,-13.840307729733016,-20.20674451134221,0.0
961,rating_only,29.0,29.5,0.5,0.3333333333333333,0.3333333333333333,0.0,1500.0,40,rating_tier_board,-34.54346080571571,-13.023977202898772,-18.50712885516807,0.009952465834818775,-38.449383758004444,-13.57060927578169,-15.42048736703909,0.011111111111111112
961,rating_history,29.0,27.166666666666668,-1.8333333333333321,0.3333333333333333,0.16666666666666666,-0.16666666666666666,1500.0,40,hole_management,-34.54346080571571,-13.023977202898772,-18.50712885516807,0.009952465834818775,-39.628679136955,-13.821093963507757,-18.738108213625456,0.0047619047619047615
962,control,28.166666666666668,27.0,-1.1666666666666679,0.16666666666666666,0.0,-0.16666666666666666,1500.0,40,ordinary_practice,-37.540435371080534,-13.794124558237462,-18.545686392460585,0.005376344086021505,-38.59568903188032,-12.719391156643562,-15.392969574704154,0.0
962,rating_only,28.166666666666668,26.666666666666668,-1.5,0.16666666666666666,0.5,0.33333333333333337,1500.0,40,rating_tier_board,-37.540435371080534,-13.794124558237462,-18.545686392460585,0.005376344086021505,-39.29920634920635,-13.174107142857142,-18.3797123015873,0.01636904761904762
962,rating_history,28.166666666666668,26.0,-2.166666666666668,0.16666666666666666,0.0,-0.16666666666666666,1500.0,40,hole_management,-37.540435371080534,-13.794124558237462,-18.545686392460585,0.005376344086021505,-42.72485348835924,-12.963638851569886,-17.33973036329358,0.0
963,control,27.833333333333332,27.333333333333332,-0.5,0.0,0.0,0.0,1500.0,40,ordinary_practice,-33.62125640286189,-13.263788666736387,-21.85693621804115,0.0,-36.840405643738976,-13.280978835978836,-19.074603174603176,0.0
963,rating_only,27.833333333333332,28.0,0.16666666666666785,0.0,0.0,0.0,1500.0,40,rating_tier_board,-33.62125640286189,-13.263788666736387,-21.85693621804115,0.0,-34.89022450516703,-13.911170406860062,-21.008330643388113,0.0
963,rating_history,27.833333333333332,28.0,0.16666666666666785,0.0,0.0,0.0,1500.0,40,surface_management,-33.62125640286189,-13.263788666736387,-21.85693621804115,0.0,-34.89022450516703,-13.911170406860062,-21.008330643388113,0.0
964,control,27.5,30.333333333333332,2.833333333333332,0.16666666666666666,0.3333333333333333,0.16666666666666666,1500.0,40,ordinary_practice,-35.70106456043956,-13.550499017890322,-19.907521599777034,0.005208333333333333,-31.500473630312342,-12.419214029697901,-15.464362519201229,0.009523809523809523
964,rating_only,27.5,28.166666666666668,0.6666666666666679,0.16666666666666666,0.0,-0.16666666666666666,1500.0,40,rating_tier_board,-35.70106456043956,-13.550499017890322,-19.907521599777034,0.005208333333333333,-33.77881647673314,-12.275091575091576,-14.816067612942613,0.0
964,rating_history,27.5,26.333333333333332,-1.1666666666666679,0.16666666666666666,0.0,-0.16666666666666666,1500.0,40,hole_management,-35.70106456043956,-13.550499017890322,-19.907521599777034,0.005208333333333333,-40.23487623487623,-13.118414918414919,-17.435048285048286,0.0
965,control,28.0,30.333333333333332,2.333333333333332,0.3333333333333333,0.6666666666666666,0.3333333333333333,1500.0,40,ordinary_practice,-37.502194284802044,-13.415114386199157,-18.47178414896087,0.01079763148728666,-38.12133088548318,-13.853577476648386,-17.122905789071694,0.02022058823529412
965,rating_only,28.0,27.333333333333332,-0.6666666666666679,0.3333333333333333,0.3333333333333333,0.0,1500.0,40,rating_tier_board,-37.502194284802044,-13.415114386199157,-18.47178414896087,0.01079763148728666,-35.06632292383011,-13.023720814094377,-19.791522169826766,0.010763888888888889
965,rating_history,28.0,26.666666666666668,-1.3333333333333321,0.3333333333333333,0.5,0.16666666666666669,1500.0,40,hole_management,-37.502194284802044,-13.415114386199157,-18.47178414896087,0.01079763148728666,-41.38257098504943,-13.351473555180451,-20.268531016397397,0.01919434731934732
966,control,26.666666666666668,26.833333333333332,0.1666666666666643,0.3333333333333333,0.16666666666666666,-0.16666666666666666,1500.0,40,ordinary_practice,-41.394844646420474,-13.337200139016973,-16.65470867176466,0.011123470522803115,-39.645506184636616,-13.618042947390773,-18.052387588257155,0.005952380952380952
966,rating_only,26.666666666666668,29.166666666666668,2.5,0.3333333333333333,0.3333333333333333,0.0,1500.0,40,rating_tier_board,-41.394844646420474,-13.337200139016973,-16.65470867176466,0.011123470522803115,-38.04263659486783,-13.213187893292694,-15.773147700970554,0.00980392156862745
966,rating_history,26.666666666666668,29.166666666666668,2.5,0.3333333333333333,0.3333333333333333,0.0,1500.0,40,surface_management,-41.394844646420474,-13.337200139016973,-16.65470867176466,0.011123470522803115,-38.26677452590231,-13.213187893292694,-15.451308620510783,0.00980392156862745
967,control,26.333333333333332,26.333333333333332,0.0,0.16666666666666666,0.0,-0.16666666666666666,1500.0,40,ordinary_practice,-37.86508954008954,-13.314330484330485,-19.78454822954823,0.005952380952380952,-40.26471997517724,-13.307073798265701,-18.682773311146626,0.0
967,rating_only,26.333333333333332,26.833333333333332,0.5,0.16666666666666666,0.16666666666666666,0.0,1500.0,40,rating_tier_board,-37.86508954008954,-13.314330484330485,-19.78454822954823,0.005952380952380952,-37.74092105556083,-13.18908403547438,-18.332588425247316,0.005952380952380952
967,rating_history,26.333333333333332,26.333333333333332,0.0,0.16666666666666666,0.0,-0.16666666666666666,1500.0,40,height_management,-37.86508954008954,-13.314330484330485,-19.78454822954823,0.005952380952380952,-37.80044261294261,-13.357354836521504,-21.574260615927283,0.0
968,control,25.666666666666668,27.5,1.8333333333333321,0.0,0.0,0.0,1500.0,40,ordinary_practice,-41.12848205526866,-13.266118041730236,-17.49971980469232,0.0,-40.289515342044076,-13.327588499197695,-16.673807512198316,0.0
968,rating_only,25.666666666666668,25.666666666666668,0.0,0.0,0.0,0.0,1500.0,40,rating_tier_board,-41.12848205526866,-13.266118041730236,-17.49971980469232,0.0,-40.957314181238914,-12.907078853046595,-15.32439312479635,0.0
968,rating_history,25.666666666666668,24.333333333333332,-1.3333333333333357,0.0,0.0,0.0,1500.0,40,surface_management,-41.12848205526866,-13.266118041730236,-17.49971980469232,0.0,-38.79670710099496,-12.724354300122666,-17.911593483561248,0.0
969,control,26.333333333333332,28.0,1.6666666666666679,0.0,0.3333333333333333,0.3333333333333333,1500.0,40,ordinary_practice,-39.00524455110662,-13.379597891327027,-18.0768255188645,0.0,-43.80126117496807,-14.211240252138241,-19.066241824374007,0.010258838383838384
969,rating_only,26.333333333333332,29.333333333333332,3.0,0.0,0.16666666666666666,0.16666666666666666,1500.0,40,rating_tier_board,-39.00524455110662,-13.379597891327027,-18.0768255188645,0.0,-39.8065506669871,-14.136054647907905,-18.671291425092818,0.005050505050505051
969,rating_history,26.333333333333332,28.833333333333332,2.5,0.0,0.16666666666666666,0.16666666666666666,1500.0,40,surface_management,-39.00524455110662,-13.379597891327027,-18.0768255188645,0.0,-42.143400890091655,-13.976799793403428,-17.751647144859973,0.005050505050505051
970,control,28.833333333333332,27.833333333333332,-1.0,0.5,0.16666666666666666,-0.33333333333333337,1500.0,40,ordinary_practice,-32.88895215090867,-12.89775707384403,-19.491143317230275,0.01521164021164021,-34.52232142857143,-12.955439814814815,-19.83980930335097,0.005208333333333333
970,rating_only,28.833333333333332,27.333333333333332,-1.5,0.5,0.16666666666666666,-0.33333333333333337,1500.0,40,rating_tier_board,-32.88895215090867,-12.89775707384403,-19.491143317230275,0.01521164021164021,-36.98443322109989,-13.403781465448132,-18.432611832611833,0.005050505050505051
970,rating_history,28.833333333333332,26.333333333333332,-2.5,0.5,0.0,-0.5,1500.0,40,hole_management,-32.88895215090867,-12.89775707384403,-19.491143317230275,0.01521164021164021,-35.08106939356939,-12.798212589879256,-19.90330348663682,0.0
971,control,28.0,27.666666666666668,-0.33333333333333215,0.0,0.0,0.0,1500.0,40,ordinary_practice,-36.18675931911226,-13.009022839905192,-19.12036737772032,0.0,-37.536257525998906,-13.569750957854406,-19.85882731253421,0.0
971,rating_only,28.0,28.333333333333332,0.33333333333333215,0.0,0.16666666666666666,0.16666666666666666,1500.0,40,rating_tier_board,-36.18675931911226,-13.009022839905192,-19.12036737772032,0.0,-35.808157814407814,-13.799084249084249,-20.648687423687424,0.005208333333333333
971,rating_history,28.0,28.5,0.5,0.0,0.3333333333333333,0.3333333333333333,1500.0,40,surface_management,-36.18675931911226,-13.009022839905192,-19.12036737772032,0.0,-33.885700731905665,-12.95855877835005,-18.42346661245143,0.010278304870335231
972,control,28.166666666666668,26.666666666666668,-1.5,0.5,0.0,-0.5,1500.0,40,ordinary_practice,-39.27640218204734,-13.198840048840049,-17.177710819646304,0.016705069124423964,-40.7067651103617,-13.786857040842952,-18.349555796858354,0.0
972,rating_only,28.166666666666668,27.0,-1.1666666666666679,0.5,0.16666666666666666,-0.33333333333333337,1500.0,40,rating_tier_board,-39.27640218204734,-13.198840048840049,-17.177710819646304,0.016705069124423964,-39.481732851522956,-13.462574553179252,-18.144224397772625,0.005747126436781609
972,rating_history,28.166666666666668,28.666666666666668,0.5,0.5,0.3333333333333333,-0.16666666666666669,1500.0,40,height_management,-39.27640218204734,-13.198840048840049,-17.177710819646304,0.016705069124423964,-36.29897685349298,-13.894094817965785,-20.23235567896858,0.009259259259259259
973,control,26.833333333333332,25.5,-1.3333333333333321,0.16666666666666666,0.0,-0.16666666666666666,1500.0,40,ordinary_practice,-39.495670498084294,-13.061162196679438,-18.297190293742016,0.005555555555555556,-42.2277321524423,-13.606757917337628,-16.973961352657003,0.0
973,rating_only,26.833333333333332,30.333333333333332,3.5,0.16666666666666666,0.3333333333333333,0.16666666666666666,1500.0,40,rating_tier_board,-39.495670498084294,-13.061162196679438,-18.297190293742016,0.005555555555555556,-34.38457039100401,-13.177250139952163,-17.77242906061201,0.01045751633986928
973,rating_history,26.833333333333332,28.833333333333332,2.0,0.16666666666666666,0.16666666666666666,0.0,1500.0,40,hole_management,-39.495670498084294,-13.061162196679438,-18.297190293742016,0.005555555555555556,-36.27665606307616,-13.232259781101087,-19.669845536781022,0.005555555555555556
974,control,26.166666666666668,27.0,0.8333333333333321,0.3333333333333333,0.16666666666666666,-0.16666666666666666,1500.0,40,ordinary_practice,-42.175252892577696,-13.928775108836287,-20.026031192883252,0.011494252873563218,-41.84120656908013,-13.477157219111243,-18.304165438648198,0.005747126436781609
974,rating_only,26.166666666666668,28.5,2.333333333333332,0.3333333333333333,0.3333333333333333,0.0,1500.0,40,rating_tier_board,-42.175252892577696,-13.928775108836287,-20.026031192883252,0.011494252873563218,-39.49433348936392,-13.4964563721156,-20.002720133146095,0.00980392156862745
974,rating_history,26.166666666666668,28.0,1.8333333333333321,0.3333333333333333,0.3333333333333333,0.0,1500.0,40,hole_management,-42.175252892577696,-13.928775108836287,-20.026031192883252,0.011494252873563218,-37.49572310405644,-13.013161375661376,-17.599691358024693,0.009523809523809523
975,control,27.666666666666668,27.833333333333332,0.1666666666666643,0.0,0.16666666666666666,0.16666666666666666,1500.0,40,ordinary_practice,-34.98821576124331,-12.964077011529849,-17.079968095546246,0.0,-36.464836799015025,-12.822158716759853,-15.41382386175146,0.005555555555555556
975,rating_only,27.666666666666668,25.5,-2.166666666666668,0.0,0.16666666666666666,0.16666666666666666,1500.0,40,rating_tier_board,-34.98821576124331,-12.964077011529849,-17.079968095546246,0.0,-35.47608286774953,-12.040805490805491,-16.449384874384876,0.005555555555555556
975,rating_history,27.666666666666668,26.166666666666668,-1.5,0.0,0.16666666666666666,0.16666666666666666,1500.0,40,surface_management,-34.98821576124331,-12.964077011529849,-17.079968095546246,0.0,-43.070563349023494,-12.988568866385895,-15.7641973502209,0.005208333333333333
976,control,27.833333333333332,26.666666666666668,-1.1666666666666643,0.5,0.0,-0.5,1500.0,40,ordinary_practice,-39.80810547295842,-13.431324068088774,-18.60130575307046,0.015756302521008403,-42.310528984591954,-13.588364425845684,-18.288051349782982,0.0
976,rating_only,27.833333333333332,27.166666666666668,-0.6666666666666643,0.5,0.16666666666666666,-0.33333333333333337,1500.0,40,rating_tier_board,-39.80810547295842,-13.431324068088774,-18.60130575307046,0.015756302521008403,-40.71030350209511,-13.801709722062046,-19.94592264307407,0.007246376811594203
976,rating_history,27.833333333333332,27.333333333333332,-0.5,0.5,0.0,-0.5,1500.0,40,surface_management,-39.80810547295842,-13.431324068088774,-18.60130575307046,0.015756302521008403,-36.928759315397244,-13.203341964548862,-19.03452392647795,0.0
977,control,26.666666666666668,26.0,-0.6666666666666679,0.0,0.16666666666666666,0.16666666666666666,1500.0,40,ordinary_practice,-39.91969611034127,-13.720033192613839,-19.315906512841998,0.0,-41.21635147525952,-13.394131709074237,-18.068399400726985,0.006172839506172839
977,rating_only,26.666666666666668,26.833333333333332,0.1666666666666643,0.0,0.16666666666666666,0.16666666666666666,1500.0,40,rating_tier_board,-39.91969611034127,-13.720033192613839,-19.315906512841998,0.0,-38.64477793663201,-12.990574030241696,-17.167773027405712,0.005952380952380952
977,rating_history,26.666666666666668,28.0,1.3333333333333321,0.0,0.16666666666666666,0.16666666666666666,1500.0,40,hole_management,-39.91969611034127,-13.720033192613839,-19.315906512841998,0.0,-35.097885447885446,-13.453905538905538,-18.491309246309246,0.005050505050505051
978,control,28.166666666666668,28.333333333333332,0.1666666666666643,0.16666666666666666,0.16666666666666666,0.0,1500.0,40,ordinary_practice,-33.36321136223806,-13.273396222969822,-19.84668025296501,0.005747126436781609,-36.31843337590464,-12.838654746700724,-16.595998297147723,0.006172839506172839
978,rating_only,28.166666666666668,28.333333333333332,0.1666666666666643,0.16666666666666666,0.0,-0.16666666666666666,1500.0,40,rating_tier_board,-33.36321136223806,-13.273396222969822,-19.84668025296501,0.005747126436781609,-35.77900215557798,-12.499701125581733,-15.536043681390362,0.0
978,rating_history,28.166666666666668,25.5,-2.666666666666668,0.16666666666666666,0.0,-0.16666666666666666,1500.0,40,hole_management,-33.36321136223806,-13.273396222969822,-19.84668025296501,0.005747126436781609,-35.499356677804954,-12.693812222260497,-18.779026433336778,0.0
979,control,27.833333333333332,26.5,-1.3333333333333321,0.16666666666666666,0.0,-0.16666666666666666,1500.0,40,ordinary_practice,-40.332317214283236,-13.784723531731318,-19.654115957593024,0.004901960784313725,-39.08704517704518,-13.977643467643468,-19.90415750915751,0.0
979,rating_only,27.833333333333332,27.5,-0.33333333333333215,0.16666666666666666,0.0,-0.16666666666666666,1500.0,40,rating_tier_board,-40.332317214283236,-13.784723531731318,-19.654115957593024,0.004901960784313725,-37.5276379006264,-14.024636623487199,-20.119255914370857,0.0
979,rating_history,27.833333333333332,26.5,-1.3333333333333321,0.16666666666666666,0.0,-0.16666666666666666,1500.0,40,hole_management,-40.332317214283236,-13.784723531731318,-19.654115957593024,0.004901960784313725,-39.08704517704518,-13.977643467643468,-19.90415750915751,0.0
980,control,27.333333333333332,24.666666666666668,-2.6666666666666643,0.3333333333333333,0.0,-0.3333333333333333,1500.0,40,ordinary_practice,-36.52484504896908,-13.07575589347002,-17.560635137943258,0.012820512820512822,-40.62899600399601,-12.962606837606838,-18.71033966033966,0.0
980,rating_only,27.333333333333332,25.5,-1.8333333333333321,0.3333333333333333,0.0,-0.3333333333333333,1500.0,40,rating_tier_board,-36.52484504896908,-13.07575589347002,-17.560635137943258,0.012820512820512822,-37.1267704049888,-13.127080637540407,-20.99133613087636,0.0
980,rating_history,27.333333333333332,24.666666666666668,-2.6666666666666643,0.3333333333333333,0.0,-0.3333333333333333,1500.0,40,hole_management,-36.52484504896908,-13.07575589347002,-17.560635137943258,0.012820512820512822,-40.79566267066267,-12.995940170940171,-18.98811743811744,0.0
981,control,29.166666666666668,28.166666666666668,-1.0,0.16666666666666666,0.16666666666666666,0.0,1500.0,40,ordinary_practice,-37.78366445755559,-13.60181104115916,-17.524374327633737,0.005376344086021505,-37.6563732078853,-14.258364695340502,-21.349752944188428,0.005555555555555556
981,rating_only,29.166666666666668,28.666666666666668,-0.5,0.16666666666666666,0.3333333333333333,0.16666666666666666,1500.0,40,rating_tier_board,-37.78366445755559,-13.60181104115916,-17.524374327633737,0.005376344086021505,-34.40488095238095,-13.519007936507936,-21.948333333333334,0.009523809523809523
981,rating_history,29.166666666666668,27.333333333333332,-1.8333333333333357,0.16666666666666666,0.3333333333333333,0.16666666666666666,1500.0,40,surface_management,-37.78366445755559,-13.60181104115916,-17.524374327633737,0.005376344086021505,-36.751586775293674,-13.442518209759589,-22.768957096543303,0.011699507389162561
982,control,28.333333333333332,26.833333333333332,-1.5,0.0,0.16666666666666666,0.16666666666666666,1500.0,40,ordinary_practice,-36.465616184581705,-12.831964619033585,-17.53122476714431,0.0,-39.52336860670194,-13.406150793650793,-19.290873015873018,0.005555555555555556
982,rating_only,28.333333333333332,26.0,-2.333333333333332,0.0,0.0,0.0,1500.0,40,rating_tier_board,-36.465616184581705,-12.831964619033585,-17.53122476714431,0.0,-35.94905372405373,-13.320384060384061,-22.832822732822734,0.0
982,rating_history,28.333333333333332,27.333333333333332,-1.0,0.0,0.16666666666666666,0.16666666666666666,1500.0,40,surface_management,-36.465616184581705,-12.831964619033585,-17.53122476714431,0.0,-38.49230280362464,-12.934254393967038,-17.316743599099922,0.005747126436781609
983,control,25.666666666666668,29.166666666666668,3.5,0.0,0.0,0.0,1500.0,40,ordinary_practice,-44.03955984970478,-13.810713902308105,-20.11870101986044,0.0,-36.517181010335165,-13.592267941659422,-19.374311793682992,0.0
983,rating_only,25.666666666666668,25.0,-0.6666666666666679,0.0,0.16666666666666666,0.16666666666666666,1500.0,40,rating_tier_board,-44.03955984970478,-13.810713902308105,-20.11870101986044,0.0,-40.01227250004424,-13.466754536727363,-21.77915251013077,0.005208333333333333
983,rating_history,25.666666666666668,27.0,1.3333333333333321,0.0,0.0,0.0,1500.0,40,surface_management,-44.03955984970478,-13.810713902308105,-20.11870101986044,0.0,-36.88518715001474,-13.098287835249042,-20.659674513704687,0.0
984,control,27.166666666666668,27.166666666666668,0.0,0.16666666666666666,0.0,-0.16666666666666666,1500.0,40,ordinary_practice,-40.872592124267534,-13.927922439878962,-20.292778246865577,0.005208333333333333,-34.062123700054734,-12.546669555433922,-18.980875296478743,0.0
984,rating_only,27.166666666666668,29.166666666666668,2.0,0.16666666666666666,0.5,0.33333333333333337,1500.0,40,rating_tier_board,-40.872592124267534,-13.927922439878962,-20.292778246865577,0.005208333333333333,-38.673954857248795,-13.202196664724474,-16.50955702544273,0.015625
984,rating_history,27.166666666666668,28.333333333333332,1.1666666666666643,0.16666666666666666,0.16666666666666666,0.0,1500.0,40,surface_management,-40.872592124267534,-13.927922439878962,-20.292778246865577,0.005208333333333333,-40.687874092907464,-13.63208348782598,-17.596159533520492,0.005747126436781609
985,control,24.5,26.833333333333332,2.333333333333332,0.0,0.3333333333333333,0.3333333333333333,1500.0,40,ordinary_practice,-37.144428916494135,-12.798787094547965,-19.51637336093858,0.0,-40.92765759570357,-13.428010200740086,-18.477933163048107,0.011302681992337164
985,rating_only,24.5,26.333333333333332,1.8333333333333321,0.0,0.16666666666666666,0.16666666666666666,1500.0,40,rating_tier_board,-37.144428916494135,-12.798787094547965,-19.51637336093858,0.0,-42.073279298486696,-13.265971257350568,-17.57415333440321,0.005747126436781609
985,rating_history,24.5,26.5,2.0,0.0,0.0,0.0,1500.0,40,height_management,-37.144428916494135,-12.798787094547965,-19.51637336093858,0.0,-40.42037903607119,-13.583501178703578,-18.648113653610906,0.0
986,control,27.333333333333332,28.833333333333332,1.5,0.0,0.0,0.0,1500.0,40,ordinary_practice,-34.08445591476012,-13.25971584100423,-18.71333563423567,0.0,-35.88499459520965,-13.54947801103715,-18.777544518404735,0.0
986,rating_only,27.333333333333332,27.166666666666668,-0.1666666666666643,0.0,0.16666666666666666,0.16666666666666666,1500.0,40,rating_tier_board,-34.08445591476012,-13.25971584100423,-18.71333563423567,0.0,-42.32751170710941,-13.9151295384054,-21.53642431429788,0.005952380952380952
986,rating_history,27.333333333333332,27.166666666666668,-0.1666666666666643,0.0,0.16666666666666666,0.16666666666666666,1500.0,40,surface_management,-34.08445591476012,-13.25971584100423,-18.71333563423567,0.0,-42.32751170710941,-13.9151295384054,-21.53642431429788,0.005952380952380952
987,control,27.0,27.166666666666668,0.16666666666666785,0.0,0.0,0.0,1500.0,40,ordinary_practice,-35.20174444116973,-12.828139961358351,-18.846164652716375,0.0,-34.04502734387792,-13.0177407734879,-19.127271834168386,0.0
987,rating_only,27.0,27.666666666666668,0.6666666666666679,0.0,0.0,0.0,1500.0,40,rating_tier_board,-35.20174444116973,-12.828139961358351,-18.846164652716375,0.0,-36.29252721569063,-13.027928593145985,-20.09804101676915,0.0
987,rating_history,27.0,27.666666666666668,0.6666666666666679,0.0,0.16666666666666666,0.16666666666666666,1500.0,40,hole_management,-35.20174444116973,-12.828139961358351,-18.846164652716375,0.0,-37.157810163510945,-13.59893573241738,-19.380404356488896,0.005376344086021505
988,control,25.666666666666668,28.333333333333332,2.6666666666666643,0.16666666666666666,0.0,-0.16666666666666666,1500.0,40,ordinary_practice,-35.77745910113726,-13.298829897220703,-21.655865717934685,0.006666666666666667,-35.176034088001494,-13.02465450484022,-17.72035053606365,0.0
988,rating_only,25.666666666666668,28.166666666666668,2.5,0.16666666666666666,0.0,-0.16666666666666666,1500.0,40,rating_tier_board,-35.77745910113726,-13.298829897220703,-21.655865717934685,0.006666666666666667,-33.2732340777502,-12.593895781637716,-17.979666390956716,0.0
988,rating_history,25.666666666666668,28.166666666666668,2.5,0.16666666666666666,0.0,-0.16666666666666666,1500.0,40,hole_management,-35.77745910113726,-13.298829897220703,-21.655865717934685,0.006666666666666667,-33.29887510339123,-12.600306038047973,-18.005307416597738,0.0
989,control,27.333333333333332,27.0,-0.33333333333333215,0.0,0.0,0.0,1500.0,40,ordinary_practice,-40.25261299899787,-13.565958194156192,-20.641443613171457,0.0,-34.11067155067155,-13.221214311444196,-23.194964960539675,0.0
989,rating_only,27.333333333333332,26.0,-1.3333333333333321,0.0,0.16666666666666666,0.16666666666666666,1500.0,40,rating_tier_board,-40.25261299899787,-13.565958194156192,-20.641443613171457,0.0,-42.5051829396657,-13.759439918319229,-21.245991010904802,0.005747126436781609
989,rating_history,27.333333333333332,26.666666666666668,-0.6666666666666643,0.0,0.16666666666666666,0.16666666666666666,1500.0,40,surface_management,-40.25261299899787,-13.565958194156192,-20.641443613171457,0.0,-37.56860424056463,-13.077164431019762,-20.812367395023646,0.005376344086021505
990,control,26.333333333333332,27.166666666666668,0.8333333333333357,0.16666666666666666,0.0,-0.16666666666666666,1500.0,40,ordinary_practice,-39.277116402116405,-13.511711860670193,-20.352981701940035,0.005208333333333333,-35.32214226633582,-13.074954507857733,-18.292704714640198,0.0
990,rating_only,26.333333333333332,28.0,1.6666666666666679,0.16666666666666666,0.16666666666666666,0.0,1500.0,40,rating_tier_board,-39.277116402116405,-13.511711860670193,-20.352981701940035,0.005208333333333333,-38.322938938456176,-13.8545699032768,-19.810343822843823,0.006410256410256411
990,rating_history,26.333333333333332,28.0,1.6666666666666679,0.16666666666666666,0.16666666666666666,0.0,1500.0,40,surface_management,-39.277116402116405,-13.511711860670193,-20.352981701940035,0.005208333333333333,-38.21445796462598,-13.847002173951099,-18.412074304379413,0.005208333333333333
991,control,26.166666666666668,29.333333333333332,3.1666666666666643,0.0,0.3333333333333333,0.3333333333333333,1500.0,40,ordinary_practice,-38.90277777777778,-13.402281746031747,-19.503720238095237,0.0,-35.532391193036354,-13.788982014848951,-19.046338645673323,0.010763888888888889
991,rating_only,26.166666666666668,29.0,2.833333333333332,0.0,0.0,0.0,1500.0,40,rating_tier_board,-38.90277777777778,-13.402281746031747,-19.503720238095237,0.0,-37.20813100267124,-13.569501605780342,-17.785084706959708,0.0
991,rating_history,26.166666666666668,28.0,1.8333333333333321,0.0,0.0,0.0,1500.0,40,surface_management,-38.90277777777778,-13.402281746031747,-19.503720238095237,0.0,-39.911225038402456,-13.682916026625705,-18.66681643625192,0.0
992,control,26.833333333333332,28.333333333333332,1.5,0.16666666666666666,0.0,-0.16666666666666666,1500.0,40,ordinary_practice,-38.80194390539218,-13.308959877925396,-17.0773954653265,0.005747126436781609,-40.26048244865449,-13.99495249473744,-20.401090060875006,0.0
992,rating_only,26.833333333333332,28.666666666666668,1.8333333333333357,0.16666666666666666,0.0,-0.16666666666666666,1500.0,40,rating_tier_board,-38.80194390539218,-13.308959877925396,-17.0773954653265,0.005747126436781609,-37.46007873050884,-13.95965444352541,-19.12559354226021,0.0
992,rating_history,26.833333333333332,26.5,-0.33333333333333215,0.16666666666666666,0.0,-0.16666666666666666,1500.0,40,surface_management,-38.80194390539218,-13.308959877925396,-17.0773954653265,0.005747126436781609,-44.066917650250986,-14.487722154388821,-20.6301977343644,0.0
993,control,28.333333333333332,28.833333333333332,0.5,0.16666666666666666,0.16666666666666666,0.0,1500.0,40,ordinary_practice,-37.08597598522167,-13.254877025772828,-18.276579344256444,0.005747126436781609,-40.42439343810312,-13.669066327937296,-18.173443223443222,0.005952380952380952
993,rating_only,28.333333333333332,28.666666666666668,0.3333333333333357,0.16666666666666666,0.16666666666666666,0.0,1500.0,40,rating_tier_board,-37.08597598522167,-13.254877025772828,-18.276579344256444,0.005747126436781609,-38.400331380123745,-13.627331292144047,-19.343605396580926,0.006172839506172839
993,rating_history,28.333333333333332,28.5,0.16666666666666785,0.16666666666666666,0.0,-0.16666666666666666,1500.0,40,hole_management,-37.08597598522167,-13.254877025772828,-18.276579344256444,0.005747126436781609,-38.8319143777987,-13.581984663464084,-18.662423551605976,0.0
994,control,26.166666666666668,27.166666666666668,1.0,0.0,0.3333333333333333,0.3333333333333333,1500.0,40,ordinary_practice,-39.00866530374332,-13.103867035450135,-17.96250039601197,0.0,-40.65533156498674,-13.809062776304156,-20.375428824049514,0.013076923076923078
994,rating_only,26.166666666666668,26.833333333333332,0.6666666666666643,0.0,0.0,0.0,1500.0,40,rating_tier_board,-39.00866530374332,-13.103867035450135,-17.96250039601197,0.0,-41.71646551724138,-13.847011494252873,-19.370421455938697,0.0
994,rating_history,26.166666666666668,26.333333333333332,0.1666666666666643,0.0,0.0,0.0,1500.0,40,surface_management,-39.00866530374332,-13.103867035450135,-17.96250039601197,0.0,-42.705390854356374,-14.15809772602876,-20.89727098571926,0.0
995,control,29.0,27.833333333333332,-1.1666666666666679,0.0,0.0,0.0,1500.0,40,ordinary_practice,-34.91773227969349,-13.491151819923372,-18.141427203065135,0.0,-38.00821385902031,-13.486547981982724,-18.63609514687101,0.0
995,rating_only,29.0,26.833333333333332,-2.166666666666668,0.0,0.0,0.0,1500.0,40,rating_tier_board,-34.91773227969349,-13.491151819923372,-18.141427203065135,0.0,-36.0581490015361,-13.562642089093702,-20.129125014770175,0.0
995,rating_history,29.0,26.833333333333332,-2.166666666666668,0.0,0.0,0.0,1500.0,40,hole_management,-34.91773227969349,-13.491151819923372,-18.141427203065135,0.0,-36.0581490015361,-13.562642089093702,-20.129125014770175,0.0
996,control,28.166666666666668,26.833333333333332,-1.3333333333333357,0.16666666666666666,0.0,-0.16666666666666666,1500.0,40,ordinary_practice,-38.58082870383575,-13.260457963739388,-16.54253565479001,0.005376344086021505,-39.86004150702426,-13.194204980842912,-17.599962750106428,0.0
996,rating_only,28.166666666666668,27.0,-1.1666666666666679,0.16666666666666666,0.0,-0.16666666666666666,1500.0,40,rating_tier_board,-38.58082870383575,-13.260457963739388,-16.54253565479001,0.005376344086021505,-38.223741362936764,-13.132079117136588,-16.48790254445427,0.0
996,rating_history,28.166666666666668,27.0,-1.1666666666666679,0.16666666666666666,0.3333333333333333,0.16666666666666666,1500.0,40,height_management,-38.58082870383575,-13.260457963739388,-16.54253565479001,0.005376344086021505,-38.49935363247863,-13.026474358974358,-18.536444088319087,0.010416666666666666
997,control,26.0,26.833333333333332,0.8333333333333321,0.16666666666666666,0.0,-0.16666666666666666,1500.0,40,ordinary_practice,-40.51514800785634,-13.292969276094276,-19.517499298540965,0.006666666666666667,-38.35049317965985,-14.023259949926617,-21.51838405421739,0.0
997,rating_only,26.0,24.5,-1.5,0.16666666666666666,0.16666666666666666,0.0,1500.0,40,rating_tier_board,-40.51514800785634,-13.292969276094276,-19.517499298540965,0.006666666666666667,-39.931975308641974,-13.438827160493828,-21.540246913580248,0.006172839506172839
997,rating_history,26.0,27.0,1.0,0.16666666666666666,0.16666666666666666,0.0,1500.0,40,height_management,-40.51514800785634,-13.292969276094276,-19.517499298540965,0.006666666666666667,-41.74302087865306,-14.08723817476691,-20.141953227700355,0.006172839506172839
998,control,28.666666666666668,27.0,-1.6666666666666679,0.3333333333333333,0.16666666666666666,-0.16666666666666666,1500.0,40,ordinary_practice,-39.45848595848596,-13.357108516483516,-17.55865003052503,0.011111111111111112,-35.99530753968254,-13.133769841269842,-19.40389880952381,0.005208333333333333
998,rating_only,28.666666666666668,26.833333333333332,-1.8333333333333357,0.3333333333333333,0.16666666666666666,-0.16666666666666666,1500.0,40,rating_tier_board,-39.45848595848596,-13.357108516483516,-17.55865003052503,0.011111111111111112,-38.628880070546735,-13.54157848324515,-20.09759259259259,0.005952380952380952
998,rating_history,28.666666666666668,27.0,-1.6666666666666679,0.3333333333333333,0.16666666666666666,-0.16666666666666666,1500.0,40,surface_management,-39.45848595848596,-13.357108516483516,-17.55865003052503,0.011111111111111112,-38.32854497354497,-13.430308641975309,-20.252843915343917,0.005555555555555556
999,control,27.666666666666668,26.5,-1.1666666666666679,0.3333333333333333,0.0,-0.3333333333333333,1500.0,40,ordinary_practice,-34.500016687648355,-13.327622425346465,-20.97706985217069,0.010101010101010102,-37.5239126305793,-12.821908831908832,-19.95636277302944,0.0
999,rating_only,27.666666666666668,25.833333333333332,-1.8333333333333357,0.3333333333333333,0.16666666666666666,-0.16666666666666666,1500.0,40,rating_tier_board,-34.500016687648355,-13.327622425346465,-20.97706985217069,0.010101010101010102,-40.49269517306874,-13.20800004912074,-18.938858761502438,0.006410256410256411
999,rating_history,27.666666666666668,28.166666666666668,0.5,0.3333333333333333,0.3333333333333333,0.0,1500.0,40,height_management,-34.500016687648355,-13.327622425346465,-20.97706985217069,0.010101010101010102,-35.6636167184265,-12.896536240808167,-17.63737412543728,0.010416666666666666
