replicate,diagnosed_weakness,target_metric,pre_score,post_score,improvement,standardized_improvement,general_improvement,confidence,mixed
0,height_management,stack_height_management,-14.428962937647148,-13.41935715609937,1.0096057815477781,1.2295146496410776,7.0,low/mixed,True
1,hole_management,hole_avoidance,-35.0718649273247,-37.84661442006269,-2.774749492737996,-0.6069660027332443,0.16666666666666785,high,False
2,hole_management,hole_avoidance,-38.81117994207756,-39.3158543616877,-0.50467441961014,-0.11039562885016475,0.6666666666666643,high,False
3,hole_management,hole_avoidance,-39.81194444444444,-38.34594739667203,1.4659970477724116,0.32068133373262947,-0.6666666666666643,moderate,False
4,surface_management,surface_smoothness,-17.20009842009842,-16.259976870998376,0.940121549100045,0.3104444136818775,1.6666666666666643,high,False
5,surface_management,surface_smoothness,-16.59330012077295,-19.27129358296025,-2.6779934621873025,-0.8843198105696931,-0.8333333333333321,moderate,False
6,surface_management,surface_smoothness,-19.39599026881192,-20.36780468592063,-0.9718144171087069,-0.32090994745914775,-1.0,moderate,False
7,surface_management,surface_smoothness,-18.21676991378141,-20.25305996472663,-2.0362900509452224,-0.6724182331072787,-0.6666666666666679,moderate,False
8,surface_management,surface_smoothness,-19.428007068255493,-22.237515262515263,-2.80950819425977,-0.9277482522726304,-0.6666666666666679,moderate,False
9,hole_management,hole_avoidance,-37.09434089971997,-38.14764448514448,-1.0533035854245156,-0.23040619291324255,-1.5,low/mixed,True
10,surface_management,surface_smoothness,-19.989123677248678,-19.1707935660019,0.8183301112467767,0.2702267720885912,-0.16666666666666785,high,False
11,hole_management,hole_avoidance,-37.21954010562706,-37.207635467980296,0.011904637646765082,0.002604094656240372,1.6666666666666679,high,False
12,hole_management,hole_avoidance,-40.30276014109347,-37.32983297022513,2.9729271708683456,0.6503166235516448,0.8333333333333321,low/mixed,True
13,height_management,stack_height_management,-13.827953177091107,-12.83847784035956,0.9894753367315463,1.2049994603882939,2.166666666666668,high,False
14,hole_management,hole_avoidance,-33.70325363493467,-33.99448747614988,-0.29123384121520957,-0.06370630607400041,-1.5,low/mixed,True
15,surface_management,surface_smoothness,-17.765229885057472,-19.412124226348364,-1.646894341290892,-0.5438330274074432,0.33333333333333215,high,False
16,hole_management,hole_avoidance,-38.98426329941161,-39.77300658278919,-0.7887432833775847,-0.1725346230884389,-3.5,low/mixed,True
17,surface_management,surface_smoothness,-17.05014678807782,-17.556710302256278,-0.5065635141784561,-0.16727604350980269,-0.3333333333333357,moderate,False
18,height_management,stack_height_management,-13.409270135994273,-13.412557015143221,-0.0032868791489484295,-0.004002815890214516,2.333333333333332,moderate,False
19,hole_management,hole_avoidance,-38.1475131051744,-39.61073277578654,-1.4632196706121405,-0.3200737929375183,1.3333333333333357,moderate,False
20,surface_management,surface_smoothness,-18.121195596518177,-18.610180152979066,-0.48898455646088834,-0.16147116729247424,0.6666666666666643,low/mixed,True
21,surface_management,surface_smoothness,-18.086084796429624,-20.436053507424475,-2.349968710994851,-0.7760003579897933,0.0,low/mixed,True
22,hole_management,hole_avoidance,-34.5017387718178,-37.60341618364607,-3.1016774118282697,-0.6784802539301389,-1.5,low/mixed,True
23,height_management,stack_height_management,-13.101210092589403,-13.70024132730015,-0.5990312347107469,-0.7295101634029139,1.3333333333333321,low/mixed,True
24,surface_management,surface_smoothness,-17.958943833943835,-18.669401250922988,-0.7104574169791533,-0.2346053406298033,-0.8333333333333321,high,False
25,height_management,stack_height_management,-13.120525767208989,-12.90005333683083,0.2204724303781589,0.26849497887814017,-0.33333333333333215,high,False
26,surface_management,surface_smoothness,-18.426003664834248,-20.43856516671734,-2.0125615018830914,-0.664582655348034,1.3333333333333357,low/mixed,True
27,height_management,stack_height_management,-13.571739130434782,-13.505957892416225,0.06578123801855718,0.08010948163485253,2.0,moderate,False
28,surface_management,surface_smoothness,-16.659157244739454,-21.35137554340453,-4.692218298665075,-1.5494517278014666,-1.1666666666666643,low/mixed,True
29,hole_management,hole_avoidance,-34.45619539411206,-41.296234839569465,-6.840039445457407,-1.4962328713322224,-0.16666666666666785,high,False
30,surface_management,surface_smoothness,-19.003762648590236,-18.856221198156682,0.14754145043355393,0.04872074160778988,-0.6666666666666643,high,False
31,surface_management,surface_smoothness,-17.90969610560823,-19.675407875676694,-1.7657117700684637,-0.5830685997090799,-1.1666666666666643,high,False
32,height_management,stack_height_management,-13.371179552673805,-13.380728819058213,-0.009549266384407673,-0.011629254831479682,2.1666666666666643,low/mixed,True
33,height_management,stack_height_management,-14.265889665889667,-13.012195339781547,1.2536943261081195,1.526769723682377,-1.3333333333333321,high,False
34,surface_management,surface_smoothness,-19.07494160428943,-19.319845225017637,-0.2449036207282056,-0.08087141606137771,1.8333333333333321,high,False
35,surface_management,surface_smoothness,-18.903257995604175,-22.378232633555214,-3.474974637951039,-1.1474967945057746,-0.16666666666666785,high,False
36,hole_management,hole_avoidance,-41.31690476190476,-38.38449715042633,2.932407611478432,0.6414531225185695,-1.8333333333333357,moderate,False
37,surface_management,surface_smoothness,-19.68182926393946,-19.60386825440589,0.07796100953357055,0.025744075239914538,0.33333333333333215,low/mixed,True
38,surface_management,surface_smoothness,-14.466604952696688,-17.71297237211216,-3.2463674194154706,-1.0720067326199927,-0.6666666666666679,high,False
39,hole_management,hole_avoidance,-38.050824175824175,-38.260655925598456,-0.2098317497742812,-0.045899905105070964,2.333333333333332,moderate,False
40,hole_management,hole_avoidance,-32.23886485179496,-36.10711841372761,-3.8682535619326543,-0.8461659000892721,-0.5,high,False
41,hole_management,hole_avoidance,-36.21552469135803,-41.106366862651626,-4.890842171293599,-1.0698533076512082,-0.6666666666666679,moderate,False
42,height_management,stack_height_management,-13.47229005562339,-13.489228395061728,-0.016938339438338446,-0.0206277904313336,-1.3333333333333357,low/mixed,True
43,height_management,stack_height_management,-12.97621373016885,-13.55301786336269,-0.5768041331938409,-0.7024416308790615,2.833333333333332,low/mixed,True
44,hole_management,hole_avoidance,-36.7377793040293,-44.57628268283441,-7.8385033788051075,-1.7146430968619368,-1.8333333333333321,high,False
45,hole_management,hole_avoidance,-44.242262561968715,-39.441574682235604,4.800687879733111,1.0501323958640612,0.0,moderate,False
46,height_management,stack_height_management,-13.27071791739458,-13.919576938394144,-0.6488590209995646,-0.7901912671772655,2.0,low/mixed,True
47,surface_management,surface_smoothness,-20.61254257286041,-16.758001543209875,3.854541029650534,1.2728361892226547,1.1666666666666643,high,False
48,hole_management,hole_avoidance,-33.536138301816834,-36.60037121244018,-3.064232910623346,-0.6702894102953623,0.16666666666666785,high,False
49,hole_management,hole_avoidance,-36.33689458689459,-36.88686357942824,-0.5499689925336497,-0.12030364611256779,0.6666666666666679,low/mixed,True
50,hole_management,hole_avoidance,-39.60092863926197,-39.69594964422551,-0.0950210049635345,-0.020785487017605225,1.1666666666666679,low/mixed,True
51,hole_management,hole_avoidance,-37.10587948450017,-35.52676211845216,1.5791173660480098,0.34542597738112746,-0.6666666666666679,high,False
52,surface_management,surface_smoothness,-18.489644408645844,-18.821022490054748,-0.33137808140890357,-0.10942678028015815,0.5,low/mixed,True
53,hole_management,hole_avoidance,-37.748163379830046,-34.60283567007705,3.1453277097529977,0.6880285922283628,0.5,moderate,False
54,height_management,stack_height_management,-13.351486141341214,-13.368484711226646,-0.016998569885432246,-0.020701140067805306,0.5,moderate,False
55,surface_management,surface_smoothness,-17.40108943844576,-17.15625,0.24483943844575862,0.08085022196039994,1.6666666666666643,low/mixed,True
56,hole_management,hole_avoidance,-36.47280262840608,-37.341873706004144,-0.8690710775980648,-0.19010602558584885,-3.5,low/mixed,True
57,hole_management,hole_avoidance,-34.597006383957165,-37.912353598841605,-3.31534721488444,-0.725219718737764,-3.1666666666666643,moderate,False
58,height_management,stack_height_management,-13.510959187683326,-12.945343353964043,0.5656158337192831,0.6888163343920987,1.8333333333333357,moderate,False
59,hole_management,hole_avoidance,-36.24258636997212,-38.231403288740246,-1.9888169187681228,-0.43504621174352576,-1.8333333333333357,low/mixed,True
60,height_management,stack_height_management,-12.797043010752688,-13.636111853832443,-0.8390688430797546,-1.0218319402275804,1.5,moderate,False
61,height_management,stack_height_management,-13.055067239858907,-13.515195176989078,-0.46012793713017075,-0.5603514260223174,2.6666666666666643,low/mixed,True
62,hole_management,hole_avoidance,-34.69678884334057,-36.54832238642584,-1.8515335430852673,-0.4050159902773975,0.0,low/mixed,True
63,surface_management,surface_smoothness,-18.126247264867953,-19.396734965850406,-1.2704877009824536,-0.4195370373108655,-0.1666666666666643,high,False
64,hole_management,hole_avoidance,-36.16667700578991,-37.98278289810548,-1.8161058923155693,-0.3972663250805244,1.1666666666666679,low/mixed,True
65,hole_management,hole_avoidance,-35.06433976218922,-38.37223189751926,-3.307892135330036,-0.7235889481586405,-0.6666666666666679,moderate,False
66,hole_management,hole_avoidance,-37.11687995894985,-35.50078491177281,1.6160950471770406,0.3535147058821949,0.6666666666666643,low/mixed,True
67,hole_management,hole_avoidance,-37.516575207020146,-37.88091484425051,-0.36433963723036555,-0.07969792365968961,-1.0,high,False
68,surface_management,surface_smoothness,-22.798754702909683,-17.420902753160817,5.377851949748866,1.775859831110054,2.6666666666666643,moderate,False
69,surface_management,surface_smoothness,-21.237827380952382,-20.525825795073107,0.7120015858792748,0.23511525193784943,-1.3333333333333357,moderate,False
70,hole_management,hole_avoidance,-38.763371376673085,-39.09522740259065,-0.3318560259175669,-0.07259225600771917,-3.333333333333332,moderate,False
71,surface_management,surface_smoothness,-18.77996734880793,-17.023118143563547,1.7568492052443823,0.5801420273491937,1.8333333333333357,low/mixed,True
72,surface_management,surface_smoothness,-19.567202959875374,-16.963267973856208,2.6039349860191656,0.8598644194192623,0.0,high,False
73,hole_management,hole_avoidance,-34.505294376621215,-38.33179012345679,-3.826495746835576,-0.8370315352831225,0.6666666666666679,high,False
74,hole_management,hole_avoidance,-39.40149128223841,-39.645448144873434,-0.2439568626350237,-0.05336464503929373,1.8333333333333321,high,False
75,surface_management,surface_smoothness,-19.555866653567804,-19.660823754789273,-0.10495710122146917,-0.03465865215156454,-1.1666666666666643,high,False
76,hole_management,hole_avoidance,-34.49681387608807,-43.44919278252612,-8.95237890643805,-1.9582991740390592,-1.6666666666666679,high,False
77,hole_management,hole_avoidance,-41.0041294167731,-39.13873650296064,1.8653929138124568,0.40804767543409237,-1.5,low/mixed,True
78,height_management,stack_height_management,-12.912150692795855,-13.1806038647343,-0.26845317193844487,-0.32692672097709563,0.5,moderate,False
79,hole_management,hole_avoidance,-35.7430152979066,-35.29028824948955,0.4527270484170529,0.09903233701856394,0.8333333333333357,low/mixed,True
80,hole_management,hole_avoidance,-41.33909624857901,-36.75846590909091,4.580630339488103,1.0019956376005164,1.1666666666666643,moderate,False
81,height_management,stack_height_management,-13.892101502158974,-13.741576915468045,0.1505245866909295,0.18331133582054265,0.8333333333333321,low/mixed,True
82,height_management,stack_height_management,-14.369048852382186,-13.481573535576533,0.8874753168056522,1.080782146012075,-1.0,moderate,False
83,hole_management,hole_avoidance,-36.20686205542823,-33.27601121101121,2.930850844417023,0.6411125855861641,-2.333333333333332,high,False
84,height_management,stack_height_management,-12.769532578957866,-13.210607787274453,-0.44107520831658675,-0.5371486971749968,-1.0,low/mixed,True
85,height_management,stack_height_management,-13.232577737350402,-13.254131917465251,-0.02155418011484933,-0.026249037690317077,-0.33333333333333215,moderate,False
86,height_management,stack_height_management,-13.052187408370203,-13.1871228134669,-0.13493540509669621,-0.16432657216691077,-0.8333333333333321,low/mixed,True
87,height_management,stack_height_management,-13.686307519640852,-13.871751847290641,-0.18544432764978858,-0.22583717497012462,0.6666666666666679,high,False
88,hole_management,hole_avoidance,-34.306060606060605,-39.809994581833664,-5.503933975773059,-1.2039648311769635,1.6666666666666679,high,False
89,hole_management,hole_avoidance,-38.2685758377425,-37.63511461656623,0.633461221176276,0.13856725672359246,0.0,low/mixed,True
90,height_management,stack_height_management,-13.089781238413051,-13.038554540393621,0.05122669801943047,0.06238472165944972,1.0,low/mixed,True
91,surface_management,surface_smoothness,-19.431411607746547,-19.58151488358385,-0.15010327583730287,-0.04956670071401769,0.6666666666666679,low/mixed,True
92,surface_management,surface_smoothness,-20.54433760683761,-16.882479972135144,3.6618576347024643,1.209208795905111,3.5,moderate,False
93,hole_management,hole_avoidance,-35.54314772392359,-37.24272486772487,-1.6995771438012781,-0.3717761001523509,0.16666666666666785,high,False
94,hole_management,hole_avoidance,-32.55185840608532,-33.0695219616484,-0.5176635555630753,-0.11323695342701233,-3.166666666666668,high,False
95,height_management,stack_height_management,-13.623626373626374,-13.68968084384751,-0.06605447022113609,-0.08044222833853071,-1.6666666666666679,low/mixed,True
96,surface_management,surface_smoothness,-22.046963189142097,-20.643813767719315,1.403149421422782,0.4633442344329306,1.5,high,False
97,hole_management,hole_avoidance,-41.23240931451443,-36.816856600189936,4.415552714324491,0.965885528724567,-1.0,moderate,False
98,hole_management,hole_avoidance,-41.56690724133253,-34.993387971117855,6.573519270214675,1.4379325866260815,0.6666666666666643,moderate,False
99,hole_management,hole_avoidance,-38.99537978745978,-36.54240926697823,2.45297052048155,0.5365780642669921,1.0,low/mixed,True
100,hole_management,hole_avoidance,-40.753799734748014,-37.027424529493494,3.72637520525452,0.8151305438336289,-0.33333333333333215,low/mixed,True
101,surface_management,surface_smoothness,-15.441511009201282,-16.279040527373862,-0.8375295181725804,-0.27656674869249587,-1.1666666666666643,low/mixed,True
102,hole_management,hole_avoidance,-40.936402970167336,-35.13876513179072,5.797637838376616,1.2682114451283686,1.5,low/mixed,True
103,hole_management,hole_avoidance,-35.39579216344209,-41.45539658945456,-6.05960442601247,-1.325515649692833,-1.6666666666666643,low/mixed,True
104,surface_management,surface_smoothness,-20.772475369458128,-18.391225293060664,2.381250076397464,0.7863300064813941,1.0,low/mixed,True
105,hole_management,hole_avoidance,-37.0543378365959,-39.46023787169621,-2.4059000351003093,-0.5262815728419685,-0.3333333333333357,high,False
106,surface_management,surface_smoothness,-17.286143605498445,-18.16539210233593,-0.8792484968374836,-0.2903430778101836,-0.8333333333333321,moderate,False
107,surface_management,surface_smoothness,-18.663683765602563,-18.016773288439957,0.6469104771626064,0.21362104078952157,-3.5,moderate,False
108,height_management,stack_height_management,-14.14753723288206,-13.476980021893816,0.6705572109882443,0.8166156824781345,-3.8333333333333357,high,False
109,surface_management,surface_smoothness,-17.193267682398115,-17.510670096187336,-0.31740241378922107,-0.10481177284398308,3.1666666666666643,moderate,False
110,height_management,stack_height_management,-12.626471984805319,-13.481603820085894,-0.8551318352805755,-1.0413937182888175,-3.5,high,False
111,surface_management,surface_smoothness,-17.167092379736058,-18.950806929075608,-1.7837145493395496,-0.5890134291418342,1.6666666666666679,low/mixed,True
112,hole_management,hole_avoidance,-41.61467265705772,-31.216340476485403,10.398332180572314,2.27459600776667,-0.6666666666666643,low/mixed,True
113,height_management,stack_height_management,-13.55247218562436,-12.91825688586683,0.6342152997575301,0.7723579008065425,0.5,high,False
114,surface_management,surface_smoothness,-17.672982147780534,-21.70266754850088,-4.029685400720346,-1.3306718931680634,-0.33333333333333215,high,False
115,hole_management,hole_avoidance,-38.148461064797274,-40.052375642663,-1.9039145778657272,-0.41647414438570024,-1.0,moderate,False
116,surface_management,surface_smoothness,-18.139149015235972,-19.95874881291548,-1.8195997976795084,-0.6008633594954055,-2.0,high,False
117,surface_management,surface_smoothness,-21.266157448341357,-17.00899100899101,4.257166439350346,1.405790070949264,0.5,low/mixed,True
118,surface_management,surface_smoothness,-17.450968815135482,-18.44677074717397,-0.9958019320384892,-0.32883104023187504,0.5,moderate,False
119,surface_management,surface_smoothness,-19.76065349880005,-18.085982227648895,1.6746712711511549,0.5530054506037914,-1.0,high,False
120,surface_management,surface_smoothness,-20.577130983205667,-18.19105953865687,2.386071444548797,0.7879221057267713,0.5,low/mixed,True
121,height_management,stack_height_management,-14.13150068271036,-13.602177028218694,0.529323654491666,0.6446191171779228,-0.1666666666666643,moderate,False
122,hole_management,hole_avoidance,-36.54671044972653,-38.23234007996002,-1.6856296302334854,-0.36872513408119134,-1.1666666666666679,high,False
123,surface_management,surface_smoothness,-17.068174048174047,-16.66561853120993,0.4025555169641173,0.13293080193509255,2.833333333333332,high,False
124,height_management,stack_height_management,-13.732307060755337,-13.112197824212698,0.620109236542639,0.7551793032901108,0.6666666666666679,low/mixed,True
125,hole_management,hole_avoidance,-42.196155715558845,-38.85895585659978,3.3371998589590675,0.7299999023391459,4.166666666666664,high,False
126,surface_management,surface_smoothness,-17.98509484209915,-17.195844509777203,0.7892503323219486,0.26062412557234144,1.5,moderate,False
127,hole_management,hole_avoidance,-36.29467437755481,-37.985513021461294,-1.6908386439064813,-0.36986458620670964,0.6666666666666679,high,False
128,height_management,stack_height_management,-13.263385624037797,-13.968506647673314,-0.7051210236355168,-0.8587080662322385,3.833333333333332,moderate,False
129,hole_management,hole_avoidance,-45.66089640365003,-40.14069152173991,5.520204881910118,1.2075240306235102,1.5,low/mixed,True
130,height_management,stack_height_management,-12.467502189168856,-13.492152435686918,-1.0246502465180622,-1.2478360483642692,1.8333333333333357,low/mixed,True
131,height_management,stack_height_management,-13.541123999457334,-12.927802593412288,0.6133214060450456,0.7469129708377776,3.0,low/mixed,True
132,height_management,stack_height_management,-12.597060137366032,-13.143467205832797,-0.546407068466765,-0.665423581783966,0.16666666666666785,low/mixed,True
133,hole_management,hole_avoidance,-35.5670035328656,-38.017030655179326,-2.4500271223137275,-0.5359342070016602,0.5,high,False
134,hole_management,hole_avoidance,-35.143958818958815,-36.785727969348656,-1.641769150389841,-0.3591308192796812,1.6666666666666643,high,False
135,hole_management,hole_avoidance,-41.68967406050739,-45.49478021978022,-3.8051061592728246,-0.8323526435499933,-0.8333333333333321,high,False
136,hole_management,hole_avoidance,-35.469885712414445,-41.422223859580185,-5.95233814716574,-1.3020515551249936,-2.333333333333332,high,False
137,surface_management,surface_smoothness,-19.42043615481046,-18.875769441286682,0.5446667135237782,0.17985837968908264,0.3333333333333357,moderate,False
138,height_management,stack_height_management,-12.672476136057249,-13.747738399318859,-1.0752622632616102,-1.3094722009808604,-0.1666666666666643,high,False
139,height_management,stack_height_management,-13.63461576351503,-14.118425013683634,-0.4838092501686049,-0.5891909214329457,1.6666666666666679,low/mixed,True
140,hole_management,hole_avoidance,-39.0725800271907,-36.80053260406834,2.272047423122366,0.4970018180171507,-0.6666666666666643,high,False
141,hole_management,hole_avoidance,-36.208380492293536,-36.39347030209933,-0.18508980980579537,-0.04048769890705518,1.1666666666666643,low/mixed,True
142,surface_management,surface_smoothness,-18.023722513743127,-19.260766731643926,-1.2370442179007988,-0.4084934201246592,0.5,moderate,False
143,hole_management,hole_avoidance,-38.14351512684846,-36.18104522792023,1.9624698989282336,0.4292829003678487,0.5,low/mixed,True
144,hole_management,hole_avoidance,-31.99320044372881,-34.69949121759467,-2.7062907738658595,-0.5919909157732111,0.0,high,False
145,surface_management,surface_smoothness,-18.701586273145413,-23.443179321330973,-4.74159304818556,-1.56575612501505,-2.333333333333332,low/mixed,True
146,surface_management,surface_smoothness,-18.201646141215107,-20.208395493395493,-2.0067493521803854,-0.6626633828790484,-0.6666666666666679,low/mixed,True
147,surface_management,surface_smoothness,-17.98164043278986,-17.81742049268931,0.1642199401005513,0.05422826768324977,0.3333333333333357,low/mixed,True
148,hole_management,hole_avoidance,-40.426887536623845,-37.9257078306085,2.5011797060153427,0.5471236420624124,-1.1666666666666679,moderate,False
149,surface_management,surface_smoothness,-17.14091631603553,-19.20564520090382,-2.064728884868291,-0.681809228486009,-0.6666666666666643,low/mixed,True
150,surface_management,surface_smoothness,-18.279058472391807,-19.259594590169304,-0.9805361177774969,-0.3237900040358992,0.1666666666666643,low/mixed,True
151,surface_management,surface_smoothness,-21.258163048105576,-20.12469696969697,1.1334660784086061,0.374290125012772,-2.5,high,False
152,hole_management,hole_avoidance,-42.77908300884137,-35.675138309965895,7.103944698875473,1.5539611517361618,-1.3333333333333321,high,False
153,surface_management,surface_smoothness,-20.12374396135266,-18.61687592101385,1.5068680403388086,0.4975939182829638,2.166666666666668,low/mixed,True
154,surface_management,surface_smoothness,-18.228748700522893,-17.826197408381315,0.4025512921415775,0.13292940682553728,0.0,moderate,False
155,hole_management,hole_avoidance,-37.136002906838556,-35.85088754163088,1.2851153652076732,0.2811141468131184,-0.16666666666666785,high,False
156,surface_management,surface_smoothness,-23.15092879486183,-18.99985037169469,4.151078423167139,1.3707579710955837,1.6666666666666679,low/mixed,True
157,surface_management,surface_smoothness,-22.67425719180105,-20.318531439511833,2.355725752289217,0.777901432708145,1.5,moderate,False
158,hole_management,hole_avoidance,-38.002698412698415,-40.1541360621959,-2.1514376494974883,-0.4706188842138483,-1.3333333333333321,low/mixed,True
159,height_management,stack_height_management,-13.402287813027757,-13.543316152770176,-0.14102833974241946,-0.17174664893661565,-1.0,high,False
160,height_management,stack_height_management,-12.808065679839874,-13.622656256234688,-0.8145905763948136,-0.9920219014609474,-3.5,high,False
161,surface_management,surface_smoothness,-18.866170913199312,-21.480569415752953,-2.614398502553641,-0.8633196537543388,-0.5,high,False
162,hole_management,hole_avoidance,-33.85027472527472,-35.79600774704223,-1.9457330217675093,-0.4256217715145705,-1.5,moderate,False
163,height_management,stack_height_management,-13.7904695680058,-13.394800694300137,0.39566887370566306,0.4818521105161442,-0.33333333333333215,high,False
164,hole_management,hole_avoidance,-37.34015405491699,-40.1943105324258,-2.854156477508816,-0.6243359816310098,2.0,low/mixed,True
165,hole_management,hole_avoidance,-42.80994708994709,-38.78291630538008,4.02703078456701,0.8808978196372114,-1.3333333333333321,low/mixed,True
166,height_management,stack_height_management,-13.167191067765781,-13.1504183456147,0.01677272215108161,0.020426098954682267,0.5,moderate,False
167,hole_management,hole_avoidance,-39.36812826518982,-35.593878168737916,3.774250096451901,0.8256029960018029,0.8333333333333321,high,False
168,hole_management,hole_avoidance,-39.280719074986315,-37.888503352490424,1.3922157224958909,0.30454194666483997,1.6666666666666679,low/mixed,True
169,hole_management,hole_avoidance,-44.87393622212463,-36.80863913068214,8.065297091442488,1.764253367470081,3.5,low/mixed,True
170,height_management,stack_height_management,-12.686703705558894,-13.108576943721872,-0.42187323816297706,-0.5137642197509077,-1.5,low/mixed,True
171,height_management,stack_height_management,-12.910116942444528,-13.33340930674264,-0.4232923642981117,-0.5154924550727792,0.5,low/mixed,True
172,hole_management,hole_avoidance,-43.115744738353435,-36.09685537586146,7.018889362491976,1.5353556171929763,0.5,moderate,False
173,surface_management,surface_smoothness,-16.538809523809523,-15.603369849466802,0.9354396743427209,0.3088983775705248,1.5,low/mixed,True
174,hole_management,hole_avoidance,-37.577390238916934,-39.32626207126207,-1.748871832345138,-0.38255912764357247,-1.0,high,False
175,hole_management,hole_avoidance,-34.90606013957307,-42.86223945807279,-7.956179318499721,-1.7403842655408572,-2.1666666666666643,low/mixed,True
176,surface_management,surface_smoothness,-17.082830687830686,-19.438548169825346,-2.3557174819946596,-0.7778987017136823,-0.16666666666666785,high,False
177,hole_management,hole_avoidance,-38.12425929892197,-35.40867329562732,2.7155860032946535,0.594024212207952,3.0,moderate,False
178,hole_management,hole_avoidance,-35.33315330430023,-34.851067019400354,0.4820862848998786,0.10545455944185618,-0.1666666666666643,low/mixed,True
179,hole_management,hole_avoidance,-38.340274667860875,-34.700863304357924,3.6394113635029512,0.7961075309279878,-0.8333333333333321,low/mixed,True
180,surface_management,surface_smoothness,-19.885950854700855,-20.98162599611875,-1.095675141417896,-0.36181090326979576,-1.6666666666666643,high,False
181,surface_management,surface_smoothness,-18.478570133570134,-18.44792213163181,0.0306480019383244,0.010120500909028367,0.8333333333333357,high,False
182,hole_management,hole_avoidance,-31.41369114944827,-35.72613660848955,-4.312445459041278,-0.9433312048997181,2.0,low/mixed,True
183,surface_management,surface_smoothness,-19.05447619268323,-20.52126071372916,-1.4667845210459305,-0.4843576461678359,0.0,high,False
184,surface_management,surface_smoothness,-17.18842864245163,-16.932086314720724,0.2563423277309056,0.0846486751744481,1.5,low/mixed,True
185,height_management,stack_height_management,-12.746115953012506,-13.558665271818775,-0.8125493188062691,-0.9895360241465773,2.666666666666668,low/mixed,True
186,surface_management,surface_smoothness,-19.1912913395672,-16.207982295482296,2.983309044084905,0.9851403022400269,-0.33333333333333215,low/mixed,True
187,surface_management,surface_smoothness,-18.922094567155746,-18.680375373083706,0.24171919407204,0.0798198632412848,-1.3333333333333321,high,False
188,hole_management,hole_avoidance,-36.16622901086919,-35.61995418374729,0.5462748271218985,0.11949556133977139,3.333333333333332,moderate,False
189,height_management,stack_height_management,-12.808564378779272,-13.32894993894994,-0.5203855601706682,-0.6337341578122058,-0.5,high,False
190,hole_management,hole_avoidance,-42.02606445600397,-39.79020155164583,2.235862904358143,0.4890865907965937,0.6666666666666679,moderate,False
191,hole_management,hole_avoidance,-34.56593915343915,-38.254517439752945,-3.688578286313792,-0.8068626101462356,-2.5,moderate,False
192,hole_management,hole_avoidance,-35.43349467204097,-38.03613994907817,-2.6026452770371975,-0.5693188536371376,-1.5,high,False
193,height_management,stack_height_management,-13.6958793709206,-13.066533615727163,0.6293457551934374,0.7664276887494628,2.166666666666668,low/mixed,True
194,hole_management,hole_avoidance,-39.368380610264666,-38.217241730172766,1.1511388800918994,0.25180729520586603,1.5,high,False
195,surface_management,surface_smoothness,-15.413210468104795,-17.45833226905066,-2.045121800945866,-0.6753346298789081,-1.6666666666666679,low/mixed,True
196,hole_management,hole_avoidance,-34.82642857142857,-35.89270133053221,-1.06627275910364,-0.2332431508178654,3.666666666666668,moderate,False
197,height_management,stack_height_management,-13.507693243325427,-14.072629029400643,-0.5649357860752158,-0.687988161102963,-1.0,low/mixed,True
198,hole_management,hole_avoidance,-38.275789403294475,-39.33218280282936,-1.0563933995348833,-0.2310820781146515,-1.0,moderate,False
199,hole_management,hole_avoidance,-38.59815607681699,-34.52116071809124,4.076995358725753,0.8918273820841175,-2.3333333333333357,moderate,False
200,surface_management,surface_smoothness,-16.99276346111477,-16.553821154898742,0.4389423062160276,0.14494634978195212,-0.16666666666666785,moderate,False
201,surface_management,surface_smoothness,-20.773572530864197,-20.778904415960888,-0.005331885096691025,-0.0017606807803160337,-3.166666666666668,low/mixed,True
202,hole_management,hole_avoidance,-38.434369556293284,-34.27480158730159,4.159567968991695,0.9098898296382257,1.6666666666666643,low/mixed,True
203,height_management,stack_height_management,-13.438232392942538,-13.636922518295068,-0.19869012535252928,-0.2419681268915119,2.1666666666666643,low/mixed,True
204,hole_management,hole_avoidance,-38.76025641025641,-38.77138447971781,-0.011128069461399548,-0.002434223289994614,-0.5,moderate,False
205,height_management,stack_height_management,-13.010138248847927,-13.460350688051838,-0.4502124392039111,-0.5482761683508208,1.8333333333333321,low/mixed,True
206,hole_management,hole_avoidance,-35.31638982159816,-38.34712301587302,-3.030733194274859,-0.6629614734931557,1.8333333333333357,moderate,False
207,surface_management,surface_smoothness,-21.117856207224023,-17.664234511008704,3.4536216962153183,1.1404456834192616,-0.5,moderate,False
208,hole_management,hole_avoidance,-38.546292672844395,-36.10547183673121,2.4408208361131827,0.5339203665631674,-3.166666666666668,low/mixed,True
209,hole_management,hole_avoidance,-40.5904356658667,-38.85158148604269,1.7388541798240098,0.38036780387779356,0.16666666666666785,high,False
210,surface_management,surface_smoothness,-16.723252226700502,-17.385184887888222,-0.6619326611877199,-0.21858162606316192,0.6666666666666643,moderate,False
211,hole_management,hole_avoidance,-37.457324560867384,-38.74004895700298,-1.282724396135599,-0.28059113133221325,0.8333333333333321,low/mixed,True
212,hole_management,hole_avoidance,-40.021388888888886,-36.413493700850026,3.60789518803886,0.7892134862248738,1.1666666666666643,moderate,False
213,surface_management,surface_smoothness,-18.221272349936143,-20.22454551621218,-2.0032731662760384,-0.6615154861034056,-2.166666666666668,high,False
214,surface_management,surface_smoothness,-17.054070237978284,-19.423687708560898,-2.3696174705826145,-0.7824887186232014,0.33333333333333215,high,False
215,surface_management,surface_smoothness,-20.112631639772907,-18.3986195487864,1.7140120909865075,0.5659964704982313,1.1666666666666679,high,False
216,hole_management,hole_avoidance,-37.11901612648739,-32.90031665864999,4.218699467837396,0.9228246223407502,0.16666666666666785,moderate,False
217,height_management,stack_height_management,-13.717936507936509,-13.048700466200465,0.6692360417360437,0.815006740671417,-2.333333333333332,low/mixed,True
218,height_management,stack_height_management,-14.242447516641064,-12.910427109440267,1.3320204072007975,1.6221565230772705,-3.5,moderate,False
219,surface_management,surface_smoothness,-17.82413183590603,-18.61833419879397,-0.7942023628879404,-0.26225937180945375,1.3333333333333321,high,False
220,surface_management,surface_smoothness,-19.502005706909305,-17.057691716885266,2.444313990024039,0.8071548027101668,-2.3333333333333357,high,False
221,surface_management,surface_smoothness,-19.134539181365767,-17.486812440844698,1.647726740521069,0.5441079000462088,0.8333333333333321,low/mixed,True
222,height_management,stack_height_management,-13.49102875917392,-12.380069786535303,1.1109589726386169,1.3529442451442018,0.0,moderate,False
223,surface_management,surface_smoothness,-22.056783154121863,-19.3455016996996,2.711281454422263,0.8953120819860028,0.0,low/mixed,True
224,surface_management,surface_smoothness,-18.930505610290094,-20.52973665870171,-1.5992310484116175,-0.5280937828105945,2.833333333333332,low/mixed,True
225,height_management,stack_height_management,-13.437426400759733,-13.433353814644137,0.004072586115595911,0.004959662853132206,2.8333333333333357,moderate,False
226,surface_management,surface_smoothness,-19.40361737028404,-18.13354206481924,1.2700753054648004,0.41940085717032366,-0.5,moderate,False
227,hole_management,hole_avoidance,-33.97082848524025,-38.66806290253918,-4.6972344172989295,-1.0275023405286414,-1.3333333333333321,low/mixed,True
228,surface_management,surface_smoothness,-19.816880341880342,-17.947708527855585,1.8691718140247566,0.6172328976301934,1.8333333333333321,high,False
229,hole_management,hole_avoidance,-37.72233715393386,-37.574947195205816,0.1473899587280414,0.03224099844916141,2.0,high,False
230,hole_management,hole_avoidance,-38.75449127288208,-34.71174851432916,4.042742758552919,0.8843347547804503,2.666666666666668,high,False
231,surface_management,surface_smoothness,-19.771504884004884,-22.014159544159543,-2.2426546601546598,-0.7405634002636332,-1.3333333333333357,low/mixed,True
232,height_management,stack_height_management,-12.667077506220435,-13.867756869772998,-1.2006793635525632,-1.4622072238398134,1.8333333333333321,low/mixed,True
233,height_management,stack_height_management,-13.50183697321846,-13.187049336303723,0.3147876369147369,0.3833536001737422,-2.333333333333332,low/mixed,True
234,height_management,stack_height_management,-13.450745414756353,-13.043749235348749,0.4069961794076047,0.4956466910901076,-0.5,low/mixed,True
235,hole_management,hole_avoidance,-37.966462703962705,-36.29009755571725,1.676365148245452,0.3666985635333319,2.3333333333333357,high,False
236,hole_management,hole_avoidance,-39.162948717948716,-40.489598264054784,-1.3266495461060686,-0.29019959248043975,0.5,low/mixed,True
237,hole_management,hole_avoidance,-36.55599854275142,-36.47247023809524,0.083528304656177,0.01827150210313836,0.33333333333333215,moderate,False
238,height_management,stack_height_management,-13.197355737250305,-13.325748389541493,-0.12839265229118801,-0.1563586993888646,0.0,low/mixed,True
239,surface_management,surface_smoothness,-18.120374112902848,-20.374235104669886,-2.253860991767038,-0.7442639249992482,-1.6666666666666679,low/mixed,True
240,surface_management,surface_smoothness,-21.059358465608465,-17.57940922012112,3.4799492454873437,1.1491394960494035,0.6666666666666679,high,False
241,height_management,stack_height_management,-13.835498769580116,-13.14374312705792,0.691755642522196,0.8424314836519847,1.3333333333333357,high,False
242,height_management,stack_height_management,-12.854912834079501,-13.505546737213404,-0.6506339031339028,-0.7923527480497398,0.8333333333333321,low/mixed,True
243,hole_management,hole_avoidance,-40.83253598071971,-36.12649683136282,4.70603914935689,1.029428342510566,2.333333333333332,high,False
244,height_management,stack_height_management,-13.554891256040682,-13.907185276409415,-0.35229402036873303,-0.4290294954138109,0.6666666666666679,moderate,False
245,hole_management,hole_avoidance,-35.09857503607503,-39.96812341234755,-4.869548376272519,-1.065195370175846,-1.3333333333333321,high,False
246,hole_management,hole_avoidance,-36.609561702665154,-35.81122877520727,0.798332927457885,0.17463232161952716,-3.833333333333332,high,False
247,surface_management,surface_smoothness,-18.356456761629175,-20.400064935064936,-2.0436081734357607,-0.6748348038666684,-2.0,high,False
248,hole_management,hole_avoidance,-41.11915841021288,-42.44763555722139,-1.3284771470085062,-0.290599373295698,-0.33333333333333215,low/mixed,True
249,hole_management,hole_avoidance,-35.815376347235414,-40.05865782767957,-4.243281480444153,-0.9282018450306222,-2.5,low/mixed,True
250,height_management,stack_height_management,-14.034738925914306,-13.264594465669735,0.7701444602445715,0.9378946847540515,-2.0,moderate,False
251,height_management,stack_height_management,-14.119076371657016,-13.35089980262394,0.7681765690330753,0.9354981542293103,2.1666666666666643,high,False
252,surface_management,surface_smoothness,-19.095317876567876,-17.038515595352987,2.056802281214889,0.6791917267108133,-0.8333333333333357,high,False
253,hole_management,hole_avoidance,-38.617864031490285,-35.96356188112654,2.6543021503637476,0.5806186001543538,-0.8333333333333321,moderate,False
254,height_management,stack_height_management,-13.346813699525045,-13.760941724904743,-0.4141280253796982,-0.5043319712875226,-1.6666666666666679,high,False
255,hole_management,hole_avoidance,-38.44272511872133,-35.64222013618565,2.800504982535678,0.612599919139698,-1.0,moderate,False
256,surface_management,surface_smoothness,-19.316584564860428,-18.21960995794329,1.0969746069171364,0.3622400092778409,0.0,low/mixed,True
257,surface_management,surface_smoothness,-19.181471306471305,-18.984659183940792,0.19681212253051328,0.0649907706540285,0.0,moderate,False
258,height_management,stack_height_management,-13.178424199257533,-13.450677681992337,-0.2722534827348042,-0.3315548024349392,0.0,high,False
259,height_management,stack_height_management,-13.126041666666666,-13.305415564373897,-0.17937389770723122,-0.21844450480083152,1.6666666666666679,moderate,False
260,surface_management,surface_smoothness,-18.668216619981326,-18.868584087126287,-0.2003674671449609,-0.06616480700637654,-0.16666666666666785,low/mixed,True
261,hole_management,hole_avoidance,-39.20727479310813,-38.6430114638448,0.5642633292633263,0.12343047844436635,-1.1666666666666679,high,False
262,height_management,stack_height_management,-13.327682811016144,-13.013136924803591,0.31454588621255297,0.3830591921628843,0.16666666666666785,high,False
263,surface_management,surface_smoothness,-21.438051487076976,-19.93804488933799,1.5000065977389845,0.4953281511308829,0.6666666666666643,high,False
264,hole_management,hole_avoidance,-37.97065985525756,-37.599931935845916,0.3707279194116424,0.08109533633065312,1.3333333333333321,low/mixed,True
265,surface_management,surface_smoothness,-19.022540263057504,-18.738089133089133,0.28445112996837096,0.09393068837610609,-1.6666666666666679,high,False
266,surface_management,surface_smoothness,-18.03835721536871,-21.394599467671398,-3.356242252302689,-1.1082893049179254,-2.666666666666668,moderate,False
267,hole_management,hole_avoidance,-36.461617756907614,-33.48212746305419,2.9794902938534236,0.6517522819900462,1.1666666666666679,moderate,False
268,height_management,stack_height_management,-13.198566865233532,-13.436859903381642,-0.2382930381481092,-0.2901972103026387,0.8333333333333321,low/mixed,True
269,height_management,stack_height_management,-13.651201984477847,-13.62946276612242,0.02173921835542636,0.02647438032572125,-1.8333333333333321,moderate,False
270,hole_management,hole_avoidance,-36.639504692446316,-34.876471837341406,1.7630328551049104,0.38565679804647146,1.1666666666666643,moderate,False
271,hole_management,hole_avoidance,-40.818877509251074,-36.901025092866675,3.917852416384399,0.8570154627274537,-0.6666666666666679,moderate,False
272,height_management,stack_height_management,-13.3411075881506,-13.275131133886232,0.06597645426436749,0.08034721921367635,1.0,high,False
273,height_management,stack_height_management,-13.691810859803073,-13.218328135611682,0.4734827241913919,0.5766151069903839,0.0,low/mixed,True
274,surface_management,surface_smoothness,-19.57357552045724,-15.232492418563446,4.341083101893794,1.4335008059349466,0.16666666666666785,high,False
275,hole_management,hole_avoidance,-37.911533289241625,-37.843666933322105,0.06786635591952006,0.01484550979479441,-0.5,moderate,False
276,height_management,stack_height_management,-14.073492063492063,-13.248728451199716,0.8247636122923474,1.0044107931411903,1.5,high,False
277,surface_management,surface_smoothness,-17.888257575757574,-20.353945839453086,-2.4656882636955118,-0.8142129579712268,-2.0,low/mixed,True
278,height_management,stack_height_management,-13.56992447516641,-13.666771340621915,-0.09684686545550569,-0.11794171747591922,0.6666666666666643,low/mixed,True
279,height_management,stack_height_management,-13.475170177045177,-13.492337164750957,-0.017166987705779846,-0.020906242080058583,0.0,moderate,False
280,hole_management,hole_avoidance,-45.2293622658206,-39.445937305563746,5.783424960256852,1.2651024315607418,0.6666666666666679,moderate,False
281,height_management,stack_height_management,-13.192072772254456,-13.690398680063122,-0.4983259078086668,-0.6068695476437799,-1.5,high,False
282,hole_management,hole_avoidance,-36.37766756570002,-33.486612654320986,2.8910549113790367,0.6324073750926318,1.8333333333333321,low/mixed,True
283,height_management,stack_height_management,-13.840682857495983,-13.481053366093457,0.35962949140252576,0.4379627535853709,1.5,low/mixed,True
284,surface_management,surface_smoothness,-19.08024237689143,-18.577880459411872,0.5023619174795577,0.16588860352933862,1.5,high,False
285,hole_management,hole_avoidance,-37.58046386350984,-36.010208653353814,1.5702552101560272,0.34348741415175,-0.5,moderate,False
286,surface_management,surface_smoothness,-17.054496000847504,-17.598288445271205,-0.5437924444237012,-0.17956968089430084,0.33333333333333215,low/mixed,True
287,hole_management,hole_avoidance,-41.053492063492065,-38.23995956254021,2.813532500951858,0.6154496397358445,0.3333333333333357,low/mixed,True
288,hole_management,hole_avoidance,-34.89140139430462,-36.8194051783632,-1.9280037840585749,-0.4217435675282781,-0.6666666666666679,moderate,False
289,surface_management,surface_smoothness,-22.80915150063857,-19.60481929364988,3.204332206988692,1.058125977638558,-0.16666666666666785,moderate,False
290,hole_management,hole_avoidance,-43.22931488642093,-39.78690645773979,3.4424084286811407,0.7530138807846295,1.6666666666666679,moderate,False
291,surface_management,surface_smoothness,-20.1189937311564,-18.329277448817678,1.7897162823387234,0.5909953052979411,1.0,high,False
292,surface_management,surface_smoothness,-21.24688965041289,-20.730501180386238,0.5163884700266514,0.17052041404961546,-0.6666666666666643,low/mixed,True
293,surface_management,surface_smoothness,-17.475543888748575,-21.3021911663216,-3.8266472775730236,-1.2636251893073993,-2.166666666666668,high,False
294,hole_management,hole_avoidance,-39.34395061728395,-43.65706968223452,-4.31311906495057,-0.9434785536557951,1.5,high,False
295,height_management,stack_height_management,-12.43307584558975,-13.34717239444251,-0.9140965488527595,-1.1132019235050628,2.333333333333332,moderate,False
296,surface_management,surface_smoothness,-19.856178733994827,-19.46262379595713,0.39355493803769903,0.12995865492890576,2.333333333333332,high,False
297,height_management,stack_height_management,-13.98640873015873,-13.276495726495726,0.7099130036630044,0.8645438189114188,-2.333333333333332,low/mixed,True
298,surface_management,surface_smoothness,-20.263827848088138,-16.043806870459633,4.220020977628504,1.3935239963164479,0.3333333333333357,low/mixed,True
299,surface_management,surface_smoothness,-20.23522480212885,-20.423447478318863,-0.1882226761900121,-0.0621543867464567,1.6666666666666679,low/mixed,True
300,height_management,stack_height_management,-12.765452485998463,-13.015270714810944,-0.24981822881248128,-0.30423277846274577,0.1666666666666643,low/mixed,True
301,hole_management,hole_avoidance,-33.80612653583668,-35.517604058625565,-1.7114775227888828,-0.3743792632429367,0.5,low/mixed,True
302,hole_management,hole_avoidance,-39.116614300922095,-38.599035816193286,0.5175784847288085,0.11321834450236554,-1.0,moderate,False
303,height_management,stack_height_management,-13.351715751187387,-13.524954783637593,-0.17323903245020666,-0.21097336423790597,2.3333333333333357,moderate,False
304,surface_management,surface_smoothness,-18.391206077872745,-16.83623513867333,1.5549709391994142,0.513478328386609,-0.5,low/mixed,True
305,surface_management,surface_smoothness,-19.290753968253966,-18.95765370829887,0.3331002599550956,0.10999547345556711,2.333333333333332,low/mixed,True
306,hole_management,hole_avoidance,-40.5779925361377,-42.396094786855656,-1.8181022507179563,-0.39770302096341076,-0.5,low/mixed,True
307,surface_management,surface_smoothness,-17.877489121201087,-20.12153418101694,-2.2440450598158534,-0.7410225343064769,-0.8333333333333357,high,False
308,surface_management,surface_smoothness,-19.565603345280763,-17.53287037037037,2.0327329749103917,0.6712436250099406,1.5,high,False
309,surface_management,surface_smoothness,-22.038672102214928,-19.707300979140058,2.33137112307487,0.7698591124420846,-2.6666666666666643,high,False
310,hole_management,hole_avoidance,-34.49540919914483,-37.66717589599943,-3.171766696854597,-0.6938120210962201,0.16666666666666785,high,False
311,surface_management,surface_smoothness,-18.444736282750743,-25.452808025308027,-7.008071742557284,-2.3141866338894084,-4.333333333333336,high,False
312,hole_management,hole_avoidance,-38.37958892958893,-35.280552757427756,3.0990361721611706,0.6779024926990096,-0.5,moderate,False
313,surface_management,surface_smoothness,-18.170929118773948,-22.112579365079366,-3.941650246305418,-1.3016011608548872,-1.8333333333333321,moderate,False
314,hole_management,hole_avoidance,-36.683615022695484,-35.84641888762579,0.8371961350696964,0.18313350193842404,0.3333333333333357,moderate,False
315,surface_management,surface_smoothness,-17.319060250094733,-20.53601511210207,-3.216954862007338,-1.062294196886509,-2.5,low/mixed,True
316,surface_management,surface_smoothness,-18.276000118708453,-17.20687454972656,1.0691255689818924,0.3530437747465854,0.6666666666666679,high,False
317,hole_management,hole_avoidance,-40.44043782951829,-33.61510662177329,6.825331207744995,1.4930154997190668,0.5,low/mixed,True
318,hole_management,hole_avoidance,-37.26445845555041,-38.51222011784512,-1.2477616622947068,-0.27294316496279064,0.6666666666666643,high,False
319,height_management,stack_height_management,-13.21627436894298,-13.113045064769203,0.10322930417377663,0.12571435710217038,-0.33333333333333215,high,False
320,height_management,stack_height_management,-13.453915343915344,-13.25487043820377,0.19904490571157396,0.24240018429136317,1.6666666666666679,high,False
321,height_management,stack_height_management,-12.99723036648324,-13.102867383512544,-0.10563701702930395,-0.1286465097127286,2.333333333333332,moderate,False
322,hole_management,hole_avoidance,-35.936746794871794,-37.938120675620674,-2.0013738807488792,-0.4377929998913857,-0.5,high,False
323,hole_management,hole_avoidance,-36.87373715421383,-36.604974993806515,0.26876216040731293,0.05879071051830665,-1.1666666666666643,moderate,False
324,hole_management,hole_avoidance,-41.05551769165275,-33.82763736263736,7.227880329015392,1.5810716041280366,1.0,high,False
325,hole_management,hole_avoidance,-40.40067494234161,-38.51196242242816,1.8887125199134474,0.4131487514546398,1.5,low/mixed,True
326,hole_management,hole_avoidance,-36.12780416036812,-38.59389116459009,-2.4660870042219685,-0.5394472456928013,-0.8333333333333321,low/mixed,True
327,height_management,stack_height_management,-12.459355212503638,-13.199121970353854,-0.7397667578502158,-0.9009002154285709,0.0,low/mixed,True
328,hole_management,hole_avoidance,-40.01506093018716,-43.25905945836605,-3.243998528178892,-0.70961246219685,0.16666666666666785,high,False
329,hole_management,hole_avoidance,-37.42701871381307,-37.6414728615841,-0.2144541477710291,-0.04691103726041366,0.33333333333333215,low/mixed,True
330,hole_management,hole_avoidance,-38.94018121103266,-35.17915479582146,3.761026415211198,0.8227103655264772,-0.5,moderate,False
331,hole_management,hole_avoidance,-40.29690917107584,-38.75841473341473,1.5384944376611074,0.33653986476921494,-0.1666666666666643,low/mixed,True
332,hole_management,hole_avoidance,-38.80991443292148,-41.811175552842215,-3.001261119920734,-0.6565145682104275,0.16666666666666785,high,False
333,hole_management,hole_avoidance,-35.68687047472365,-36.42606583231583,-0.7391953575921804,-0.1616962009042385,-1.0,moderate,False
334,height_management,stack_height_management,-13.128791560982652,-12.654638890271075,0.4741526707115771,0.577430978963483,0.5,low/mixed,True
335,height_management,stack_height_management,-13.075768456608278,-13.071851851851852,0.003916604756426523,0.004769706169370273,-1.6666666666666679,low/mixed,True
336,hole_management,hole_avoidance,-42.38761137949544,-44.215258506925174,-1.827647127429735,-0.3997909268012143,-1.1666666666666679,low/mixed,True
337,height_management,stack_height_management,-12.932789987789988,-13.318447148974533,-0.38565716118454496,-0.46965968111678147,2.333333333333332,low/mixed,True
338,height_management,stack_height_management,-14.128364709621335,-13.930753821118115,0.1976108885032204,0.24065381437378494,1.6666666666666643,moderate,False
339,surface_management,surface_smoothness,-16.22141636141636,-22.388869731800767,-6.167453370384408,-2.036599892122625,0.1666666666666643,moderate,False
340,hole_management,hole_avoidance,-37.73697110360904,-34.91473664266768,2.8222344609413597,0.6173531607148,-0.6666666666666679,low/mixed,True
341,height_management,stack_height_management,-14.45817901234568,-13.217521133613088,1.2406578787325913,1.5108937220583427,1.1666666666666679,high,False
342,surface_management,surface_smoothness,-18.89497727581061,-18.071609737910027,0.8233675379005838,0.2718902175925302,2.333333333333332,moderate,False
343,hole_management,hole_avoidance,-41.3518981018981,-40.92796509152831,0.4239330103697938,0.09273374962469859,2.0,high,False
344,height_management,stack_height_management,-13.109422387648195,-13.301198507888913,-0.19177612024071777,-0.23354813690330753,-0.5,high,False
345,hole_management,hole_avoidance,-38.19598457098457,-38.286175082101806,-0.09019051111723542,-0.019728834678794424,0.16666666666666785,low/mixed,True
346,hole_management,hole_avoidance,-36.64279817883266,-35.86385645699739,0.7789417218352739,0.170390568410548,-0.6666666666666643,moderate,False
347,surface_management,surface_smoothness,-19.697107095490715,-20.096438217602635,-0.3993311221119207,-0.1318660509246224,-2.333333333333332,high,False
348,surface_management,surface_smoothness,-19.14078473436093,-17.933605773693493,1.207178960667438,0.3986313950704048,-2.3333333333333357,moderate,False
349,hole_management,hole_avoidance,-42.741246737168126,-36.36954898446834,6.371697752699788,1.3937848896638265,-1.6666666666666679,low/mixed,True
350,hole_management,hole_avoidance,-38.66951566951567,-33.94835731732631,4.721158352189356,1.0327356111961725,2.8333333333333357,low/mixed,True
351,height_management,stack_height_management,-13.280098046214988,-12.662833141321045,0.6172649048939434,0.7517154290785867,2.0,moderate,False
352,height_management,stack_height_management,-13.455470564965657,-13.640765125678918,-0.18529456071326145,-0.2256547863132276,0.8333333333333321,low/mixed,True
353,hole_management,hole_avoidance,-33.46840708186212,-35.325775199263106,-1.8573681174009877,-0.40629228143785406,1.3333333333333321,high,False
354,height_management,stack_height_management,-13.820331437436192,-13.4197378373103,0.40059360012589096,0.48784952395197256,-3.666666666666668,moderate,False
355,height_management,stack_height_management,-13.730141303991878,-13.271756195815335,0.4583851081765431,0.5582289800444241,0.6666666666666643,low/mixed,True
356,height_management,stack_height_management,-12.743457026065721,-13.105599647266313,-0.3621426212005918,-0.4410232846952807,1.8333333333333321,high,False
357,surface_management,surface_smoothness,-16.087314032542526,-19.59740913273522,-3.510095100192693,-1.1590941792474432,-4.0,high,False
358,hole_management,hole_avoidance,-42.038246815745566,-40.009553104272236,2.0286937114733306,0.44376910998477165,2.0,low/mixed,True
359,hole_management,hole_avoidance,-38.776702533577534,-34.60022329609889,4.176479237478645,0.9135891059374149,1.3333333333333357,high,False
360,surface_management,surface_smoothness,-20.744017094017096,-16.33708642580687,4.406930668210226,1.4552448124807509,0.16666666666666785,high,False
361,surface_management,surface_smoothness,-22.100816231823096,-20.76898530588186,1.3318309259412366,0.4397936323478742,-0.8333333333333357,high,False
362,height_management,stack_height_management,-13.558168276972625,-13.48124881291548,0.07691946405714489,0.0936737978617889,1.3333333333333357,moderate,False
363,hole_management,hole_avoidance,-41.99506486568987,-39.37926406926407,2.615800796425802,0.5721965739639919,0.5,low/mixed,True
364,hole_management,hole_avoidance,-38.29749110792589,-37.794765240300535,0.5027258676253581,0.10996939044110608,0.0,low/mixed,True
365,surface_management,surface_smoothness,-19.68032787473964,-17.957197065386723,1.7231308093529165,0.569007629193083,1.0,low/mixed,True
366,height_management,stack_height_management,-13.441377937076862,-13.455409877478843,-0.014031940401981302,-0.017088329526676816,0.1666666666666643,low/mixed,True
367,surface_management,surface_smoothness,-17.331330891330893,-17.41354927949131,-0.08221838816041682,-0.027149935378848977,-0.6666666666666643,high,False
368,surface_management,surface_smoothness,-20.411793187655256,-18.743192239858907,1.6686009477963495,0.5510009247246155,-1.5,high,False
369,height_management,stack_height_management,-13.640937633035334,-13.203250053685723,0.43768757934961044,0.533023186486993,1.8333333333333357,moderate,False
370,height_management,stack_height_management,-14.130921177587844,-13.075739718815358,1.055181458772486,1.285017464540954,3.333333333333332,low/mixed,True
371,surface_management,surface_smoothness,-20.505374210616147,-16.234830232733096,4.270543977883051,1.4102075658043365,-1.1666666666666643,low/mixed,True
372,height_management,stack_height_management,-14.077646181420906,-13.378787828308068,0.6988583531128381,0.8510812822991035,-0.8333333333333357,moderate,False
373,surface_management,surface_smoothness,-17.731040903540904,-16.829058131338442,0.9019827722024623,0.2978503291788171,3.0,moderate,False
374,hole_management,hole_avoidance,-38.21243386243386,-36.19967096122269,2.0127629012111754,0.4402843052301699,1.8333333333333357,moderate,False
375,hole_management,hole_avoidance,-39.96677327550984,-30.555535780496847,9.41123749501299,2.058672762377777,1.3333333333333321,moderate,False
376,hole_management,hole_avoidance,-37.683272560902296,-37.527513760880694,0.15575880002160147,0.034071650967796074,1.5,high,False
377,surface_management,surface_smoothness,-19.189141414141414,-18.009773272704308,1.1793681414371058,0.3894477810172667,1.8333333333333357,high,False
378,hole_management,hole_avoidance,-36.43035705571938,-34.34470046082949,2.0856565948898833,0.45622952622846946,0.6666666666666643,moderate,False
379,surface_management,surface_smoothness,-20.89654874712346,-20.45096089521377,0.44558785190969274,0.14714082403737253,1.8333333333333321,high,False
380,hole_management,hole_avoidance,-38.65138130158338,-38.83537988892827,-0.18399858734489527,-0.04024899810292179,-1.5,moderate,False
381,height_management,stack_height_management,-13.163999833365775,-13.720604031701507,-0.5566041983357319,-0.6778418155018502,-0.5,low/mixed,True
382,surface_management,surface_smoothness,-18.786766608883777,-19.208929331630483,-0.4221627227467053,-0.13940544078252917,-1.1666666666666679,moderate,False
383,surface_management,surface_smoothness,-17.942444528651425,-18.01603068325816,-0.07358615460673334,-0.02429942239262541,0.16666666666666785,high,False
384,hole_management,hole_avoidance,-37.69294771968854,-32.40044194935499,5.292505770333548,1.157715707406856,-1.0,low/mixed,True
385,hole_management,hole_avoidance,-36.65896944747459,-37.59879804721295,-0.9398285997383624,-0.20558396710424764,-0.8333333333333321,low/mixed,True
386,hole_management,hole_avoidance,-37.94193038096336,-37.96352007280817,-0.021589691844809522,-0.004722663791301723,1.0,high,False
387,surface_management,surface_smoothness,-19.400372775372777,-18.763002645502645,0.6373701298701313,0.210470652922794,0.0,low/mixed,True
388,height_management,stack_height_management,-13.169267215064629,-13.618619052297213,-0.44935183723258376,-0.5472281130102158,1.6666666666666679,moderate,False
389,hole_management,hole_avoidance,-37.003375983112726,-36.11983342374397,0.883542559368756,0.1932716077282988,-1.8333333333333357,high,False
390,surface_management,surface_smoothness,-18.436307272630966,-19.48794959321841,-1.051642320587444,-0.34727050340495424,-0.8333333333333357,low/mixed,True
391,surface_management,surface_smoothness,-19.70089582931688,-18.779732854370536,0.9211629749463448,0.3041839642293317,0.3333333333333357,moderate,False
392,hole_management,hole_avoidance,-38.00680954847622,-38.13117084826762,-0.12436129979140276,-0.02720356602520364,3.5,high,False
393,hole_management,hole_avoidance,-37.93216717869944,-36.47227859988771,1.4598885788117286,0.3193451291499854,0.8333333333333321,low/mixed,True
394,surface_management,surface_smoothness,-20.997169646363194,-21.62030192030192,-0.623132273938726,-0.20576906636630735,0.0,moderate,False
395,hole_management,hole_avoidance,-33.525178868152544,-37.114546540143216,-3.589367671990672,-0.7851606618579259,-1.0,high,False
396,surface_management,surface_smoothness,-15.728994469582704,-21.309062776304156,-5.5800683067214525,-1.8426351735509698,-1.6666666666666679,high,False
397,hole_management,hole_avoidance,-38.03395061728395,-38.50375478927203,-0.46980417198808055,-0.10276789349283881,-1.6666666666666679,low/mixed,True
398,hole_management,hole_avoidance,-38.45187603117711,-37.70574378154838,0.7461322496287295,0.1632136199151567,-2.833333333333332,low/mixed,True
399,height_management,stack_height_management,-12.761070200655851,-12.78456528710152,-0.02349508644566889,-0.028612705580238748,-3.5,high,False
400,hole_management,hole_avoidance,-34.21514592933948,-39.68340898232203,-5.46826305298255,-1.1961619511416213,-1.5,high,False
401,hole_management,hole_avoidance,-39.323796144255915,-38.68245936555532,0.6413367787005981,0.14029000527525237,-1.1666666666666643,low/mixed,True
402,hole_management,hole_avoidance,-40.351914921843075,-34.60678443420379,5.745130487639287,1.2567256598801655,1.8333333333333357,moderate,False
403,height_management,stack_height_management,-13.944721477143975,-13.502806823084185,0.44191465405979,0.53817098811044,0.5,high,False
404,hole_management,hole_avoidance,-40.437898291224904,-38.184753818377004,2.2531444728479,0.4928668688269676,-3.5,moderate,False
405,surface_management,surface_smoothness,-18.766740347774828,-18.931432553905672,-0.16469220613084445,-0.054384218103721016,0.0,moderate,False
406,hole_management,hole_avoidance,-37.523557717773514,-37.80385036419519,-0.28029264642167817,-0.06131296091389279,0.5,low/mixed,True
407,height_management,stack_height_management,-13.858779337946004,-13.82380237498772,0.03497696295828412,0.042595525048633565,3.1666666666666643,moderate,False
408,height_management,stack_height_management,-12.968145551766241,-13.185372690581024,-0.21722713881478306,-0.2645428090387301,0.6666666666666643,low/mixed,True
409,height_management,stack_height_management,-13.591111111111111,-13.18776786820265,0.4033432429084609,0.49119808449336205,-1.6666666666666679,moderate,False
410,surface_management,surface_smoothness,-17.613922739944247,-19.701648657238202,-2.0877259172939553,-0.6894032467857094,0.16666666666666785,high,False
411,surface_management,surface_smoothness,-19.216579008882658,-18.998558912214826,0.21802009666783206,0.07199401092944072,0.3333333333333357,high,False
412,hole_management,hole_avoidance,-36.96632495590829,-38.19468162744025,-1.2283566715319552,-0.2686983963063161,-2.0,moderate,False
413,hole_management,hole_avoidance,-41.678020662287906,-38.16518353726363,3.5128371250242765,0.76841989289815,0.1666666666666643,high,False
414,height_management,stack_height_management,-13.288624338624338,-12.857154631748454,0.43146970687588393,0.5254509583601625,-2.0,low/mixed,True
415,height_management,stack_height_management,-13.442189077418963,-13.452542014470728,-0.01035293705176521,-0.012607978286775338,-0.5,moderate,False
416,surface_management,surface_smoothness,-18.2300151623497,-19.410149572649573,-1.1801344102998712,-0.38970081626366815,-4.0,moderate,False
417,hole_management,hole_avoidance,-36.03672535425409,-42.26918466271914,-6.232459308465053,-1.3633270043141261,-0.33333333333333215,low/mixed,True
418,height_management,stack_height_management,-13.19915199476981,-12.990977550440466,0.2081744443293445,0.253518287693866,-2.0,low/mixed,True
419,height_management,stack_height_management,-13.46898394781547,-13.12843364197531,0.34055030584016066,0.4147278052710042,0.3333333333333357,high,False
420,surface_management,surface_smoothness,-19.73524844720497,-17.877637318213655,1.8576111289913158,0.6134153592593273,2.5,moderate,False
421,hole_management,hole_avoidance,-35.57082978509563,-34.85850817353937,0.7123216115562627,0.15581767015665957,0.6666666666666679,high,False
422,hole_management,hole_avoidance,-37.13019157088122,-33.90413498379016,3.2260565870910654,0.7056877301473965,0.8333333333333321,moderate,False
423,surface_management,surface_smoothness,-17.82649413388544,-18.111477794236414,-0.28498366035097433,-0.09410653912918514,-0.3333333333333357,moderate,False
424,hole_management,hole_avoidance,-35.418031135947174,-36.67022452855786,-1.2521933926106854,-0.27391258928095746,-2.0,moderate,False
425,surface_management,surface_smoothness,-22.89293209876543,-19.867550839964633,3.025381258800799,0.9990332760180206,0.8333333333333357,high,False
426,hole_management,hole_avoidance,-41.91639116949462,-39.83753821006164,2.0788529594329788,0.4547412565925476,-1.1666666666666679,high,False
427,hole_management,hole_avoidance,-35.635479894595576,-35.27770156082411,0.3577783337714635,0.0782626632357874,0.0,high,False
428,hole_management,hole_avoidance,-42.44323057365327,-38.9527002810408,3.490530292612469,0.7635403573083354,-1.1666666666666679,moderate,False
429,height_management,stack_height_management,-13.054954740643145,-13.477186775275957,-0.42223203463281145,-0.5142011680370245,2.833333333333332,moderate,False
430,height_management,stack_height_management,-12.896927146927148,-14.053872354497354,-1.1569452075702067,-1.4089470440223402,-0.5,low/mixed,True
431,hole_management,hole_avoidance,-35.700588837685615,-34.15011065323565,1.5504781844499647,0.3391612642523887,1.5,low/mixed,True
432,hole_management,hole_avoidance,-36.735176507188,-38.058966235377525,-1.3237897281895243,-0.2895740180803389,2.6666666666666643,high,False
433,height_management,stack_height_management,-13.779628519073796,-14.0109126984127,-0.23128417933890333,-0.2816617059100494,0.6666666666666643,moderate,False
434,hole_management,hole_avoidance,-38.133236570981666,-38.90438882105549,-0.7711522500738255,-0.16868665079534573,-2.0,low/mixed,True
435,height_management,stack_height_management,-13.822146029040011,-13.258153899240856,0.5639921297991553,0.6868389608538683,-3.666666666666668,high,False
436,surface_management,surface_smoothness,-17.267744677004313,-19.200693041526375,-1.932948364522062,-0.6382930188929617,2.166666666666668,high,False
437,height_management,stack_height_management,-13.472000469791494,-13.28014683007499,0.19185363971650382,0.23364254140539478,-0.5,moderate,False
438,hole_management,hole_avoidance,-41.002349541139864,-41.85513924134614,-0.852789700206273,-0.1865445355917608,1.5,moderate,False
439,height_management,stack_height_management,-13.402961008852358,-13.524092899437726,-0.12113189058536733,-0.1475164234748206,-1.8333333333333321,low/mixed,True
440,surface_management,surface_smoothness,-18.00093067426401,-22.269834028287868,-4.268903354023859,-1.4096658033986913,-0.8333333333333321,high,False
441,surface_management,surface_smoothness,-16.62147955890633,-23.439634997316155,-6.818155438409825,-2.2514729818662986,-3.1666666666666643,moderate,False
442,surface_management,surface_smoothness,-16.54108696352104,-19.09245911232418,-2.5513721488031393,-0.8425072604469933,-1.5,low/mixed,True
443,height_management,stack_height_management,-13.38800220073394,-13.47211340427332,-0.08411120353938095,-0.10243201736827348,3.666666666666668,moderate,False
444,surface_management,surface_smoothness,-22.24313434552565,-17.603290004748338,4.639844340777312,1.5321569400538284,1.0,high,False
445,hole_management,hole_avoidance,-38.888243114909784,-33.699850088183425,5.188393026726359,1.134941436797479,-1.3333333333333321,high,False
446,hole_management,hole_avoidance,-39.770310618500275,-35.370842911877396,4.399467706622879,0.9623669938607414,1.3333333333333321,moderate,False
447,hole_management,hole_avoidance,-38.65141025641026,-37.825579097931836,0.8258311584784224,0.1806474561058845,0.3333333333333357,low/mixed,True
448,surface_management,surface_smoothness,-18.240335775335776,-18.023485195360195,0.21685057997558133,0.07160781626752226,-0.8333333333333321,low/mixed,True
449,surface_management,surface_smoothness,-17.913275798275798,-19.435941746425616,-1.5226659481498181,-0.502810660982335,3.0,high,False
450,height_management,stack_height_management,-12.836747552149852,-13.584831611041288,-0.7480840588914361,-0.911029162451812,3.333333333333332,moderate,False
451,hole_management,hole_avoidance,-40.52646580975385,-35.26482630272953,5.26163950702432,1.1509638285402606,1.5,high,False
452,height_management,stack_height_management,-13.09798958757292,-13.62158662325329,-0.5235970356803694,-0.6376451459011289,-2.6666666666666643,low/mixed,True
453,hole_management,hole_avoidance,-36.485652272856576,-34.81133838383838,1.674313889018194,0.3662498583017436,-1.1666666666666643,low/mixed,True
454,surface_management,surface_smoothness,-16.87322170410062,-17.036020923520923,-0.16279921942030384,-0.05375912111490726,1.0,high,False
455,height_management,stack_height_management,-13.653619130769668,-13.556306536951698,0.09731259381796953,0.11850888919271028,1.0,moderate,False
456,height_management,stack_height_management,-13.157795628700802,-13.599273411773412,-0.4414777830726102,-0.537638959383428,0.1666666666666643,moderate,False
457,hole_management,hole_avoidance,-36.714148620642874,-35.54517783291977,1.1689707877231044,0.2557079578510337,-0.1666666666666643,low/mixed,True
458,hole_management,hole_avoidance,-44.77459877343422,-37.92275314723591,6.851845626198312,1.4988154289110625,3.1666666666666643,high,False
459,surface_management,surface_smoothness,-18.181010039343374,-19.399737366766352,-1.2187273274229788,-0.40244486573261773,-0.16666666666666785,moderate,False
460,hole_management,hole_avoidance,-34.93057577558875,-41.44485789407485,-6.514282118486101,-1.424974682753283,4.0,high,False
461,surface_management,surface_smoothness,-18.861600529100528,-17.543624592999592,1.317975936100936,0.43521847480398224,1.0,low/mixed,True
462,hole_management,hole_avoidance,-43.90783122372796,-39.34724616858237,4.560585055145587,0.9976108071346056,2.333333333333332,high,False
463,hole_management,hole_avoidance,-43.157131964558346,-40.10595238095238,3.0511795836059648,0.6674340441648898,-0.8333333333333321,high,False
464,hole_management,hole_avoidance,-35.22140789318209,-35.06409554685417,0.15731234632792024,0.03441148337215372,-1.6666666666666679,high,False
465,height_management,stack_height_management,-14.344863716530384,-12.49090740039016,1.8539563161402235,2.257778721308895,0.6666666666666679,low/mixed,True
466,hole_management,hole_avoidance,-34.32352335438357,-39.62965643476396,-5.306133080380391,-1.16069663016359,0.33333333333333215,low/mixed,True
467,height_management,stack_height_management,-13.77422634836428,-13.43704822954823,0.3371781188160501,0.41062110003689073,-0.8333333333333321,moderate,False
468,surface_management,surface_smoothness,-21.95415084642346,-18.396025048520876,3.5581257979025835,1.174954747280962,3.1666666666666643,low/mixed,True
469,hole_management,hole_avoidance,-39.35969585969586,-41.63510717677384,-2.2754113170779817,-0.4977376571526122,0.3333333333333357,low/mixed,True
470,hole_management,hole_avoidance,-39.28924331840999,-35.35,3.9392433184099858,0.8616946419943781,2.1666666666666643,high,False
471,hole_management,hole_avoidance,-32.61786061020341,-33.656969600216726,-1.0391089900133181,-0.22730117861926796,-2.666666666666668,high,False
472,hole_management,hole_avoidance,-37.78736160892075,-42.30164801508365,-4.514286406162903,-0.9874831520152816,-0.33333333333333215,low/mixed,True
473,hole_management,hole_avoidance,-42.39278440450104,-34.859003684877464,7.533780719623579,1.647986162652301,0.33333333333333215,high,False
474,hole_management,hole_avoidance,-37.46219189412738,-37.061275516735286,0.4009163773920932,0.08769894783397267,0.6666666666666679,moderate,False
475,hole_management,hole_avoidance,-34.742196539093094,-36.98917734770676,-2.246980808613664,-0.49151859048608115,0.6666666666666679,moderate,False
476,hole_management,hole_avoidance,-39.98105413105413,-40.407326007326006,-0.42627187627187624,-0.09324536773337162,-0.5,low/mixed,True
477,hole_management,hole_avoidance,-40.20572205706264,-36.00989610369546,4.1958259533671765,0.917821127184598,3.833333333333332,high,False
478,surface_management,surface_smoothness,-19.048025742373568,-19.9066912556043,-0.8586655132307328,-0.2835462202296523,0.0,high,False
479,hole_management,hole_avoidance,-37.91471450617284,-36.59546764431822,1.319246861854623,0.2885802831765347,0.0,high,False
480,height_management,stack_height_management,-13.232944832944833,-12.542148785753437,0.6907960471913963,0.8412628725579232,1.3333333333333321,moderate,False
481,surface_management,surface_smoothness,-18.12632894989217,-17.85504396419302,0.2712849856991504,0.08958299956711972,-0.1666666666666643,moderate,False
482,height_management,stack_height_management,-14.142226116795083,-13.480509768009767,0.6617163487853155,0.8058491339969097,-1.1666666666666679,low/mixed,True
483,height_management,stack_height_management,-13.490156435429927,-14.061585553783134,-0.5714291183532065,-0.6958958487437148,2.166666666666668,moderate,False
484,surface_management,surface_smoothness,-18.996048704382037,-20.277395846236427,-1.2813471418543898,-0.42312301271758657,-1.1666666666666679,high,False
485,surface_management,surface_smoothness,-23.369819223985893,-19.851647093120107,3.5181721308657856,1.1617613546291787,-2.5,high,False
486,surface_management,surface_smoothness,-20.249434824434825,-20.499422678770504,-0.2499878543356786,-0.0825503180318778,0.0,moderate,False
487,hole_management,hole_avoidance,-39.131710405251376,-34.977830704241995,4.15387970100938,0.9086455424372597,2.0,high,False
488,surface_management,surface_smoothness,-18.50545043192102,-17.711432351455173,0.7940180804658468,0.26219851856283527,0.16666666666666785,low/mixed,True
489,height_management,stack_height_management,-12.985595669427191,-13.154043307425809,-0.16844763799861795,-0.20513832468275806,-1.6666666666666679,moderate,False
490,height_management,stack_height_management,-13.607220103465933,-13.460120524636654,0.1470995788292786,0.17914030449524676,-0.8333333333333357,low/mixed,True
491,height_management,stack_height_management,-13.531767719859335,-14.032555018786903,-0.5007872989275679,-0.6098670705329078,-1.6666666666666643,moderate,False
492,height_management,stack_height_management,-13.245497557997558,-13.322962196150602,-0.07746463815304416,-0.09433771990915017,0.5,low/mixed,True
493,height_management,stack_height_management,-13.255441500353658,-13.245204733356141,0.010236766997516966,0.012466504469808043,0.6666666666666679,low/mixed,True
494,surface_management,surface_smoothness,-17.26361034798535,-17.31252258041207,-0.048912232426722824,-0.0161516660607572,1.0,low/mixed,True
495,surface_management,surface_smoothness,-19.21753086419753,-21.291227492314448,-2.0736966281169167,-0.6847705325828402,-1.0,low/mixed,True
496,height_management,stack_height_management,-13.452302777182837,-13.223924590734935,0.22837818644790175,0.27812273961593637,5.166666666666668,low/mixed,True
497,surface_management,surface_smoothness,-20.19765501540864,-18.656102914035706,1.5415521013729325,0.5090471957896356,0.5,moderate,False
498,hole_management,hole_avoidance,-39.78728697940592,-37.80263010184917,1.984656877556752,0.43413621839389915,2.0,moderate,False
499,hole_management,hole_avoidance,-34.007479518689195,-33.705380045379165,0.3020994733100295,0.0660831221783094,1.8333333333333321,low/mixed,True
500,height_management,stack_height_management,-12.668773874407933,-13.372051282051283,-0.7032774076433501,-0.8564628801288008,-1.8333333333333321,moderate,False
501,height_management,stack_height_management,-12.979656540777231,-13.563245149911817,-0.5835886091345852,-0.7107038780964798,-2.333333333333332,low/mixed,True
502,hole_management,hole_avoidance,-37.83459222769567,-38.254305725139055,-0.41971349744338227,-0.09181074706135797,-0.6666666666666679,low/mixed,True
503,surface_management,surface_smoothness,-22.409069840079958,-21.7724907243348,0.6365791157451568,0.21020944636234778,-0.5,moderate,False
504,hole_management,hole_avoidance,-35.50114123849756,-39.84192187986306,-4.340780641365498,-0.9495294193320699,-0.33333333333333215,moderate,False
505,height_management,stack_height_management,-13.221238053134606,-13.712414474455631,-0.49117642132102546,-0.5981627845342324,-1.6666666666666643,low/mixed,True
506,surface_management,surface_smoothness,-19.92413167776071,-19.920163329646087,0.003968348114621989,0.0013104172592455984,1.3333333333333321,high,False
507,surface_management,surface_smoothness,-16.708316038739888,-20.04265068861843,-3.3343346498785422,-1.1010550352681652,-1.6666666666666679,high,False
508,hole_management,hole_avoidance,-39.41632773356911,-38.03763698347959,1.3786907500895254,0.30158340988159016,0.0,moderate,False
509,hole_management,hole_avoidance,-36.14139492372251,-34.5893789735169,1.5520159502056075,0.33949764472071037,-0.6666666666666679,high,False
510,surface_management,surface_smoothness,-16.929278007811643,-17.362237060778728,-0.43295905296708526,-0.1429705759593478,-1.0,low/mixed,True
511,surface_management,surface_smoothness,-17.78674302894849,-18.590200042888217,-0.8034570139397275,-0.2653154178306866,-0.3333333333333357,moderate,False
512,surface_management,surface_smoothness,-17.505579297245966,-19.559138749713462,-2.0535594524674963,-0.6781208885089672,0.5,low/mixed,True
513,surface_management,surface_smoothness,-17.73478896794989,-19.661122311827956,-1.926333343878067,-0.6361086245374825,2.333333333333332,moderate,False
514,height_management,stack_height_management,-13.473240892781122,-13.295515873015873,0.17772501976524957,0.21643647392166154,0.33333333333333215,low/mixed,True
515,hole_management,hole_avoidance,-39.49119651308799,-35.572624295464486,3.918572217623506,0.8571729165379712,-1.1666666666666679,moderate,False
516,hole_management,hole_avoidance,-43.12387794198139,-40.47398653949379,2.6498914024876044,0.579653765665888,-2.5,high,False
517,hole_management,hole_avoidance,-37.40567951265269,-38.89314814814815,-1.4874686354954605,-0.32537816269203773,-1.1666666666666643,moderate,False
518,surface_management,surface_smoothness,-18.150759527643586,-19.591444348164778,-1.4406848205211915,-0.47573907313924024,1.3333333333333321,moderate,False
519,height_management,stack_height_management,-13.253945045526391,-12.976679292929294,0.2772657525970974,0.33765882772508393,-1.8333333333333357,high,False
520,hole_management,hole_avoidance,-38.58467059760163,-36.39327232367462,2.191398273927007,0.47936012032910413,0.33333333333333215,low/mixed,True
521,hole_management,hole_avoidance,-37.02223706077873,-34.84754789272031,2.1746891680584213,0.47570506634140364,1.1666666666666643,low/mixed,True
522,hole_management,hole_avoidance,-37.74598044702211,-38.85067382637275,-1.1046933793506355,-0.24164751681734872,-1.1666666666666679,moderate,False
523,hole_management,hole_avoidance,-33.74076225776001,-38.586610885274055,-4.845848627514044,-1.0600111393804676,0.6666666666666679,high,False
524,hole_management,hole_avoidance,-42.787297979797984,-37.86050968906572,4.9267882907322615,1.0777163859170331,3.1666666666666643,high,False
525,height_management,stack_height_management,-13.503537511870846,-12.85331289081289,0.650224621057955,0.7918543175559664,1.6666666666666679,high,False
526,hole_management,hole_avoidance,-40.65290799044922,-42.17532234790299,-1.5224143574537692,-0.3330224077762064,0.33333333333333215,low/mixed,True
527,height_management,stack_height_management,-13.380158426077966,-13.055684439017773,0.3244739870601929,0.3951497978808644,-2.5,high,False
528,surface_management,surface_smoothness,-16.16576448243115,-19.61972321354248,-3.453958731111328,-1.1405569781776703,-0.5,low/mixed,True
529,hole_management,hole_avoidance,-40.808584995251664,-32.6953835978836,8.113201397368066,1.7747322539992816,0.5,low/mixed,True
530,surface_management,surface_smoothness,-17.373786043546016,-19.423196143863553,-2.0494101003175373,-0.6767507005831753,-1.1666666666666643,high,False
531,surface_management,surface_smoothness,-18.011036363079374,-16.315927068100983,1.6951092949783906,0.5597544399551536,-1.0,high,False
532,hole_management,hole_avoidance,-41.91005731922399,-34.72678482950222,7.183272489721766,1.5713138072611552,0.1666666666666643,moderate,False
533,hole_management,hole_avoidance,-39.47819664902998,-39.59913724685276,-0.12094059782278066,-0.026455300350817463,3.166666666666668,high,False
534,hole_management,hole_avoidance,-40.9155818245872,-32.506800766283526,8.408781058303674,1.839389191772177,1.0,low/mixed,True
535,surface_management,surface_smoothness,-18.382188652396987,-18.86550283791107,-0.48331418551408234,-0.15959871262358055,0.0,high,False
536,height_management,stack_height_management,-13.099233716475096,-13.246315047604403,-0.1470813311293071,-0.1791180821438624,-1.5,low/mixed,True
537,surface_management,surface_smoothness,-18.918869427720004,-19.867174864948478,-0.9483054372284734,-0.31314687524559776,-2.333333333333332,low/mixed,True
538,hole_management,hole_avoidance,-40.264886241897734,-41.40988255571589,-1.1449963138181545,-0.25046363196438903,2.5,low/mixed,True
539,surface_management,surface_smoothness,-17.732993421178538,-21.683189102564103,-3.9501956813855656,-1.304423011482237,-2.0,moderate,False
540,hole_management,hole_avoidance,-36.05550970534841,-40.33225853403265,-4.276748828684234,-0.9355227014310025,-2.833333333333332,low/mixed,True
541,surface_management,surface_smoothness,-18.826452482702482,-19.532344322344322,-0.7058918396418399,-0.23309770794022358,-2.1666666666666643,high,False
542,hole_management,hole_avoidance,-37.22794908635426,-38.40219036240541,-1.1742412760511556,-0.2568608573258518,-2.3333333333333357,low/mixed,True
543,surface_management,surface_smoothness,-22.705714669120464,-20.063301451634786,2.6424132174856787,0.8725705976986264,2.3333333333333357,high,False
544,surface_management,surface_smoothness,-19.481935608251398,-19.920815295815295,-0.4388796875638974,-0.14492567201877915,-1.8333333333333357,high,False
545,height_management,stack_height_management,-13.540820083938364,-13.229811685725664,0.31100839821269943,0.37875118066152225,-0.8333333333333357,high,False
546,surface_management,surface_smoothness,-16.70324438970991,-19.64249771062271,-2.939253320912801,-0.9705923396254189,-0.3333333333333357,high,False
547,surface_management,surface_smoothness,-18.82062169312169,-19.30870178826241,-0.48808009514072026,-0.1611724985038412,-0.3333333333333357,high,False
548,height_management,stack_height_management,-13.018882866259178,-12.677563070316694,0.34131979594248385,0.4156649030678391,-1.6666666666666679,low/mixed,True
549,hole_management,hole_avoidance,-38.4598371998372,-36.26806085055992,2.1917763492772835,0.4794428228882685,1.8333333333333357,low/mixed,True
550,surface_management,surface_smoothness,-19.03763905847239,-19.814652014652015,-0.7770129561796253,-0.25658313208044153,-0.5,high,False
551,hole_management,hole_avoidance,-41.81090358724135,-35.363580151841184,6.447323435400165,1.4103277229728348,-0.6666666666666679,high,False
552,height_management,stack_height_management,-13.583584915447661,-13.859724164724165,-0.276139249276504,-0.33628695331543507,-2.166666666666668,moderate,False
553,height_management,stack_height_management,-12.68313349023494,-13.466362291631109,-0.7832288013961684,-0.953829012212168,0.6666666666666679,low/mixed,True
554,height_management,stack_height_management,-13.380625423219126,-13.000843824119686,0.37978159909943976,0.46250432425319693,-0.16666666666666785,low/mixed,True
555,hole_management,hole_avoidance,-41.381185762938635,-35.23713200379867,6.144053759139965,1.343988623305779,0.6666666666666679,high,False
556,hole_management,hole_avoidance,-37.09545292829775,-35.87471554866809,1.2207373796296608,0.2670317048944618,0.0,high,False
557,hole_management,hole_avoidance,-43.910503253664174,-35.51586615880095,8.394637094863228,1.8362952530311407,0.5,high,False
558,height_management,stack_height_management,-13.327519863648895,-13.071890561129692,0.25562930251920335,0.31130960031058175,-1.1666666666666679,moderate,False
559,height_management,stack_height_management,-12.758103448275861,-13.364997929403227,-0.606894481127366,-0.7390861551807633,-0.5,low/mixed,True
560,hole_management,hole_avoidance,-41.529137742053344,-45.01699900819171,-3.487861266138367,-0.7629565178178103,-4.0,high,False
561,hole_management,hole_avoidance,-36.28214443602375,-35.272462851763926,1.0096815842598232,0.2208640444247201,-2.5,high,False
562,hole_management,hole_avoidance,-41.093484383000515,-43.69175580860363,-2.598271425603116,-0.5683620901064327,-0.6666666666666679,high,False
563,surface_management,surface_smoothness,-19.388154596449052,-18.134535972754364,1.2536186236946882,0.4139665759030106,0.33333333333333215,moderate,False
564,surface_management,surface_smoothness,-17.74168895812574,-17.90602453102453,-0.16433557289879275,-0.05426645163540662,-1.1666666666666679,moderate,False
565,hole_management,hole_avoidance,-34.71373897707231,-42.88522562792678,-8.171486650854469,-1.787481933716144,0.1666666666666643,moderate,False
566,hole_management,hole_avoidance,-42.03172676089343,-37.58846640667761,4.443260354215816,0.9719464706128436,1.1666666666666679,low/mixed,True
567,surface_management,surface_smoothness,-21.214025172358504,-18.311462275348074,2.90256289701043,0.9584765263595546,3.666666666666668,low/mixed,True
568,surface_management,surface_smoothness,-19.25021425434469,-19.920705804505154,-0.6704915501604631,-0.22140791939880036,0.0,moderate,False
569,height_management,stack_height_management,-13.052278669043375,-13.117770245931165,-0.06549157688779061,-0.07975672751020488,-1.0,moderate,False
570,hole_management,hole_avoidance,-46.75268994290734,-37.580202427998124,9.172487514909214,2.0064471032847693,0.0,high,False
571,hole_management,hole_avoidance,-39.83413031413031,-34.026373780309314,5.807756533820999,1.2704248716531148,0.6666666666666643,high,False
572,height_management,stack_height_management,-13.218482946026986,-13.006178458389853,0.21230448763713383,0.2585479228677002,0.6666666666666643,low/mixed,True
573,hole_management,hole_avoidance,-37.41591467493767,-39.414862719230534,-1.9989480442928667,-0.4372623573015432,-0.8333333333333321,low/mixed,True
574,surface_management,surface_smoothness,-18.17330181514392,-18.169544498711165,0.00375731643275401,0.001240730943887207,-0.8333333333333321,high,False
575,height_management,stack_height_management,-12.722618258178603,-12.517293841424276,0.20532441675432622,0.2500474768888863,-4.833333333333332,moderate,False
576,hole_management,hole_avoidance,-36.61735147993769,-43.21885534453469,-6.6015038645969994,-1.4440541112663439,-0.8333333333333321,low/mixed,True
577,surface_management,surface_smoothness,-20.11608332205292,-19.65536864188825,0.46071468016467065,0.152135964647625,-1.0,high,False
578,surface_management,surface_smoothness,-21.550885225885224,-20.70491436082834,0.8459708650568842,0.2793542275952948,1.1666666666666643,low/mixed,True
579,height_management,stack_height_management,-14.082280326810482,-14.103570928858286,-0.021290602047804086,-0.02592804795285798,0.8333333333333321,low/mixed,True
580,hole_management,hole_avoidance,-35.02013917542653,-35.60251653439153,-0.5823773589650045,-0.12739285423007013,1.3333333333333357,moderate,False
581,hole_management,hole_avoidance,-36.20012695371891,-37.90881455834126,-1.7086876046223551,-0.37376897914993223,0.33333333333333215,low/mixed,True
582,height_management,stack_height_management,-13.14988175404842,-13.481783622557641,-0.3319018685092203,-0.4041955949873107,2.166666666666668,moderate,False
583,surface_management,surface_smoothness,-19.03851376380112,-20.495858727000968,-1.4573449631998479,-0.48124054072147254,-2.0,low/mixed,True
584,surface_management,surface_smoothness,-19.24052129251981,-17.426168430335096,1.8143528621847125,0.5991307305445344,1.1666666666666643,high,False
585,surface_management,surface_smoothness,-17.083966218966218,-19.01204208870134,-1.928075869735121,-0.636684036747251,0.6666666666666679,high,False
586,surface_management,surface_smoothness,-17.847088426686128,-20.923564060460613,-3.0764756337744856,-1.0159055233315009,0.0,low/mixed,True
587,surface_management,surface_smoothness,-20.072405582922823,-17.333360734556507,2.7390448483663157,0.9044800353884443,2.3333333333333357,low/mixed,True
588,hole_management,hole_avoidance,-40.325811965811965,-38.02943069063759,2.296381275174376,0.5023247565201636,1.1666666666666679,moderate,False
589,hole_management,hole_avoidance,-37.88330066917386,-36.186013805266676,1.6972868639071876,0.37127511004996705,-0.8333333333333321,moderate,False
590,height_management,stack_height_management,-13.618253968253969,-13.266025992685476,0.3522279755684927,0.42894906496173524,3.0,high,False
591,surface_management,surface_smoothness,-20.57904132904133,-20.602806268629404,-0.02376493958807302,-0.007847594541011265,4.166666666666664,high,False
592,hole_management,hole_avoidance,-38.846394913696706,-39.4900607402392,-0.6436658265424953,-0.1407994757202315,-1.1666666666666643,low/mixed,True
593,surface_management,surface_smoothness,-22.685671761189003,-17.05272906637849,5.632942694810513,1.8600952120160064,-0.33333333333333215,moderate,False
594,hole_management,hole_avoidance,-39.153252119246744,-39.118186134852806,0.035065984393938265,0.00767055203909348,-1.8333333333333321,high,False
595,height_management,stack_height_management,-13.18460291998523,-13.75112887112887,-0.5665259511436407,-0.6899246904718604,-0.8333333333333321,moderate,False
596,surface_management,surface_smoothness,-16.928246484698096,-20.63718253968254,-3.708936054984445,-1.2247549054432865,-2.0,low/mixed,True
597,surface_management,surface_smoothness,-17.809966202379997,-18.89969135802469,-1.0897251556446932,-0.35984611494370566,-1.5,high,False
598,surface_management,surface_smoothness,-18.91653778320445,-16.779294950738915,2.1372428324655353,0.7057545895588773,0.8333333333333357,moderate,False
599,hole_management,hole_avoidance,-36.60202075702075,-40.43070393374741,-3.8286831767266563,-0.8375100273346474,1.1666666666666679,high,False
600,surface_management,surface_smoothness,-16.93494856398082,-18.887143603522915,-1.9521950395420937,-0.6446486042400258,-1.8333333333333321,high,False
601,height_management,stack_height_management,-12.628195094372005,-13.674163175534144,-1.0459680811621386,-1.2737972606241037,1.6666666666666679,low/mixed,True
602,hole_management,hole_avoidance,-33.65516302288416,-37.52189589942186,-3.8667328765376965,-0.8458332558855312,1.5,high,False
603,height_management,stack_height_management,-13.528869086160753,-13.803580157071536,-0.27471107091078295,-0.3345476940371626,0.0,low/mixed,True
604,surface_management,surface_smoothness,-17.785096234951308,-18.091245225613044,-0.30614899066173606,-0.10109569767469197,-0.6666666666666679,high,False
605,hole_management,hole_avoidance,-40.08057929724596,-42.8088013136289,-2.7282220163829365,-0.5967882924879027,2.1666666666666643,low/mixed,True
606,surface_management,surface_smoothness,-17.47464819817434,-23.543074209740876,-6.068426011566537,-2.0038993435859935,-3.166666666666668,moderate,False
607,hole_management,hole_avoidance,-35.34070512820513,-45.17527566090784,-9.834570532702713,-2.151275270238012,-4.0,moderate,False
608,surface_management,surface_smoothness,-18.81694612858406,-18.10585360999154,0.711092518592519,0.234815062179297,1.6666666666666679,high,False
609,surface_management,surface_smoothness,-14.951442182764023,-20.106149097815763,-5.15470691505174,-1.7021734769052326,-1.5,high,False
610,hole_management,hole_avoidance,-39.76550087593566,-36.309138078170335,3.4563627977653226,0.7560663464741836,3.0,high,False
611,surface_management,surface_smoothness,-18.318388519087442,-18.4588832815735,-0.14049476248605686,-0.046393803234391226,-0.6666666666666643,low/mixed,True
612,surface_management,surface_smoothness,-17.907793209876544,-19.004563444218615,-1.0967702343420704,-0.36217252191485066,-0.8333333333333321,low/mixed,True
613,height_management,stack_height_management,-12.900197881828317,-13.532578764085994,-0.6323808822576762,-0.7701239167794596,3.0,moderate,False
614,surface_management,surface_smoothness,-15.387962612100543,-16.119320919897195,-0.7313583077966523,-0.24150717667587496,1.6666666666666643,high,False
615,height_management,stack_height_management,-12.137765462506842,-13.341852914403516,-1.2040874518966742,-1.4663576502962978,1.3333333333333357,high,False
616,surface_management,surface_smoothness,-18.524120247568522,-17.789509793273236,0.7346104542952858,0.24258109176051726,3.8333333333333357,moderate,False
617,hole_management,hole_avoidance,-32.8849282901007,-34.73031066456019,-1.84538237445949,-0.4036704453038071,-1.3333333333333357,high,False
618,hole_management,hole_avoidance,-42.37416387959866,-34.68753019323671,7.686633686361951,1.6814221735318124,1.8333333333333321,high,False
619,hole_management,hole_avoidance,-36.21762884837597,-36.413532763532764,-0.19590391515679073,-0.042853243730185495,-0.6666666666666679,high,False
620,hole_management,hole_avoidance,-34.66376737808189,-40.95254496669414,-6.288777588612248,-1.3756464160200181,-2.333333333333332,high,False
621,height_management,stack_height_management,-13.093401658727746,-12.760386904761905,0.33301475396584124,0.40555088533656986,3.666666666666668,high,False
622,surface_management,surface_smoothness,-21.826733062040407,-22.25805091959515,-0.43131785755474183,-0.14242862481695556,-1.0,high,False
623,height_management,stack_height_management,-13.116533220217597,-12.79818137066932,0.3183518495482769,0.387694157376827,-2.166666666666668,low/mixed,True
624,hole_management,hole_avoidance,-35.772458616868384,-37.21653115008695,-1.4440725332185664,-0.3158854287345595,-1.0,moderate,False
625,height_management,stack_height_management,-12.909656084656085,-12.558411033411033,0.35124505124505134,0.42775204343388007,0.5,high,False
626,hole_management,hole_avoidance,-33.29514587944123,-39.68634615384615,-6.391200274404923,-1.3980509928466776,-2.8333333333333357,moderate,False
627,hole_management,hole_avoidance,-41.96227149990591,-36.932967401626826,5.029304098279084,1.1001413327767462,-1.8333333333333321,low/mixed,True
628,height_management,stack_height_management,-13.22749924280284,-14.149379768805057,-0.9218805260022158,-1.1226813798558928,0.33333333333333215,high,False
629,height_management,stack_height_management,-13.731850398696663,-13.516067778914296,0.21578261978236668,0.262783649825796,0.33333333333333215,high,False
630,hole_management,hole_avoidance,-39.053395061728395,-34.119309647630004,4.934085414098391,1.079312604174783,3.666666666666668,low/mixed,True
631,height_management,stack_height_management,-13.43048233459028,-13.229161579161579,0.20132075542870176,0.24517175178704487,3.0,high,False
632,hole_management,hole_avoidance,-42.28353038936372,-39.06082349749016,3.222706891873557,0.7049549969324281,1.5,low/mixed,True
633,hole_management,hole_avoidance,-39.996383712905455,-33.7978550207962,6.198528692109257,1.3559048097579498,2.5,high,False
634,surface_management,surface_smoothness,-18.157478632478632,-15.443605275099529,2.7138733573791036,0.8961679732210531,-2.0,high,False
635,height_management,stack_height_management,-12.950560707041436,-13.579815422976342,-0.6292547159349056,-0.7663168196319288,-2.833333333333332,moderate,False
636,hole_management,hole_avoidance,-38.382445542753544,-35.783096638775405,2.5993489039781394,0.5685977844435364,3.5,moderate,False
637,hole_management,hole_avoidance,-34.875962349513074,-37.74074134890227,-2.864778999389195,-0.6266596182913836,-0.6666666666666679,low/mixed,True
638,hole_management,hole_avoidance,-38.41875901875902,-33.14090889740315,5.277850121355868,1.1545098393813908,0.33333333333333215,high,False
639,hole_management,hole_avoidance,-39.01898988293871,-39.19014563346026,-0.17115575052154952,-0.03743967590975704,-0.8333333333333357,moderate,False
640,hole_management,hole_avoidance,-40.663797590292155,-41.0292269856786,-0.3654293953864425,-0.07993630415265703,-1.8333333333333357,low/mixed,True
641,hole_management,hole_avoidance,-41.949298515104964,-40.85571869488536,1.0935798202196025,0.2392164676074806,0.8333333333333321,high,False
642,height_management,stack_height_management,-13.07020340238731,-13.263747650816615,-0.19354424842930484,-0.23570139270873525,2.0,low/mixed,True
643,surface_management,surface_smoothness,-18.563406373736207,-19.026117886717163,-0.46271151298095603,-0.15279535341864706,3.3333333333333357,low/mixed,True
644,surface_management,surface_smoothness,-16.967801801384255,-18.97667955501289,-2.008877753628635,-0.6633662178904509,-4.166666666666668,low/mixed,True
645,hole_management,hole_avoidance,-36.34257226710719,-38.52057597574839,-2.1780037086412065,-0.4764301096124072,1.8333333333333321,high,False
646,surface_management,surface_smoothness,-18.746148205659075,-16.929276753712237,1.816871451946838,0.5999624124932746,0.8333333333333357,moderate,False
647,surface_management,surface_smoothness,-19.361064747738176,-18.56064282673478,0.8004219210033945,0.2643131775905901,-1.5,high,False
648,hole_management,hole_avoidance,-37.49487768936045,-35.45838578620188,2.03649190315857,0.4454749350504668,3.0,moderate,False
649,surface_management,surface_smoothness,-17.36484126984127,-18.791333648651865,-1.4264923788105932,-0.47105248314480963,0.5,high,False
650,hole_management,hole_avoidance,-40.06108460505012,-38.66168792892931,1.3993966761208085,0.3061127532291573,0.5,low/mixed,True
651,surface_management,surface_smoothness,-17.8004717696097,-21.919594356261022,-4.119122586651322,-1.3602056005639611,-1.8333333333333357,high,False
652,height_management,stack_height_management,-13.070714215541802,-13.688667582417583,-0.6179533668757813,-0.7525538494876823,1.5,low/mixed,True
653,surface_management,surface_smoothness,-16.309173480840148,-18.538186758893282,-2.2290132780531344,-0.7360587796936947,-1.5,moderate,False
654,height_management,stack_height_management,-13.914814814814815,-13.832640628435957,0.08217418637885743,0.10007308577438073,1.3333333333333321,high,False
655,hole_management,hole_avoidance,-39.765398196417564,-37.198735246235245,2.5666629501823195,0.5614478551353609,-1.8333333333333357,high,False
656,hole_management,hole_avoidance,-42.48157113157113,-32.3836315041404,10.097939627430726,2.208886267947501,-2.166666666666668,high,False
657,hole_management,hole_avoidance,-36.82231444883619,-38.12201499982609,-1.299700550989904,-0.28430460127992035,-0.1666666666666643,moderate,False
658,hole_management,hole_avoidance,-35.813509115405665,-35.47923163160464,0.3342774838010243,0.07312194080130345,1.5,high,False
659,hole_management,hole_avoidance,-33.4007172595391,-39.576023869359055,-6.175306609819955,-1.3508250667039665,1.3333333333333357,low/mixed,True
660,height_management,stack_height_management,-13.152702517788725,-13.731160477453582,-0.5784579596648562,-0.7044556881588844,-0.1666666666666643,high,False
661,hole_management,hole_avoidance,-40.98202824208571,-41.43296296296296,-0.4509347208772496,-0.09864027211855395,-2.5,moderate,False
662,height_management,stack_height_management,-13.568020913739304,-13.970833333333333,-0.4028124195940297,-0.49055163906546084,-0.33333333333333215,low/mixed,True
663,hole_management,hole_avoidance,-37.0359015984016,-37.04936078079194,-0.01345918239034205,-0.002944145464988455,-0.1666666666666643,high,False
664,hole_management,hole_avoidance,-42.129744244686776,-34.521377836722664,7.6083664079641125,1.6643015011113738,0.8333333333333321,low/mixed,True
665,height_management,stack_height_management,-14.202309123332482,-14.462250843824119,-0.25994172049163744,-0.31656133437291517,-0.6666666666666643,high,False
666,height_management,stack_height_management,-13.554906328239662,-13.454093745760412,0.10081258247925007,0.12277123337820506,1.1666666666666679,low/mixed,True
667,hole_management,hole_avoidance,-32.31119601028203,-37.429632904345546,-5.118436894063514,-1.119638796209501,-1.3333333333333321,low/mixed,True
668,hole_management,hole_avoidance,-38.33069592315977,-40.66144814317228,-2.3307522200125064,-0.5098432712737168,-2.8333333333333357,high,False
669,hole_management,hole_avoidance,-42.20392745185849,-37.12918645073068,5.074741001127812,1.1100804841743226,1.5,moderate,False
670,height_management,stack_height_management,-13.449989087670247,-13.493560642647864,-0.043571554977617666,-0.053062161619651264,2.5,low/mixed,True
671,hole_management,hole_avoidance,-39.19907788779603,-36.325580592247256,2.8734972955487734,0.6285667127460266,2.5,moderate,False
672,hole_management,hole_avoidance,-35.04614242786286,-38.01259783213806,-2.9664554042752016,-0.6489009489799604,1.6666666666666643,low/mixed,True
673,hole_management,hole_avoidance,-37.02673948910508,-41.92422947422948,-4.897489985124395,-1.0713074918931922,-3.0,moderate,False
674,surface_management,surface_smoothness,-20.823471800998682,-17.85481895499137,2.9686528460073127,0.9803005718632909,-1.1666666666666643,moderate,False
675,hole_management,hole_avoidance,-37.36521739130435,-39.316838191608305,-1.9516208003039566,-0.4269097008979613,1.5,low/mixed,True
676,surface_management,surface_smoothness,-20.57571403692093,-22.653544679273267,-2.0778306423523354,-0.6861356556636754,0.5,low/mixed,True
677,height_management,stack_height_management,-13.748898385565052,-13.101595819304153,0.6473025662608993,0.7882957908065196,3.666666666666668,low/mixed,True
678,hole_management,hole_avoidance,-39.08534798534799,-36.22995758073344,2.855390404614546,0.6246058985388204,0.0,low/mixed,True
679,surface_management,surface_smoothness,-21.464322066822067,-19.528272154245457,1.9360499125766104,0.6393172037637608,2.833333333333332,moderate,False
680,surface_management,surface_smoothness,-20.110739668535366,-19.1631700517722,0.9475696167631646,0.31290389458724926,0.6666666666666679,high,False
681,surface_management,surface_smoothness,-20.59206990115036,-18.15643794013964,2.4356319610107207,0.8042878464009654,2.5,low/mixed,True
682,surface_management,surface_smoothness,-16.745042314007833,-20.20166498177251,-3.4566226677646767,-1.1414366561865685,1.3333333333333321,low/mixed,True
683,hole_management,hole_avoidance,-36.48223559196678,-35.061986537748496,1.4202490542182815,0.3106741324147127,0.16666666666666785,moderate,False
684,surface_management,surface_smoothness,-19.282582119617423,-19.25903053764123,0.023551581976192892,0.007777140163289472,-0.1666666666666643,moderate,False
685,height_management,stack_height_management,-13.3373709961882,-13.374894358515048,-0.03752336232684783,-0.04569657239276242,-2.666666666666668,low/mixed,True
686,height_management,stack_height_management,-12.754463953920476,-13.352981740481741,-0.5985177865612652,-0.7288848777387894,-1.3333333333333357,low/mixed,True
687,surface_management,surface_smoothness,-22.265114339683304,-19.487599715099716,2.7775146245835884,0.9171834215981071,0.5,high,False
688,surface_management,surface_smoothness,-16.16886025851543,-16.759371184371183,-0.590510925855753,-0.19499693239190224,0.1666666666666643,high,False
689,hole_management,hole_avoidance,-38.34486693466454,-36.727709039473964,1.617157895190573,0.35374719988281556,1.3333333333333321,high,False
690,surface_management,surface_smoothness,-20.081747715885648,-19.15624618351123,0.9255015323744189,0.30561663101403946,0.8333333333333321,low/mixed,True
691,height_management,stack_height_management,-13.592265548072,-12.99732308754048,0.5949424605315201,0.7245307864576604,-3.5,low/mixed,True
692,height_management,stack_height_management,-13.269815965033356,-13.000931899641577,0.268884065391779,0.3274514701643443,1.6666666666666679,low/mixed,True
693,surface_management,surface_smoothness,-20.374695286174706,-16.76057701777205,3.614118268402656,1.1934444305475937,1.8333333333333321,high,False
694,surface_management,surface_smoothness,-19.76209025117071,-18.323986475423258,1.4381037757474537,0.4748867674642595,2.3333333333333357,moderate,False
695,surface_management,surface_smoothness,-20.78035159285159,-21.319032164829267,-0.5386805719776753,-0.17788165210074514,1.8333333333333357,high,False
696,hole_management,hole_avoidance,-37.18088684396805,-42.03910137701804,-4.8582145330499955,-1.0627161346504828,-0.6666666666666643,low/mixed,True
697,hole_management,hole_avoidance,-40.21219937315599,-42.355921855921856,-2.1437224827658667,-0.46893122054411207,-4.0,low/mixed,True
698,hole_management,hole_avoidance,-37.67128581720536,-36.873538868538866,0.797746948666493,0.1745041409655155,-0.1666666666666643,high,False
699,hole_management,hole_avoidance,-35.009035030349224,-34.438859416445624,0.5701756139036007,0.12472376844568732,-2.166666666666668,high,False
700,hole_management,hole_avoidance,-36.40283417299546,-36.465549185114405,-0.06271501211894304,-0.013718672736701775,-2.333333333333332,high,False
701,height_management,stack_height_management,-13.51481448658868,-12.919407464562386,0.5954070220262935,0.7250965371436433,-0.6666666666666679,low/mixed,True
702,height_management,stack_height_management,-13.025214348790787,-12.914813281190092,0.11040106760069435,0.13444824943749092,0.16666666666666785,high,False
703,height_management,stack_height_management,-12.552115337833728,-13.298406148980861,-0.7462908111471336,-0.9088453156352102,1.5,high,False
704,height_management,stack_height_management,-13.007208988098544,-13.311629043028343,-0.30442005492979973,-0.37072778704468784,0.0,low/mixed,True
705,hole_management,hole_avoidance,-41.061151062645315,-40.203349613349616,0.8578014492956996,0.1876408368324575,-0.16666666666666785,moderate,False
706,surface_management,surface_smoothness,-20.83430423362979,-20.577223126208928,0.25708110742086276,0.08489263302001432,0.8333333333333321,low/mixed,True
707,surface_management,surface_smoothness,-18.29953304597701,-17.124893504295386,1.1746395416816249,0.3878863155024811,0.0,moderate,False
708,height_management,stack_height_management,-12.604068981664458,-13.485603407120472,-0.8815344254560138,-1.0735472300876552,-0.5,low/mixed,True
709,height_management,stack_height_management,-13.556001201678363,-13.480490681094128,0.0755105205842348,0.09195796315469816,-0.33333333333333215,moderate,False
710,surface_management,surface_smoothness,-16.10110311144794,-19.90023974003859,-3.7991366285906487,-1.2545406966675732,-1.5,low/mixed,True
711,hole_management,hole_avoidance,-37.34682200515534,-37.400335399667384,-0.053513394512044954,-0.011705853535488885,-2.0,low/mixed,True
712,surface_management,surface_smoothness,-19.568308397201612,-16.58614257639745,2.9821658208041626,0.984762790117858,-1.6666666666666679,low/mixed,True
713,surface_management,surface_smoothness,-17.694586894586894,-18.638387585307875,-0.9438006907209804,-0.31165932994930823,-1.3333333333333321,high,False
714,surface_management,surface_smoothness,-18.419734666142713,-23.76068181818182,-5.3409471520391065,-1.7636732279011158,-0.16666666666666785,high,False
715,surface_management,surface_smoothness,-19.77846073679407,-16.88986740239498,2.88859333439909,0.9538635349028423,2.5,high,False
716,height_management,stack_height_management,-13.578968253968254,-13.553663003663004,0.02530525030524977,0.030817153122321497,1.5,high,False
717,hole_management,hole_avoidance,-34.186587036152254,-37.72452094840026,-3.5379339122480076,-0.7739097205970115,3.166666666666668,low/mixed,True
718,height_management,stack_height_management,-12.983204707170223,-13.073954780851333,-0.0907500736811091,-0.11051694343100445,1.8333333333333321,low/mixed,True
719,surface_management,surface_smoothness,-17.9717110799439,-19.123009987171656,-1.1512989072277549,-0.38017883386361095,-1.1666666666666679,low/mixed,True
720,hole_management,hole_avoidance,-37.1792247314733,-37.498037918871255,-0.31881318739795717,-0.06973918419663794,-0.6666666666666679,low/mixed,True
721,height_management,stack_height_management,-13.426757655924323,-13.680360460795244,-0.2536028048709209,-0.3088416978960307,-1.8333333333333321,low/mixed,True
722,hole_management,hole_avoidance,-41.269122852456185,-45.14513354700855,-3.876010694552363,-0.8478627436389975,1.8333333333333321,moderate,False
723,height_management,stack_height_management,-12.95881090235929,-13.761309472877883,-0.8024985705185941,-0.9772960563438903,0.1666666666666643,high,False
724,height_management,stack_height_management,-13.467284928964089,-13.564399855489956,-0.09711492652586706,-0.11826816668909874,2.5,moderate,False
725,height_management,stack_height_management,-13.675140654552418,-13.25419006919007,0.4209505853623483,0.5126405978822153,-2.5,low/mixed,True
726,hole_management,hole_avoidance,-37.34807691535396,-38.211835448502114,-0.8637585331481574,-0.18894392649274436,-3.0,high,False
727,hole_management,hole_avoidance,-39.03298382076845,-39.92702482702482,-0.8940410062563728,-0.19556810345123204,-1.5,low/mixed,True
728,hole_management,hole_avoidance,-37.655694614027944,-37.03809043778802,0.6176041762399223,0.1350985878562336,1.8333333333333321,moderate,False
729,hole_management,hole_avoidance,-42.37881630714964,-40.03537394916705,2.343442357982589,0.5126191911677443,0.5,low/mixed,True
730,height_management,stack_height_management,-13.561385836385837,-13.094939827782966,0.4664460086028708,0.5680456781503658,-0.3333333333333357,low/mixed,True
731,hole_management,hole_avoidance,-36.96155518417128,-39.45436245732871,-2.492807273157432,-0.5452922039026007,-1.8333333333333357,moderate,False
732,height_management,stack_height_management,-13.450257047498427,-13.490387398893146,-0.0401303513947191,-0.04887140687666159,-2.5,low/mixed,True
733,surface_management,surface_smoothness,-21.461169507838672,-19.19777777777778,2.263391730060892,0.7474111398082517,3.5,moderate,False
734,surface_management,surface_smoothness,-16.437315492832735,-15.861240026469911,0.5760754663628234,0.19023009371790206,-1.0,high,False
735,hole_management,hole_avoidance,-38.10910844500945,-38.08848690225502,0.020621542754426514,0.004510884823514707,-3.5,low/mixed,True
736,height_management,stack_height_management,-13.148204613984184,-12.888019511352844,0.26018510263133976,0.31685772917541544,-1.6666666666666679,moderate,False
737,surface_management,surface_smoothness,-19.452027166107626,-21.87826224709799,-2.426235080990363,-0.8011848339116213,-0.8333333333333321,high,False
738,surface_management,surface_smoothness,-18.611128880004443,-21.38015873015873,-2.7690298501542863,-0.9143816021680033,1.5,high,False
739,hole_management,hole_avoidance,-38.13444914600087,-37.03719514441497,1.0972540015858954,0.2400201809455864,2.333333333333332,high,False
740,height_management,stack_height_management,-12.56431623931624,-13.619615384615384,-1.055299145299145,-1.2851607851431506,1.1666666666666679,moderate,False
741,hole_management,hole_avoidance,-40.68355921855922,-39.780064102564104,0.9034951159951135,0.19763615435548235,0.3333333333333357,moderate,False
742,surface_management,surface_smoothness,-18.910510200740084,-20.51429122574956,-1.603781025009475,-0.5295962638658797,0.1666666666666643,low/mixed,True
743,height_management,stack_height_management,-13.685686227352894,-12.732566216891554,0.9531200104613404,1.1607253416593255,-0.5,high,False
744,hole_management,hole_avoidance,-40.83808672586784,-39.37052469135803,1.467562034509811,0.3210236686882051,1.6666666666666679,moderate,False
745,hole_management,hole_avoidance,-35.5192857844582,-37.84752431476569,-2.3282385303074946,-0.5092934111164825,0.0,high,False
746,hole_management,hole_avoidance,-42.27026228949018,-41.708910595577265,0.5613516939129113,0.12279356917573382,-2.0,moderate,False
747,surface_management,surface_smoothness,-17.76669719169719,-16.994278530377667,0.7724186613195236,0.2550660163675943,2.0,moderate,False
748,surface_management,surface_smoothness,-19.539870835847847,-21.151311523725315,-1.6114406878774687,-0.5321256171716638,-0.33333333333333215,moderate,False
749,surface_management,surface_smoothness,-22.22774100899101,-17.29306143876036,4.934679570230649,1.62951663788016,0.3333333333333357,moderate,False
750,height_management,stack_height_management,-13.32261881879573,-13.726971916971918,-0.4043530981761876,-0.4924279029714057,-0.16666666666666785,moderate,False
751,surface_management,surface_smoothness,-16.070002128565346,-18.488646905808032,-2.4186447772426867,-0.7986783841883165,-0.1666666666666643,low/mixed,True
752,hole_management,hole_avoidance,-38.256867301227935,-40.85341614906832,-2.5965488478403884,-0.5679852827075031,-0.8333333333333321,high,False
753,hole_management,hole_avoidance,-34.32278663535616,-38.27317867317868,-3.9503920378225175,-0.8641333823834219,-2.5,moderate,False
754,hole_management,hole_avoidance,-39.83908165609778,-35.30687830687831,4.532203349219472,0.9914024158395319,0.0,high,False
755,height_management,stack_height_management,-13.366848941580125,-13.991349206349206,-0.6245002647690807,-0.7605267702223236,1.8333333333333321,low/mixed,True
756,hole_management,hole_avoidance,-38.37023500816326,-35.29911297019896,3.071122037964301,0.6717963809589855,2.5,high,False
757,height_management,stack_height_management,-13.444899930986887,-13.670320512820513,-0.22542058183362634,-0.2745209197100293,-1.6666666666666679,low/mixed,True
758,height_management,stack_height_management,-13.250900211270027,-13.06203013674278,0.18887007452724625,0.23000910628111532,-0.8333333333333357,moderate,False
759,hole_management,hole_avoidance,-32.878068929793066,-39.25363665389527,-6.375567724102204,-1.3946314313350525,-1.1666666666666679,moderate,False
760,surface_management,surface_smoothness,-18.09650162098438,-17.12806574609947,0.9684358748849107,0.3197942943175195,1.0,high,False
761,height_management,stack_height_management,-13.648865208599403,-13.070192379689395,0.5786728289100083,0.7047173594859509,0.16666666666666785,low/mixed,True
762,hole_management,hole_avoidance,-37.47960317460318,-34.37898844450569,3.1006147300974902,0.6782477963032443,-0.6666666666666643,low/mixed,True
763,hole_management,hole_avoidance,-34.94401459984294,-36.93716859102916,-1.993153991186226,-0.43599493000298317,0.16666666666666785,moderate,False
764,surface_management,surface_smoothness,-17.88322510822511,-20.51705001894657,-2.6338249107214615,-0.8697345900988754,-1.8333333333333321,high,False
765,height_management,stack_height_management,-12.762966354633022,-13.084439922895696,-0.3214735682626735,-0.39149583815318423,-0.16666666666666785,low/mixed,True
766,surface_management,surface_smoothness,-16.829800976543545,-20.32610377503556,-3.496302798492014,-1.154539722412697,-2.3333333333333357,low/mixed,True
767,height_management,stack_height_management,-13.70825901623003,-13.068210180623973,0.6400488356060574,0.77946207742286,0.33333333333333215,low/mixed,True
768,height_management,stack_height_management,-13.711315785663611,-12.991032261646954,0.7202835240166579,0.877173210434584,0.3333333333333357,high,False
769,hole_management,hole_avoidance,-37.29382851989707,-37.039097184212125,0.2547313356849443,0.05572152044580629,0.5,high,False
770,surface_management,surface_smoothness,-18.78378327998945,-18.07789572036884,0.70588755962061,0.23309629460310508,1.5,moderate,False
771,hole_management,hole_avoidance,-39.37222010328839,-34.7677711235588,4.6044489797295896,1.0072058754600972,1.1666666666666679,moderate,False
772,hole_management,hole_avoidance,-37.78487465280569,-38.57129086564571,-0.7864162128400167,-0.1720255851713359,2.0,high,False
773,surface_management,surface_smoothness,-20.547763376856118,-20.149112736849112,0.39865064000700556,0.13164134395105753,-0.16666666666666785,low/mixed,True
774,height_management,stack_height_management,-13.864126217314624,-13.804723307988862,0.059402909325761755,0.07234184726572736,-0.1666666666666643,low/mixed,True
775,surface_management,surface_smoothness,-18.14499509018975,-18.649680305858467,-0.5046852156687187,-0.1666557968192198,-3.333333333333332,moderate,False
776,surface_management,surface_smoothness,-19.1695485229968,-17.725118708452044,1.4444298145447547,0.47697573501025065,0.5,moderate,False
777,hole_management,hole_avoidance,-37.34112903225807,-33.78543355462154,3.555695477636526,0.7777949961414774,-2.3333333333333357,high,False
778,hole_management,hole_avoidance,-34.0580687511722,-38.029231283828985,-3.971162532656784,-0.8686768499134966,-0.5,moderate,False
779,surface_management,surface_smoothness,-18.439992283950616,-16.606765188834153,1.833227095116463,0.6053633290652273,1.6666666666666679,high,False
780,height_management,stack_height_management,-13.421760955094289,-13.025516456582633,0.3962444985116562,0.48255311594281713,2.5,moderate,False
781,surface_management,surface_smoothness,-19.381499607339187,-19.77904214559387,-0.3975425382546831,-0.13127542956570076,1.3333333333333321,moderate,False
782,height_management,stack_height_management,-13.248305633542703,-12.822268688102021,0.42603694544068205,0.5188348514651073,0.5,high,False
783,height_management,stack_height_management,-13.563074669257464,-13.603333915053057,-0.04025924579559259,-0.04902837661378781,-0.8333333333333321,high,False
784,height_management,stack_height_management,-13.797538410047176,-14.119941134134683,-0.3224027240875067,-0.3926273795125061,0.0,low/mixed,True
785,height_management,stack_height_management,-13.142732267732267,-13.746630591630591,-0.6038983238983242,-0.7354373852617881,-2.833333333333332,moderate,False
786,surface_management,surface_smoothness,-19.606513548180214,-18.28572261284905,1.3207909353311642,0.4361480362914087,-1.5,moderate,False
787,surface_management,surface_smoothness,-19.6754857756307,-20.287420188507145,-0.6119344128764439,-0.20207133875300132,0.0,low/mixed,True
788,surface_management,surface_smoothness,-17.0480417198808,-25.828183851797046,-8.780142131916246,-2.8993549597874635,-4.833333333333336,moderate,False
789,hole_management,hole_avoidance,-39.123819976585786,-35.03703596483167,4.086784011754119,0.8939686130731922,-1.3333333333333321,moderate,False
790,hole_management,hole_avoidance,-35.82888615216201,-43.8454534662868,-8.016567314124785,-1.7535939121823094,-1.0,low/mixed,True
791,surface_management,surface_smoothness,-17.15510989010989,-20.400812784490945,-3.245702894381054,-1.0717872949474028,0.5,moderate,False
792,surface_management,surface_smoothness,-21.294297295796547,-20.526227858293076,0.7680694375034705,0.25362982735688777,-2.666666666666668,high,False
793,height_management,stack_height_management,-13.763313908313908,-13.701589458247067,0.061724450066840575,0.07516905804746349,1.3333333333333357,moderate,False
794,height_management,stack_height_management,-13.669256756756756,-13.270558968201085,0.39869778855567084,0.48554077320871586,-3.0,moderate,False
795,height_management,stack_height_management,-13.090940966228322,-12.973556529959055,0.11738443626926731,0.1429527115144532,-1.3333333333333321,high,False
796,hole_management,hole_avoidance,-37.34753687396721,-33.813272634889245,3.534264239077963,0.7731069934098587,1.5,low/mixed,True
797,surface_management,surface_smoothness,-21.357115093247028,-20.136774241084584,1.220340852162444,0.40297767953970887,0.6666666666666679,low/mixed,True
798,surface_management,surface_smoothness,-21.028895406793957,-19.290621879550656,1.738273527243301,0.574008016836075,-2.666666666666668,low/mixed,True
799,hole_management,hole_avoidance,-37.538567966728884,-31.284269741274052,6.254298225454832,1.3681041851673892,-1.3333333333333357,moderate,False
800,hole_management,hole_avoidance,-37.22386349814511,-36.86265777645088,0.36120572169422616,0.0790123914374647,1.6666666666666679,low/mixed,True
801,hole_management,hole_avoidance,-38.44843186872172,-37.04463798159571,1.4037938871260067,0.30707462657807943,1.5,moderate,False
802,height_management,stack_height_management,-12.99334249084249,-13.391280864197531,-0.397938373355041,-0.4846159447941013,2.833333333333332,moderate,False
803,hole_management,hole_avoidance,-37.06693486590038,-38.964065656262946,-1.8971307903625672,-0.41499021641491907,0.33333333333333215,moderate,False
804,hole_management,hole_avoidance,-35.65936192330102,-37.13990576627673,-1.4805438429757132,-0.32386339040485707,-1.8333333333333321,high,False
805,height_management,stack_height_management,-13.446701691241921,-13.761920178586845,-0.3152184873449233,-0.38387829696668874,-1.0,moderate,False
806,hole_management,hole_avoidance,-38.94671124925675,-36.17914737431854,2.7675638749382117,0.6053941758982386,-0.16666666666666785,high,False
807,hole_management,hole_avoidance,-42.161904761904765,-35.08258377425044,7.079320987654327,1.5485748076314156,3.166666666666668,high,False
808,hole_management,hole_avoidance,-37.100839535707955,-39.05250548514916,-1.9516659494412067,-0.42691957710171785,1.8333333333333357,low/mixed,True
809,surface_management,surface_smoothness,-15.865430034270615,-16.904107098236597,-1.0386770639659826,-0.34298915117562,0.8333333333333321,high,False
810,surface_management,surface_smoothness,-18.021443932411675,-20.534791572949466,-2.5133476405377912,-0.8299509094248538,-0.16666666666666785,moderate,False
811,hole_management,hole_avoidance,-40.836626844290514,-41.19774042262548,-0.36111357833496527,-0.07899223542460827,-1.0,low/mixed,True
812,surface_management,surface_smoothness,-23.239484126984127,-22.375023813926788,0.8644603130573394,0.2854597634691375,2.5,high,False
813,hole_management,hole_avoidance,-36.632006589297944,-35.15109574333712,1.4809108459608211,0.3239436709258357,0.16666666666666785,moderate,False
814,surface_management,surface_smoothness,-19.40062874545633,-19.488167005408386,-0.08753825995205489,-0.0289066491578266,-0.33333333333333215,low/mixed,True
815,height_management,stack_height_management,-13.00076479076479,-12.807348360451808,0.1934164303129826,0.23554573368876927,0.33333333333333215,low/mixed,True
816,height_management,stack_height_management,-13.068392886889889,-13.133467553688142,-0.06507466679825313,-0.07924900749508802,3.0,low/mixed,True
817,hole_management,hole_avoidance,-37.36845571791808,-39.8414736804025,-2.4730179624844197,-0.5409633667129803,0.16666666666666785,low/mixed,True
818,hole_management,hole_avoidance,-39.23220418548259,-36.78309622277364,2.4491079627089434,0.5357331442993695,1.5,high,False
819,surface_management,surface_smoothness,-16.578228869895536,-19.84624322250759,-3.2680143526120524,-1.079154924777333,0.6666666666666679,moderate,False
820,height_management,stack_height_management,-13.47276683087028,-13.791634774929419,-0.3188679440591393,-0.3883226658236902,0.16666666666666785,high,False
821,hole_management,hole_avoidance,-35.20813573673403,-35.969588122605366,-0.7614523858713369,-0.16656484202758187,-3.833333333333332,moderate,False
822,surface_management,surface_smoothness,-24.390555555555554,-20.167895269906765,4.222660285648789,1.3943955415242644,1.6666666666666643,moderate,False
823,surface_management,surface_smoothness,-17.775728564502522,-18.666334872856613,-0.8906063083540907,-0.2940936238330438,0.0,low/mixed,True
824,hole_management,hole_avoidance,-40.900259072283546,-38.72746272366462,2.172796348618924,0.4752910192167553,-0.5,high,False
825,height_management,stack_height_management,-13.319844747283078,-12.422642396184063,0.8972023510990148,1.092627889548642,-1.0,high,False
826,height_management,stack_height_management,-13.073764342440489,-13.19426017150155,-0.1204958290610616,-0.14674181721116786,0.6666666666666679,moderate,False
827,surface_management,surface_smoothness,-18.148560606060606,-20.525844525844526,-2.3772839197839204,-0.7850203128937503,-2.833333333333332,low/mixed,True
828,surface_management,surface_smoothness,-18.8324651614285,-16.76940436031984,2.063060801108662,0.6812583983457724,-0.5,moderate,False
829,surface_management,surface_smoothness,-18.80577716290082,-16.85582827874182,1.9499488841589994,0.6439068848404326,0.5,low/mixed,True
830,surface_management,surface_smoothness,-18.36848544973545,-17.03557371747027,1.3329117322651776,0.44015053331016013,-1.1666666666666679,moderate,False
831,height_management,stack_height_management,-13.196626309033068,-12.667950969315912,0.5286753397171555,0.643829588703138,-2.1666666666666643,low/mixed,True
832,height_management,stack_height_management,-13.860732323232323,-12.866563899063898,0.994168424168425,1.2107147800320095,1.1666666666666679,moderate,False
833,surface_management,surface_smoothness,-19.878839588568916,-19.57514472108675,0.30369486748216445,0.10028530370774745,-1.3333333333333321,moderate,False
834,surface_management,surface_smoothness,-18.478626116327266,-17.39211192767737,1.0865141886498968,0.3587857980442519,-1.3333333333333321,moderate,False
835,surface_management,surface_smoothness,-18.199775533108866,-16.107834348495267,2.0919411846135993,0.69079520104185,-0.8333333333333357,moderate,False
836,hole_management,hole_avoidance,-36.50224969474969,-38.568799533799535,-2.0665498390498414,-0.45204999533828205,1.3333333333333357,low/mixed,True
837,height_management,stack_height_management,-13.27318662606019,-13.180594942691716,0.09259168336847345,0.11275968622321007,-0.16666666666666785,low/mixed,True
838,height_management,stack_height_management,-13.352421871239075,-13.368489102223082,-0.016067230984006642,-0.0195669401216363,-1.3333333333333357,low/mixed,True
839,hole_management,hole_avoidance,-40.00822708653354,-42.944972164914695,-2.9367450783811577,-0.6424019270700526,-1.3333333333333321,low/mixed,True
840,height_management,stack_height_management,-13.414912214222559,-13.365666437134735,0.049245777087824294,0.05997232332565988,-0.6666666666666679,high,False
841,height_management,stack_height_management,-14.423775612193904,-13.016755610290094,1.4070200019038097,1.7134922722279236,1.1666666666666679,moderate,False
842,hole_management,hole_avoidance,-35.5561338353005,-38.19555555555556,-2.639421720255058,-0.577363562102933,-0.6666666666666679,low/mixed,True
843,hole_management,hole_avoidance,-37.77519439287144,-38.40281746031746,-0.6276230674460166,-0.13729018257968437,-1.5,moderate,False
844,surface_management,surface_smoothness,-18.46703580901857,-18.266380889225715,0.20065491979285355,0.06625972884794243,-0.8333333333333321,low/mixed,True
845,height_management,stack_height_management,-12.596639278930946,-12.780615835777127,-0.18397655684618108,-0.22404969936495897,-1.0,moderate,False
846,hole_management,hole_avoidance,-39.77675756342423,-39.91393741786514,-0.13717985444090885,-0.030007576584279726,1.8333333333333321,low/mixed,True
847,height_management,stack_height_management,-13.791099962839093,-13.31915107973079,0.4719488831083023,0.5747471699040997,-2.333333333333332,high,False
848,hole_management,hole_avoidance,-36.158025531258524,-34.719402923598324,1.4386226076602,0.31469327804131214,0.8333333333333357,high,False
849,hole_management,hole_avoidance,-37.99769361073709,-32.62391428720029,5.3737793235367945,1.1754939911203255,3.833333333333332,high,False
850,hole_management,hole_avoidance,-42.16748706487212,-37.81652893536952,4.350958129502601,0.9517557065369544,-0.16666666666666785,low/mixed,True
851,height_management,stack_height_management,-13.344431696443191,-13.468893920043346,-0.12446222360015469,-0.1515721582028716,0.8333333333333357,high,False
852,height_management,stack_height_management,-13.555715197956577,-13.325209103832293,0.23050609412428358,0.2807141408430413,0.6666666666666679,high,False
853,height_management,stack_height_management,-13.130763465924757,-13.457688946799655,-0.32692548087489826,-0.39813526766894725,1.1666666666666679,low/mixed,True
854,height_management,stack_height_management,-12.767032720366053,-13.137367459432676,-0.37033473906662273,-0.4509997815735276,-0.8333333333333357,high,False
855,height_management,stack_height_management,-12.719125536946626,-13.244747683138488,-0.5256221461918624,-0.6401113590375133,-0.16666666666666785,moderate,False
856,surface_management,surface_smoothness,-17.96314484126984,-17.474377762099344,0.488767079170497,0.16139935252557594,2.0,high,False
857,height_management,stack_height_management,-13.060982905982906,-13.017194246791949,0.04378865919095709,0.05332655472800927,0.0,low/mixed,True
858,height_management,stack_height_management,-13.165945905414297,-13.965981070866128,-0.8000351654518312,-0.9742960808356858,-1.5,high,False
859,height_management,stack_height_management,-12.89323340240007,-13.629998386032868,-0.7367649836327992,-0.897244605048081,1.6666666666666679,low/mixed,True
860,hole_management,hole_avoidance,-38.791608984884846,-33.68820987654321,5.103399108341634,1.1163493372102447,-0.5,low/mixed,True
861,height_management,stack_height_management,-12.890910432830722,-13.066275039178265,-0.17536460634754292,-0.21356192335021917,3.8333333333333357,low/mixed,True
862,hole_management,hole_avoidance,-38.282549483296606,-36.33473895835965,1.9478105249369548,0.42607621750968616,1.1666666666666679,low/mixed,True
863,hole_management,hole_avoidance,-41.56390514678558,-37.82099613349613,3.7429090132894487,0.8187472520803316,-0.33333333333333215,high,False
864,hole_management,hole_avoidance,-33.017407407407404,-34.71409401119546,-1.6966866037880592,-0.37114380540929187,0.33333333333333215,moderate,False
865,surface_management,surface_smoothness,-19.39965271166606,-21.676078103900956,-2.276425392234895,-0.7517150807354748,-0.16666666666666785,moderate,False
866,hole_management,hole_avoidance,-38.256958596157105,-36.899646877269426,1.3573117188876793,0.29690682731265733,1.6666666666666679,moderate,False
867,surface_management,surface_smoothness,-17.77300723500946,-15.964948199494131,1.8080590355153277,0.597052400000933,0.16666666666666785,low/mixed,True
868,surface_management,surface_smoothness,-21.143281667685596,-16.210654989965334,4.932626677720261,1.6288387372274737,1.1666666666666679,moderate,False
869,surface_management,surface_smoothness,-20.075670498084293,-18.15015691408745,1.9255135839968425,0.6358379256305908,-1.8333333333333357,low/mixed,True
870,hole_management,hole_avoidance,-34.928010261343594,-36.848641975308645,-1.9206317139650508,-0.42013095495613545,0.6666666666666643,high,False
871,height_management,stack_height_management,-13.077266245063798,-13.544052823125474,-0.4667865780616758,-0.5684604292804348,-2.0,low/mixed,True
872,surface_management,surface_smoothness,-17.256278659611993,-19.706019347646276,-2.4497406880342822,-0.8089467923562198,-1.3333333333333321,high,False
873,hole_management,hole_avoidance,-39.5690293040293,-40.485669515669514,-0.9166402116402139,-0.20051159452769762,0.5,high,False
874,hole_management,hole_avoidance,-40.07224340978512,-36.44253994797473,3.6297034618103936,0.793983963989538,-1.5,moderate,False
875,height_management,stack_height_management,-13.40442599213214,-14.07341238882821,-0.6689863966960701,-0.814702718805192,1.3333333333333321,low/mixed,True
876,hole_management,hole_avoidance,-38.15046653144016,-36.72691206480093,1.4235544666392315,0.3113971789346885,0.5,moderate,False
877,height_management,stack_height_management,-12.791307102858827,-14.028492367572827,-1.2371852647140003,-1.506664715166305,1.5,moderate,False
878,hole_management,hole_avoidance,-38.066996594295446,-38.32964828381495,-0.262651689519501,-0.05745406802164172,-1.1666666666666643,moderate,False
879,surface_management,surface_smoothness,-17.392452455091135,-19.03818691844554,-1.6457344633544047,-0.5434500156295725,-0.5,moderate,False
880,surface_management,surface_smoothness,-17.659217577820776,-20.782908298597953,-3.1236907207771765,-1.031496762587234,0.8333333333333357,moderate,False
881,height_management,stack_height_management,-14.166866611005025,-12.993806008600224,1.1730606024048011,1.4285726388792832,-2.1666666666666643,moderate,False
882,surface_management,surface_smoothness,-20.187301142055702,-21.503819212188777,-1.3165180701330748,-0.4347370622185004,-0.33333333333333215,moderate,False
883,height_management,stack_height_management,-13.116910592322887,-12.876259256319226,0.24065133600366018,0.2930691845074336,-2.0,low/mixed,True
884,surface_management,surface_smoothness,-15.378696173366176,-18.806465166711845,-3.427768993345669,-1.1319086732931316,1.1666666666666679,high,False
885,height_management,stack_height_management,-12.887235915009528,-13.216187685286316,-0.3289517702767881,-0.40060291647759083,2.833333333333332,low/mixed,True
886,hole_management,hole_avoidance,-35.83072324104026,-36.959610121679084,-1.1288868806388237,-0.2469397541192909,-0.16666666666666785,moderate,False
887,surface_management,surface_smoothness,-17.168141582317308,-16.17497844484351,0.9931631374737968,0.3279596645759856,-0.5,high,False
888,surface_management,surface_smoothness,-20.76860229276896,-19.33419716792909,1.43440512483987,0.4736654088925748,3.0,high,False
889,surface_management,surface_smoothness,-17.65270244867946,-18.648061793279183,-0.9953593445997235,-0.32868489019620983,-3.0,high,False
890,hole_management,hole_avoidance,-34.381011904761905,-39.88988927738928,-5.508877372627374,-1.205046180623622,-2.833333333333332,moderate,False
891,hole_management,hole_avoidance,-40.05502492140173,-40.01538999527506,0.03963492612667352,0.008669990837982299,0.5,moderate,False
892,surface_management,surface_smoothness,-21.036877628544296,-18.4681831671415,2.568694461402796,0.8482273880025869,1.8333333333333321,moderate,False
893,height_management,stack_height_management,-13.266103006189214,-12.72729020979021,0.5388127963990037,0.6561751514249817,2.333333333333332,moderate,False
894,hole_management,hole_avoidance,-38.3756052376742,-37.882538013216546,0.49306722445765416,0.10785659861947637,2.5,low/mixed,True
895,hole_management,hole_avoidance,-38.85817805383023,-42.190744978388,-3.332566924557767,-0.728986465384984,0.5,low/mixed,True
896,hole_management,hole_avoidance,-38.69419501633863,-40.768208311998634,-2.074013295660002,-0.4536825983668071,0.5,low/mixed,True
897,height_management,stack_height_management,-13.167884145964653,-13.556738857273873,-0.3888547113092198,-0.47355371064107976,-2.666666666666668,moderate,False
898,height_management,stack_height_management,-12.46479295608606,-13.48614205717654,-1.0213491010904807,-1.2438158587635473,1.0,low/mixed,True
899,height_management,stack_height_management,-13.367685558092413,-13.51843838154183,-0.15075282344941776,-0.18358928632684593,0.6666666666666679,high,False
900,hole_management,hole_avoidance,-35.94111111111111,-36.33168590269883,-0.39057479158771713,-0.08543676488231056,0.1666666666666643,low/mixed,True
901,hole_management,hole_avoidance,-37.490567561841196,-38.34866488549284,-0.8580973236516414,-0.18770555823365326,1.6666666666666679,high,False
902,surface_management,surface_smoothness,-18.95437637241985,-17.27116910866911,1.6832072637507416,0.5558241831605637,0.33333333333333215,high,False
903,surface_management,surface_smoothness,-19.730752741650267,-19.480010683760685,0.2507420578895818,0.08279936910438263,-2.0,high,False
904,height_management,stack_height_management,-13.313369963369963,-13.309154719235364,0.004215244134599061,0.005133394152475847,-0.8333333333333321,high,False
905,hole_management,hole_avoidance,-42.47460172437184,-37.794919017763846,4.679682706607991,1.0236629699090267,-1.1666666666666679,moderate,False
906,surface_management,surface_smoothness,-17.897427079093745,-21.073974358974358,-3.1765472798806123,-1.048950913612509,-0.5,high,False
907,hole_management,hole_avoidance,-38.21242073338848,-31.329702266922094,6.8827184664663825,1.505568746462638,-0.5,moderate,False
908,hole_management,hole_avoidance,-36.16062610229277,-41.272396233329204,-5.111770131036437,-1.1181804669021869,-4.5,high,False
909,surface_management,surface_smoothness,-20.166493434194585,-21.833783790999487,-1.6672903568049016,-0.5505681448864059,0.6666666666666643,high,False
910,hole_management,hole_avoidance,-39.8247123015873,-40.310705659075225,-0.4859933574879278,-0.10630921685772865,0.33333333333333215,high,False
911,height_management,stack_height_management,-13.545688632355299,-12.811215538847119,0.7344730935081802,0.8944535032783718,-0.3333333333333357,high,False
912,height_management,stack_height_management,-13.51410866910867,-13.991177587844255,-0.4770689187355863,-0.5809824341284974,2.166666666666668,moderate,False
913,height_management,stack_height_management,-13.105917411664539,-13.595471956359054,-0.4895545446945153,-0.5961876363044475,2.3333333333333357,low/mixed,True
914,height_management,stack_height_management,-13.761045553411144,-13.861626644959978,-0.10058109154883432,-0.12248931988740783,0.16666666666666785,low/mixed,True
915,surface_management,surface_smoothness,-18.288711652008754,-19.432738095238093,-1.1440264432293397,-0.3777773403288954,3.5,low/mixed,True
916,hole_management,hole_avoidance,-33.3633226584981,-40.649733560926094,-7.2864109024279955,-1.5938749466549604,0.0,high,False
917,hole_management,hole_avoidance,-37.35328863346105,-40.307630918464255,-2.9543422850032073,-0.6462512497532751,-0.8333333333333321,moderate,False
918,height_management,stack_height_management,-13.46026850331448,-13.681720430107527,-0.22145192679304593,-0.26968782584215845,-1.0,low/mixed,True
919,hole_management,hole_avoidance,-42.23982054212302,-34.53760822510822,7.702212317014798,1.6848299403230718,0.5,high,False
920,hole_management,hole_avoidance,-39.733942781356575,-41.70704642579643,-1.9731036444398526,-0.4316089921552919,-0.1666666666666643,low/mixed,True
921,height_management,stack_height_management,-13.629763585677564,-13.920619806032247,-0.2908562203546836,-0.35420952455034393,1.0,moderate,False
922,hole_management,hole_avoidance,-37.31033893106357,-39.06581556799948,-1.75547663693591,-0.38400390377626015,0.5,moderate,False
923,height_management,stack_height_management,-14.312696820088124,-13.51308936545552,0.7996074546326035,0.9737752075129873,1.1666666666666679,moderate,False
924,hole_management,hole_avoidance,-38.03761736403304,-37.85489137299482,0.18272599103821818,0.039970622453019536,2.333333333333332,high,False
925,hole_management,hole_avoidance,-36.438607103836986,-40.550824175824175,-4.112217071987189,-0.8995319992265518,-2.0,moderate,False
926,hole_management,hole_avoidance,-44.53462370962371,-38.02127972921076,6.513343980412948,1.4247694685825034,1.5,moderate,False
927,hole_management,hole_avoidance,-33.33228188903476,-34.10932844932845,-0.7770465602936909,-0.16997600895988807,0.16666666666666785,low/mixed,True
928,hole_management,hole_avoidance,-43.76542328042328,-39.75243834126893,4.01298493915435,0.8778253438452728,1.1666666666666679,moderate,False
929,surface_management,surface_smoothness,-18.50666477386166,-16.314174971919687,2.1924898019419743,0.723998095479183,0.6666666666666679,high,False
930,hole_management,hole_avoidance,-42.11964285714286,-40.59116687192118,1.5284759852216752,0.3343483660243192,2.5,low/mixed,True
931,hole_management,hole_avoidance,-35.500025045081145,-37.060163415766866,-1.5601383706857206,-0.3412743936143441,1.0,high,False
932,surface_management,surface_smoothness,-20.32658966427935,-19.319911445376214,1.0066782189031365,0.332422578477077,0.0,high,False
933,height_management,stack_height_management,-13.347059037242575,-13.236827388063947,0.11023164917862793,0.1342419288758848,-1.3333333333333321,low/mixed,True
934,hole_management,hole_avoidance,-39.8473738851728,-34.875206010549626,4.9721678746231746,1.087642999008432,0.0,moderate,False
935,surface_management,surface_smoothness,-17.63782105986407,-21.776979007582455,-4.139157947718385,-1.3668216236998239,-1.0,high,False
936,hole_management,hole_avoidance,-31.78160275820871,-36.63581375521031,-4.854210997001598,-1.061840376215909,-2.666666666666668,high,False
937,surface_management,surface_smoothness,-16.98459921304749,-18.461275116758987,-1.4766759037114987,-0.487623951992923,-0.1666666666666643,high,False
938,hole_management,hole_avoidance,-31.189744306087697,-38.27849952516619,-7.088755219078493,-1.550638510229208,-2.333333333333332,low/mixed,True
939,height_management,stack_height_management,-12.90880230880231,-13.030811965811965,-0.12200965700965583,-0.14858538197065177,0.16666666666666785,low/mixed,True
940,surface_management,surface_smoothness,-16.65486381473242,-17.77075179768027,-1.11588798294785,-0.3684855335275727,-2.666666666666668,high,False
941,surface_management,surface_smoothness,-21.910414766161892,-18.625065576186266,3.2853491899756264,1.0848791882268383,-0.1666666666666643,low/mixed,True
942,surface_management,surface_smoothness,-17.912949838674475,-20.230569923371647,-2.3176200846971717,-0.7653182814710594,1.3333333333333357,low/mixed,True
943,height_management,stack_height_management,-13.185806339254615,-12.945804255610291,0.24000208364432396,0.29227851422631246,1.5,low/mixed,True
944,surface_management,surface_smoothness,-18.19888596910336,-17.299139545637235,0.8997464234661265,0.29711184810378527,0.8333333333333321,moderate,False
945,hole_management,hole_avoidance,-33.80598482063536,-40.11718831231252,-6.311203491677162,-1.3805519978668184,-0.6666666666666679,moderate,False
946,hole_management,hole_avoidance,-38.88732363315697,-44.44061491039712,-5.553291277240156,-1.2147615550093633,0.1666666666666643,high,False
947,hole_management,hole_avoidance,-37.63286378372585,-30.16799935909131,7.464864424634541,1.632910982639778,-0.16666666666666785,low/mixed,True
948,height_management,stack_height_management,-13.039249762583097,-12.52317032386691,0.5160794387161864,0.6284900917537662,-0.6666666666666679,high,False
949,hole_management,hole_avoidance,-39.28997184616955,-32.58716884435275,6.702803001816797,1.4662129160736044,-0.5,high,False
950,surface_management,surface_smoothness,-18.34261211145269,-19.42612182411033,-1.0835097126576372,-0.3577936680492197,2.5,high,False
951,hole_management,hole_avoidance,-33.40257147067492,-36.03282577761745,-2.6302543069425255,-0.5753582249623104,0.0,low/mixed,True
952,surface_management,surface_smoothness,-18.534398400731362,-22.51599289214413,-3.9815944914127677,-1.3147914422224263,-2.833333333333332,low/mixed,True
953,hole_management,hole_avoidance,-30.83898957272729,-39.36085560074135,-8.521866028014063,-1.8641261030551468,-1.5,low/mixed,True
954,height_management,stack_height_management,-13.469344598054276,-13.133555560818492,0.33578903723578435,0.40892945347176807,1.3333333333333357,low/mixed,True
955,hole_management,hole_avoidance,-39.20085804158268,-36.85803540284816,2.3428226387345177,0.5124836299158897,3.666666666666668,moderate,False
956,height_management,stack_height_management,-12.991813794974714,-13.292806969531107,-0.3009931745563925,-0.3665544753435481,1.6666666666666679,high,False
957,hole_management,hole_avoidance,-39.34069325735992,-38.720933387600056,0.6197598697598679,0.13557013769608173,-1.3333333333333321,low/mixed,True
958,hole_management,hole_avoidance,-35.874519695756256,-35.49164000077979,0.38287969497646657,0.08375349147582797,1.1666666666666643,high,False
959,hole_management,hole_avoidance,-39.383742781760255,-36.2346251356668,3.149117646093451,0.6888576265311706,-0.33333333333333215,moderate,False
960,hole_management,hole_avoidance,-33.431508658699755,-33.74439950481617,-0.31289084611641726,-0.06844369434291017,0.3333333333333357,high,False
961,hole_management,hole_avoidance,-34.54346080571571,-39.628679136955,-5.08521833123929,-1.1123723606819942,-1.8333333333333321,high,False
962,hole_management,hole_avoidance,-37.540435371080534,-42.72485348835924,-5.184418117278703,-1.134071940324019,-2.166666666666668,low/mixed,True
963,surface_management,surface_smoothness,-21.85693621804115,-21.008330643388113,0.8486055746530354,0.2802242543238409,0.16666666666666785,high,False
964,hole_management,hole_avoidance,-35.70106456043956,-40.23487623487623,-4.53381167443667,-0.9917542309243649,-1.1666666666666679,low/mixed,True
965,hole_management,hole_avoidance,-37.502194284802044,-41.38257098504943,-3.880376700247389,-0.8488177909438284,-1.3333333333333321,low/mixed,True
966,surface_management,surface_smoothness,-16.65470867176466,-15.451308620510783,1.203400051253876,0.39738353375037316,2.5,high,False
967,height_management,stack_height_management,-13.314330484330485,-13.357354836521504,-0.04302435219101852,-0.052395768999140876,0.0,low/mixed,True
968,surface_management,surface_smoothness,-17.49971980469232,-17.911593483561248,-0.411873678868929,-0.13600782033968212,-1.3333333333333357,high,False
969,surface_management,surface_smoothness,-18.0768255188645,-17.751647144859973,0.3251783740045262,0.10737952954753366,2.5,high,False
970,hole_management,hole_avoidance,-32.88895215090867,-35.08106939356939,-2.1921172426607214,-0.47951739203220206,-2.5,low/mixed,True
971,surface_management,surface_smoothness,-19.12036737772032,-18.42346661245143,0.6969007652688894,0.23012869950216286,0.5,high,False
972,height_management,stack_height_management,-13.198840048840049,-13.894094817965785,-0.6952547691257358,-0.8466927780092788,0.5,high,False
973,hole_management,hole_avoidance,-39.495670498084294,-36.27665606307616,3.219014435008134,0.7041472858977073,2.0,moderate,False
974,hole_management,hole_avoidance,-42.175252892577696,-37.49572310405644,4.679529788521258,1.0236295196533933,1.8333333333333321,low/mixed,True
975,surface_management,surface_smoothness,-17.079968095546246,-15.7641973502209,1.315770745325345,0.4344902826270873,-1.5,high,False
976,surface_management,surface_smoothness,-18.60130575307046,-19.03452392647795,-0.43321817340748936,-0.14305614201542985,-0.5,high,False
977,hole_management,hole_avoidance,-39.91969611034127,-35.097885447885446,4.821810662455825,1.0547529250431322,1.3333333333333321,high,False
978,hole_management,hole_avoidance,-33.36321136223806,-35.499356677804954,-2.1361453155668926,-0.4672737437524812,-2.666666666666668,low/mixed,True
979,hole_management,hole_avoidance,-40.332317214283236,-39.08704517704518,1.2452720372380597,0.27239856885676644,-1.3333333333333321,moderate,False
980,hole_management,hole_avoidance,-36.52484504896908,-40.79566267066267,-4.270817621693595,-0.9342252722367949,-2.6666666666666643,high,False
981,surface_management,surface_smoothness,-17.524374327633737,-22.768957096543303,-5.2445827689095665,-1.7318520400460948,-1.8333333333333357,moderate,False
982,surface_management,surface_smoothness,-17.53122476714431,-17.316743599099922,0.21448116804438655,0.07082539542156382,-1.0,moderate,False
983,surface_management,surface_smoothness,-20.11870101986044,-20.659674513704687,-0.5409734938442483,-0.1786388146029429,1.3333333333333321,moderate,False
984,surface_management,surface_smoothness,-20.292778246865577,-17.596159533520492,2.696618713345085,0.8904701909975118,1.1666666666666643,moderate,False
985,height_management,stack_height_management,-12.798787094547965,-13.583501178703578,-0.7847140841556133,-0.9556378141673204,2.0,moderate,False
986,surface_management,surface_smoothness,-18.71333563423567,-21.53642431429788,-2.8230886800622095,-0.9322327638301936,-0.1666666666666643,low/mixed,True
987,hole_management,hole_avoidance,-35.20174444116973,-37.157810163510945,-1.956065722341215,-0.4278820108554824,0.6666666666666679,high,False
988,hole_management,hole_avoidance,-35.77745910113726,-33.29887510339123,2.4785839977460284,0.5421809159665806,2.5,low/mixed,True
989,surface_management,surface_smoothness,-20.641443613171457,-20.812367395023646,-0.17092378185218848,-0.056441992306406584,-0.6666666666666643,high,False
990,surface_management,surface_smoothness,-20.352981701940035,-18.412074304379413,1.940907397560622,0.6409212294126501,1.6666666666666679,moderate,False
991,surface_management,surface_smoothness,-19.503720238095237,-18.66681643625192,0.8369038018433166,0.2763601263263184,1.8333333333333321,moderate,False
992,surface_management,surface_smoothness,-17.0773954653265,-20.6301977343644,-3.552802269037901,-1.1731968258731431,-0.33333333333333215,high,False
993,hole_management,hole_avoidance,-37.08597598522167,-38.8319143777987,-1.745938392577024,-0.3819174487406766,0.16666666666666785,moderate,False
994,surface_management,surface_smoothness,-17.96250039601197,-20.89727098571926,-2.9347705897072913,-0.9691120641630384,0.1666666666666643,moderate,False
995,hole_management,hole_avoidance,-34.91773227969349,-36.0581490015361,-1.1404167218426124,-0.24946186346499158,-2.166666666666668,low/mixed,True
996,height_management,stack_height_management,-13.260457963739388,-13.026474358974358,0.23398360476502944,0.2849491109226747,-1.1666666666666679,low/mixed,True
997,height_management,stack_height_management,-13.292969276094276,-14.08723817476691,-0.7942688986726338,-0.967273825606627,1.0,high,False
998,surface_management,surface_smoothness,-17.55865003052503,-20.252843915343917,-2.694193884818887,-0.889669470632347,-1.6666666666666679,low/mixed,True
999,height_management,stack_height_management,-13.327622425346465,-12.896536240808167,0.43108618453829806,0.5249838985025975,0.5,high,False
